-- phpMyAdmin SQL Dump
-- version 5.0.3
-- https://www.phpmyadmin.net/
--
-- Hôte : localhost
-- Généré le : lun. 20 fév. 2023 à 11:35
-- Version du serveur :  10.4.14-MariaDB
-- Version de PHP : 7.2.34

SET SQL_MODE = "NO_AUTO_VALUE_ON_ZERO";
START TRANSACTION;
SET time_zone = "+00:00";


/*!40101 SET @OLD_CHARACTER_SET_CLIENT=@@CHARACTER_SET_CLIENT */;
/*!40101 SET @OLD_CHARACTER_SET_RESULTS=@@CHARACTER_SET_RESULTS */;
/*!40101 SET @OLD_COLLATION_CONNECTION=@@COLLATION_CONNECTION */;
/*!40101 SET NAMES utf8mb4 */;

--
-- Base de données : `gestcom_db`
--

-- --------------------------------------------------------

--
-- Structure de la table `approvisionnements`
--

CREATE TABLE `approvisionnements` (
  `id` int(11) NOT NULL,
  `entree_id` int(11) NOT NULL,
  `article_id` int(11) NOT NULL,
  `pa` int(11) NOT NULL,
  `quantite` double NOT NULL,
  `statut` tinyint(1) NOT NULL DEFAULT 1
) ENGINE=InnoDB DEFAULT CHARSET=latin1;

--
-- Déchargement des données de la table `approvisionnements`
--

INSERT INTO `approvisionnements` (`id`, `entree_id`, `article_id`, `pa`, `quantite`, `statut`) VALUES
(3, 3, 2, 0, 10, 1),
(4, 5, 58, 0, 15, 1),
(5, 6, 1, 0, 5, 1),
(6, 7, 1, 0, 4, 1),
(7, 8, 2, 150000, 2, 1),
(8, 8, 6, 170000, 7, 1),
(9, 9, 4, 40000, 4, 1),
(10, 9, 12, 470000, 7, 1),
(11, 10, 7, 20000, 5, 1),
(12, 10, 15, 35000, 7, 1),
(13, 11, 349, 40000, 5, 1),
(14, 11, 350, 60000, 3, 1),
(15, 11, 53, 60000, 5, 1),
(16, 12, 45, 40000, 1, 1),
(17, 13, 53, 40000, 1, 1),
(18, 14, 269, 5000, 3, 1),
(19, 15, 298, 5000, 3, 1),
(20, 16, 15, 150000, 1, 1),
(21, 17, 53, 40000, 1, 1),
(22, 18, 52, 30000, 1, 1),
(23, 19, 52, 30000, 1, 1),
(24, 20, 54, 40000, 1, 1),
(25, 20, 54, 40000, 1, 1),
(26, 21, 87, 10000, 3, 1),
(27, 22, 52, 30000, 1, 1),
(28, 23, 92, 60000, 1, 1),
(30, 25, 374, 17408534, 1, 1),
(31, 26, 50, 25000, 1, 1),
(32, 26, 52, 30000, 1, 1),
(33, 27, 52, 30000, 2, 1),
(34, 28, 55, 40000, 2, 1),
(35, 29, 93, 25000, 2, 1),
(36, 30, 55, 40000, 4, 1),
(37, 30, 52, 30000, 8, 1),
(38, 30, 183, 25000, 2, 1),
(39, 31, 54, 55000, 1, 1),
(40, 32, 50, 25000, 1, 1),
(41, 33, 93, 2500, 2, 1),
(42, 34, 399, 50000, 1, 1),
(43, 35, 92, 60000, 1, 1),
(44, 35, 98, 8000, 10, 1),
(45, 35, 147, 800, 20, 1),
(46, 36, 404, 400000, 4, 1),
(47, 37, 60, 2500, 14, 1),
(48, 38, 52, 30000, 2, 1),
(49, 39, 324, 400000, 1, 1),
(50, 40, 324, 400000, 1, 1),
(51, 41, 85, 7500, 3, 1),
(52, 41, 87, 10000, 3, 1),
(53, 41, 90, 15000, 3, 1),
(54, 42, 147, 600, 15, 1),
(55, 42, 152, 2000, 31, 1),
(56, 43, 215, 4000, 17, 1),
(57, 43, 218, 5000, 4, 1),
(58, 44, 399, 50000, 1, 1),
(59, 44, 87, 10000, 3, 1),
(60, 45, 51, 25000, 1, 1),
(61, 45, 53, 35000, 1, 1),
(62, 46, 87, 25000, 8, 1),
(63, 47, 53, 60000, 3, 1),
(64, 48, 52, 25000, 5, 1),
(65, 49, 54, 110000, 10, 1),
(66, 50, 87, 10000, 3, 1),
(67, 50, 90, 15000, 3, 1),
(68, 50, 97, 25000, 1, 1),
(69, 51, 55, 30000, 2, 1),
(70, 51, 52, 30000, 3, 1),
(71, 52, 399, 120000, 1, 1),
(72, 52, 262, 1500, 21, 1),
(73, 52, 254, 1500, 16, 1),
(74, 53, 95, 30000, 2, 1),
(75, 54, 256, 2000, 21, 1),
(76, 55, 29, 550000, 1, 1),
(77, 56, 50, 290, 0, 1),
(78, 57, 54, 80000, 3, 1),
(79, 58, 87, 25000, 5, 1),
(80, 59, 51, 52500, 2, 1),
(81, 59, 54, 50000, 1, 1),
(82, 59, 50, 45000, 1, 1),
(83, 60, 416, 11000, 1, 1),
(84, 60, 323, 75000, 3, 1),
(85, 61, 87, 25000, 7, 1),
(86, 62, 179, 5000, 11, 1),
(87, 63, 24, 800000, 2, 1),
(88, 64, 321, 330000, 4, 1),
(89, 64, 40, 700000, 1, 1),
(90, 64, 35, 350000, 1, 1),
(91, 64, 416, 20000, 5, 1),
(92, 65, 28, 125000, 2, 1),
(93, 65, 29, 130000, 2, 1),
(94, 65, 23, 130000, 2, 1),
(95, 65, 32, 310000, 1, 1),
(96, 65, 27, 370000, 1, 1),
(97, 65, 16, 100000, 2, 1),
(98, 65, 351, 125, 2, 1),
(99, 66, 15, 160000, 1, 1),
(100, 67, 55, 50000, 1, 1),
(101, 68, 23, 700000, 1, 1),
(102, 69, 253, 500, 28, 1),
(103, 69, 254, 700, 29, 1),
(104, 69, 297, 5000, 2, 1),
(105, 69, 285, 5000, 3, 1),
(106, 70, 71, 105000, 4, 1),
(107, 71, 367, 30000, 1, 1),
(108, 72, 183, 7500, 20, 1),
(109, 72, 185, 7500, 20, 1),
(110, 72, 188, 7500, 20, 1),
(111, 72, 190, 3800, 42, 1),
(112, 72, 191, 3800, 36, 1),
(113, 72, 450, 12000, 6, 1),
(114, 72, 451, 12000, 6, 1),
(115, 72, 452, 12000, 6, 1),
(116, 73, 71, 110000, 1, 1),
(117, 74, 183, 75000, 4, 1),
(118, 75, 72, 67500, 4, 1),
(119, 76, 55, 50000, 3, 1),
(120, 77, 97, 50000, 1, 1),
(121, 78, 87, 20000, 6, 1),
(122, 78, 399, 100000, 2, 1),
(123, 79, 444, 25000, 1, 1),
(124, 79, 446, 35000, 1, 1),
(125, 80, 55, 50000, 2, 1),
(126, 81, 55, 60000, 2, 1),
(127, 82, 68, 75000, 7, 1),
(128, 83, 449, 30000, 5, 1),
(129, 83, 381, 50000, 3, 1),
(130, 84, 51, 75000, 10, 1),
(131, 85, 50, 45000, 1, 1),
(132, 86, 51, 75000, 10, 1),
(133, 87, 16, 180000, 2, 1),
(134, 87, 135, 20000, 2, 1),
(135, 88, 89, 30000, 5, 1),
(136, 88, 91, 30000, 5, 1),
(137, 89, 16, 180000, 2, 1),
(138, 90, 97, 25000, 4, 1),
(139, 90, 399, 50000, 2, 1),
(140, 91, 14, 125000, 1, 1),
(141, 92, 53, 45000, 1, 1),
(142, 93, 414, 250000, 4, 1),
(143, 94, 72, 75000, 1, 1),
(144, 94, 72, 100000, 1, 1),
(145, 95, 35, 500000, 1, 1),
(146, 96, 51, 55000, 5, 1),
(147, 97, 449, 40000, 3, 1),
(148, 98, 73, 220000, 1, 1),
(149, 99, 161, 30000, 5, 1),
(150, 100, 285, 500, 100, 1),
(151, 100, 491, 5000, 20, 1),
(152, 101, 89, 30000, 2, 1),
(153, 101, 86, 20000, 2, 1),
(154, 101, 91, 30000, 2, 1),
(155, 102, 53, 45000, 5, 1),
(156, 103, 414, 300000, 2, 1),
(157, 104, 53, 45000, 5, 1),
(158, 105, 51, 45000, 4, 1),
(159, 105, 55, 50000, 1, 1),
(160, 106, 51, 45000, 4, 1),
(161, 106, 55, 50000, 1, 1),
(162, 107, 51, 45000, 4, 1),
(163, 108, 456, 30000, 3, 1),
(164, 108, 399, 50000, 1, 1),
(165, 109, 508, 1500000, 1, 1),
(166, 110, 54, 65000, 1, 1),
(167, 111, 37, 550000, 1, 1),
(168, 111, 38, 600000, 1, 1),
(169, 111, 40, 750000, 1, 1),
(170, 112, 53, 45000, 4, 1),
(171, 113, 50, 29500, 50, 1),
(172, 113, 51, 35000, 25, 1),
(173, 113, 53, 39500, 25, 1),
(174, 113, 54, 37000, 25, 1),
(175, 113, 55, 28000, 10, 1),
(176, 114, 51, 45000, 1, 1),
(177, 115, 399, 50000, 2, 1),
(178, 116, 149, 500, 30, 1),
(179, 116, 151, 1000, 30, 1),
(180, 117, 399, 50000, 1, 1),
(181, 117, 399, 50000, 1, 1),
(182, 118, 318, 15000, 8, 1),
(183, 119, 89, 30000, 1, 1),
(184, 120, 53, 40000, 5, 1),
(185, 121, 318, 15000, 3, 1),
(186, 121, 318, 15000, 5, 1),
(187, 122, 91, 70000, 3, 1),
(188, 123, 72, 120000, 1, 1),
(189, 124, 521, 5500, 40, 1),
(190, 125, 15, 150000, 4, 1),
(191, 125, 16, 150000, 2, 1),
(192, 125, 17, 175000, 2, 1),
(193, 125, 17, 35000, 2, 1),
(194, 125, 40, 1000000, 2, 1),
(195, 125, 351, 150000, 4, 1),
(196, 126, 183, 7500, 20, 1),
(197, 126, 185, 7500, 20, 1),
(198, 126, 188, 7500, 20, 1),
(199, 126, 189, 7500, 20, 1),
(200, 126, 195, 12000, 12, 1),
(201, 127, 541, 250000, 1, 1);

-- --------------------------------------------------------

--
-- Structure de la table `articles`
--

CREATE TABLE `articles` (
  `id` int(11) NOT NULL,
  `name` varchar(100) NOT NULL,
  `pv` int(11) NOT NULL DEFAULT 0,
  `quantite` double NOT NULL DEFAULT 0,
  `actif` tinyint(1) NOT NULL DEFAULT 1,
  `reference` varchar(100) DEFAULT NULL,
  `ean13` varchar(50) DEFAULT NULL,
  `seuilmin` int(11) NOT NULL DEFAULT 0,
  `seuilmax` int(11) NOT NULL DEFAULT 0,
  `photo` varchar(50) DEFAULT NULL,
  `etat` tinyint(1) NOT NULL DEFAULT 1,
  `category_id` int(11) NOT NULL DEFAULT 0
) ENGINE=InnoDB DEFAULT CHARSET=latin1;

--
-- Déchargement des données de la table `articles`
--

INSERT INTO `articles` (`id`, `name`, `pv`, `quantite`, `actif`, `reference`, `ean13`, `seuilmin`, `seuilmax`, `photo`, `etat`, `category_id`) VALUES
(2, 'COMPRESSEUR 12000BTU R22 220V', 100000, 28, 1, '', '', 5, 20, '', 0, 2),
(3, 'COMPRESSEUR 18000BTU R22 220V', 120000, 6, 1, '', '', 0, 0, '', 0, 2),
(4, 'COMPRESSEUR 24000BTU R22 220V', 225000, 12, 1, '', '', 0, 0, '', 0, 2),
(5, 'COMPRESSEUR 9000BTU R407 220V', 120000, 10, 1, '', '', 0, 0, '', 0, 2),
(6, 'COMPRESSEUR 12000BTU R407C 220V', 140000, 3, 1, '', '', 0, 0, '', 0, 2),
(7, 'COMPRESSEUR 18000BTU R407C 220V', 170000, 10, 1, '', '', 0, 0, '', 0, 2),
(8, 'COMPRESSEUR 24000BTU R407C 220V', 275000, 10, 1, '', '', 0, 0, '', 0, 2),
(9, 'COMPRESSEUR 9000BTU R410A 220V', 150000, 21, 1, '', '', 0, 0, '', 0, 2),
(10, 'COMPRESSEUR 12000BTU R410A 220V', 175000, 15, 1, '', '', 0, 0, '', 0, 2),
(11, 'COMPRESSEUIR 18000BTU R410A 220V', 225000, 1, 1, '', '', 0, 0, '', 0, 2),
(12, 'COMPRESSEUR 24000BTU R410A 220V -240V 50-60HZ', 285000, 7, 1, '', '', 0, 0, '', 0, 2),
(13, 'COMPRESSEUR COPELAND SCROLL   ZR36  338V ', 375000, 2, 1, '', '', 0, 0, '', 0, 2),
(14, 'COMPRESSEUR COPELAND SCROLL   4HP 330V', 400000, 5, 1, '', '', 0, 0, '', 0, 2),
(15, 'COMPRESSEUR COPELAND SCROLL   5HP 330V', 450000, 8, 1, '', '', 0, 0, '', 0, 2),
(16, 'COMPRESSEUR COPELAND SCROLL   6HP 380V', 550000, 10, 1, '', '', 0, 0, '', 0, 2),
(17, 'COMPRESSEUR COPELAND SCROLL   8HP 330V', 900000, 3, 1, '', '', 0, 0, '', 0, 2),
(18, 'COMPRESSEUR COPELAND SCROLL   10HP 380V', 1400000, 1, 1, '', '', 0, 0, '', 0, 2),
(19, 'COMPRESSEUR COPELAND SCROLL   12HP 330V', 1600000, 1, 1, '', '', 0, 0, '', 0, 2),
(20, 'COMPRESSEUR DANFOSS MANEUROP MT32', 450000, 0, 1, '', '', 0, 0, '', 0, 2),
(21, 'COMPRESSEUR DANFOSS MANEUROP MT36', 475000, 5, 1, '', '', 0, 0, '', 0, 2),
(22, 'COMPRESSEUR DANFOSS MANEUROP MT40', 500000, 0, 1, '', '', 0, 0, '', 0, 2),
(23, 'COMPRESSEUR DANFOSS MANEUROP MT64', 700000, 2, 1, '', '', 0, 0, '', 0, 2),
(24, 'COMPRESSEUR DANFOSS MANEUROP MT80', 1000000, 0, 1, '', '', 0, 0, '', 0, 2),
(25, 'COMPRESSEUR DANFOSS MANEUROP MT100', 1200000, 0, 1, '', '', 0, 0, '', 0, 2),
(26, 'COMPRESSEUR DANFOSS MANEUROP MT125', 1300000, 0, 1, '', '', 0, 0, '', 0, 2),
(27, 'COMPRESSEUR DANFOSS MANEUROP MT160', 1700000, 1, 1, '', '', 0, 0, '', 0, 2),
(28, 'COMPRESSEUR DANFOSS MANEUROP MTZ36', 500000, 2, 1, '', '', 0, 0, '', 0, 2),
(29, 'COMPRESSEUR DANFOSS MANEUROP MTZ40', 600000, 2, 1, '', '', 0, 0, '', 0, 2),
(30, 'COMPRESSEUR DANFOSS MANEUROP MTZ64', 1000000, 0, 1, '', '', 0, 0, '', 0, 2),
(31, 'COMPRESSEUR DANFOSS MANEUROP MTZ80', 1400000, 4, 1, '', '', 0, 0, '', 0, 2),
(32, 'COMPRESSEUR DANFOSS MANEUROP MTZ125', 1500000, 0, 1, '', '', 0, 0, '', 0, 2),
(33, 'COMPRESSEUR SEMI-HERMETIC-BITER  4HP', 2000000, 0, 1, '', '', 0, 0, '', 0, 2),
(34, 'COMPRESSEUR SEMI-HERMETIC-BITER  5HP', 2000000, 0, 1, '', '', 0, 0, '', 0, 2),
(35, 'COMPRESSEUR SEMI-HERMETIC-BITER  6HP', 2200000, 2, 1, '', '', 0, 0, '', 0, 2),
(36, 'COMPRESSEUR SEMI-HERMETIC-BITER  12HP', 3500000, 1, 1, '', '', 0, 0, '', 0, 2),
(37, 'COMPRESSEUR SEMI-HERMETIC-BITER  15HP', 4000000, 1, 1, '', '', 0, 0, '', 0, 2),
(38, 'COMPRESSEUR SEMI-HERMETIC-BITER  20HP', 4500000, 1, 1, '', '', 0, 0, '', 0, 2),
(39, 'COMPRESSEUR SEMI-HERMETIC-BITER  25HP', 4700000, 0, 1, '', '', 0, 0, '', 0, 2),
(40, 'COMPRESSEUR SEMI-HERMETIC-BITER  30HP', 6000000, 2, 1, '', '', 0, 0, '', 0, 2),
(41, 'COMPRESSEUR SEMI-HERMETIC-BITER  35HP', 6500000, 0, 1, '', '', 0, 0, '', 0, 2),
(42, 'COMPRESSEUR EMBRACO 1/6', 75000, 7, 1, '', '', 0, 0, '', 0, 2),
(43, 'COMPRESSEUR EMBRACO 1/5', 85000, 1, 1, '', '', 0, 0, '', 0, 2),
(44, 'COMPRESSEUR EMBRACO 1/4', 90000, 9, 1, '', '', 0, 0, '', 0, 2),
(45, 'COMPRESSEUR EMBRACO 1/2', 140000, 4, 1, '', '', 0, 0, '', 0, 2),
(46, 'COMPRESSEUR EMBRACO 1HP', 275000, 0, 1, '', '', 0, 0, '', 0, 2),
(47, 'COMPRESSEUR EMBRACO 1/3', 100000, 8, 1, '', '', 0, 0, '', 0, 2),
(48, 'COMPRESSEUR EMBRACO 3/4', 225000, -1, 1, '', '', 0, 0, '', 0, 2),
(49, 'COMPRESSEUR EMBRACO 1.5HP', 325000, -8, 1, '', '', 0, 0, '', 0, 2),
(50, 'BONBONNE DE GAZ R22 13.6KG', 45000, 21, 1, '', '', 0, 0, '', 0, 5),
(51, 'BONBONNE DE GAZ R407C 11.35KG', 75000, -1, 1, '', '', 0, 0, '', 0, 5),
(52, 'BONBONNE DE GAZ R410A 11.35KG', 110000, -25, 1, '', '', 0, 0, '', 0, 5),
(53, 'BONBONNE DE GAZ  R134A 13.6KG', 125000, 67, 1, '', '', 0, 0, '', 0, 5),
(54, 'BONBONNE DE GAZ R404A 10.9KG', 100000, 39, 1, '', '', 0, 0, '', 0, 5),
(55, 'BONBONNE DE GAZ R141B 13.6KG', 90000, 13, 1, '', '', 0, 0, '', 0, 5),
(56, 'BONBONNE DE GAZ R417A 1.1.35KG', 175000, 1, 1, '', '', 0, 0, '', 0, 5),
(57, 'BONBONNE DE GAZ R600A 6.5KG', 80000, 0, 1, '', '', 0, 0, '', 0, 5),
(58, 'GAZ R134A 1000G', 10000, 150, 1, '', '', 5, 5, '', 0, 5),
(59, 'GAZ R404A 650G', 10000, 30, 1, '', '', 0, 0, '', 0, 5),
(60, 'MAPP GAZ', 10000, -23, 1, '', '', 0, 0, '', 0, 5),
(61, 'SEPARATEUR D,HUIL 1/2\'\'', 75000, 5, 1, '', '', 0, 0, '', 0, 1),
(62, 'SEPARATEUR D,HUIL 5/8\'\'', 90000, 5, 1, '', '', 0, 0, '', 0, 1),
(63, 'SEPARATEUR D,HUIL 7/8\'\'', 125000, 3, 1, '', '', 0, 0, '', 0, 1),
(64, 'SEPARATEUR D,HUIL 1\"', 175000, 5, 1, '', '', 0, 0, '', 0, 1),
(65, 'SEPARATEUR D,HUIL 1-1/8\'\'', 175000, 5, 1, '', '', 0, 0, '', 0, 1),
(66, 'SEPARATEUR D,HUIL 1-3/8\'\'', 225000, 2, 1, '', '', 0, 0, '', 0, 1),
(67, 'FAN 300', 60000, 5, 1, '', '', 0, 0, '', 0, 1),
(68, 'FAN 400', 80000, 7, 1, '', '', 0, 0, '', 0, 1),
(69, 'FAN 450', 85000, 5, 1, '', '', 0, 0, '', 0, 1),
(70, 'FAN 500', 90000, -3, 1, '', '', 0, 0, '', 0, 1),
(71, 'FAN 550', 110000, 8, 1, '', '', 0, 0, '', 0, 1),
(72, 'FAN 600', 125000, 1, 1, '', '', 0, 0, '', 0, 1),
(73, 'FAN 630', 175000, -7, 1, '', '', 0, 0, '', 0, 1),
(74, 'FAN D700 380V  50/60HZ', 300000, -17, 1, '', '', 0, 0, '', 0, 1),
(75, 'TUYAU ANTI VIBRATION 1/2\'\'', 25000, 0, 1, '', '', 0, 0, '', 0, 1),
(76, 'TUYAU ANTI VIBRATION 5/8\'\'', 30000, 0, 1, '', '', 0, 0, '', 0, 1),
(77, 'TUYAU ANTI VIBRATION 7/8\'\'', 50000, -1, 1, '', '', 0, 0, '', 0, 1),
(78, 'TUYAU ANTI VIBRATION 3/4\'\'', 40000, 0, 1, '', '', 0, 0, '', 0, 1),
(79, 'TUYAU ANTI VIBRATION 1\"', 65000, 0, 1, '', '', 0, 0, '', 0, 1),
(80, 'TUYAU ANTI VIBRATION 1-1/8\'\'', 80000, 0, 1, '', '', 0, 0, '', 0, 1),
(81, 'TUYAU ANTI VIBRATION 1-3/8\'\'', 125000, -2, 1, '', '', 0, 0, '', 0, 1),
(82, 'TUYAU ANTI VIBRATION 1-5/8\'\'', 135000, 0, 1, '', '', 0, 0, '', 0, 1),
(83, 'TUYAU ANTI VIBRATION 2-1/8\'\'', 160000, 0, 1, '', '', 0, 0, '', 0, 1),
(84, 'TUYAU ANTI VIBRATION 2-3/8\'\'', 175000, 10, 1, '', '', 0, 0, '', 0, 1),
(85, 'COURONNE DE TUYAU CUIVRE 1/4\'\'-15m-EPSR 0.8', 25000, 9, 1, '', '', 0, 0, '', 0, 7),
(86, 'COURONNE DE TUYAU CUIVRE 1/4\'\'--30m-EPSR 0.8', 50000, 5, 1, 'AS230', '', 0, 0, '', 0, 7),
(87, 'COURONNE DE TUYAU CUIVRE 3/8\'\'--15m-EPSR 0.8', 30000, -25, 1, '', '', 0, 0, '', 0, 7),
(88, 'COURONNE DE TUYAU CUIVRE 5/16\'\'--15m-EPSR 0.8', 18000, 0, 1, '', '', 0, 0, '', 0, 7),
(89, 'COURONNE DE TUYAU CUIVRE 3/8\'\'--30m-EPSR 0.8', 60000, 15, 1, 'AS330', '', 0, 0, '', 0, 7),
(90, 'COURONNE DE TUYAU CUIVRE 1/2\'\'--15m-EPSR 0.8', 350000, -2, 1, '', '', 0, 0, '', 0, 7),
(91, 'COURONNE DE TUYAU CUIVRE 1/2\'\'--30m-EPSR 0.8', 90000, 19, 1, 'AS430', '', 0, 0, '', 0, 7),
(92, 'COURONNE DE TUYAU CUIVRE 5/8\'\'--15m-EPSR 1', 60000, -6, 1, '', '', 0, 0, '', 0, 7),
(93, 'COURONNE DE TUYAU CUIVRE 3/4\'\'--15m-EPSR 1', 75000, 3, 1, '', '', 0, 0, '', 0, 7),
(94, 'COURONNE BI-TUBE 1/2\'\'--1/4\'\'-20m-EPSR 0.8', 125000, 10, 1, 'AP24', '', 0, 0, '', 0, 7),
(95, 'COURONNE BI-TUBE 3/8\'\'--1/4\'\'-20m-EPSR 0.8', 0, 2, 1, 'AP23', '', 0, 0, '', 0, 7),
(96, 'COURONNE BI-TUBE 5/8\"3/8\'\'-20m-EPSR 1--.0.8', 0, 0, 1, '', 'AP35', 0, 0, '', 0, 7),
(97, 'COURONNE DE CUIVRE 7/8\'\' 15m eps1nn', 140000, 5, 1, '', '', 0, 0, '', 0, 7),
(98, 'TUYAU CUIVRE 1\'\'', 0, 0, 1, '', '', 0, 0, '', 0, 7),
(99, 'COURONNE de cuivre BI-TUBE 3/4+1/2 EPS 1mn', 140000, -10, 1, '', '', 0, 0, '', 0, 7),
(100, 'COURONNE BI-TUBE', 0, 0, 1, '', '', 0, 0, '', 0, 7),
(101, 'COURONNE BI-TUBE', 0, 0, 1, '', '', 0, 0, '', 0, 7),
(102, 'FILTRE DESHYDRATEUR 1/4\'\'', 10000, 25, 1, '', '', 0, 0, '', 0, 3),
(103, 'FILTRE DESHYDRATEUR 3/8\'\'', 15000, -6, 1, '', '', 0, 0, '', 0, 3),
(104, 'FILTRE DESHYDRATEUR 1/2\'\'', 20000, 6, 1, '', '', 0, 0, '', 0, 3),
(105, 'FILTRE DESHYDRATEUR DCL165 5/8\'\' ', 25000, 8, 1, '', '', 0, 0, '', 0, 3),
(106, 'FILTRE DESHYDRATEUR DCL305 5/8\'\'', 45000, 3, 1, '', '', 0, 0, '', 0, 3),
(107, 'FILTRE DESHYDRATEUR 3/4\'\'', 60000, -6, 1, '', '', 0, 0, '', 0, 3),
(108, 'FILTRE DESHYDRATEUR 7/8\'\'', 65000, -1, 1, '', '', 0, 0, '', 0, 3),
(109, 'FILTRE DRIE DANFOSS ', 35000, 0, 1, '48-DC', '', 0, 0, '', 0, 3),
(110, 'FILTRE DRIE DANFOSS', 0, -9, 1, '', '', 0, 0, '', 0, 3),
(111, 'FILTRE DESHDRSTEUR DANFOSS DC48', 30000, -18, 1, '', '', 0, 0, '', 0, 3),
(112, 'THERMOSTAT ', 20000, -4, 1, '', '', 0, 0, '', 0, 10),
(113, 'THERMOSTAT ELECTRONIC', 0, 28, 1, '', '', 0, 0, '', 0, 10),
(114, 'DETENDEUR TEX5', 0, 3, 1, '', '', 0, 0, '', 0, 1),
(115, 'DETENDEUR TES5', 0, 5, 1, '', '', 0, 0, '', 0, 1),
(116, 'DETENDEUR TEN5', 0, 5, 1, '', '', 0, 0, '', 0, 1),
(117, 'DETENDEUR TES 12', 375000, 0, 1, '', '', 0, 0, '', 0, 1),
(118, 'DETENDEUR ', 0, 0, 1, '', '', 0, 0, '', 0, 1),
(119, 'DETENDEURT TEX2', 0, 20, 1, '', '', 0, 0, '', 0, 1),
(120, 'DETENDEURT TX2', 0, 19, 1, '', '', 0, 0, '', 0, 1),
(121, 'DETENDEUR TN2', 0, 20, 1, '', '', 0, 0, '', 0, 1),
(122, 'DETENDEUR TEN2', 0, 20, 1, '', '', 0, 0, '', 0, 1),
(123, 'DETENDEUR TS 2', 0, 5, 1, '', '', 0, 0, '', 0, 1),
(124, 'DETENDEUR TES2', 0, 0, 1, '', '', 0, 0, '', 0, 1),
(125, 'DETENDEUR EMERSON R410A', 175000, 0, 1, 'TRAE 8  ZAA', '', 0, 0, '', 0, 1),
(126, 'DETENDEUR', 0, 0, 1, '', '', 0, 0, '', 0, 1),
(127, 'DETENDEUR', 0, 0, 1, '', '', 0, 0, '', 0, 1),
(128, 'DETENDEUR', 0, 0, 1, '', '', 0, 0, '', 0, 1),
(129, 'DETENDEUR', 0, 0, 1, '', '', 0, 0, '', 0, 1),
(130, 'ORFCE TYPE 2', 10000, 90, 1, '', '', 0, 0, '', 0, 1),
(131, 'ORFCE TYPE 5', 25000, -2, 1, '', '', 0, 0, '', 0, 1),
(132, 'ORFCE', 0, 10, 1, '', '', 0, 0, '', 0, 1),
(133, 'PRESSOSTAT KP15', 0, -3, 1, '', '', 0, 0, '', 0, 1),
(134, 'PRESSOSTAT KP 5', 0, 4, 1, '', '', 0, 0, '', 0, 1),
(135, 'PRESSOSTAT KP 1', 40000, 7, 1, '', '', 0, 0, '', 0, 1),
(136, 'PRESSOSTAT KP', 0, 5, 1, '', '', 0, 0, '', 0, 1),
(137, 'PRESSOSTAT A HUIL', 0, 0, 1, '', '', 0, 0, '', 0, 1),
(138, 'VIYANT LIQUIDE 1/4', 0, 0, 1, '', '', 0, 0, '', 0, 1),
(139, 'VOYANT LIQUIDE 3/8', 0, 0, 1, '', '', 0, 0, '', 0, 1),
(140, 'VOYANT LIQUIDE 1/2', 0, -3, 1, '', '', 0, 0, '', 0, 1),
(141, 'VOYANT LIQUIDE 5/8\'\'', 30000, -6, 1, '', '', 0, 0, '', 0, 1),
(142, 'VOYANT LIQUIDE 3/4\'\'', 35000, -4, 1, '', '', 0, 0, '', 0, 1),
(143, 'VOYANT LIQUIDE 7/8\'\'', 40000, 0, 1, '', '', 0, 0, '', 0, 1),
(144, 'VOYANT LIQUIDE ', 0, 0, 1, '', '', 0, 0, '', 0, 1),
(145, 'VOYANT LIQUIDE ', 0, 0, 1, '', '', 0, 0, '', 0, 1),
(146, 'COUDE EN CUIVRE  90° 1/4\'\'', 0, 100, 1, '', '', 0, 0, '', 0, 1),
(147, 'COUDE EN CUIVRE 90° 3/8\'\'', 0, 85, 1, '', '', 0, 0, '', 0, 1),
(148, 'COUDE EN  CUIVRE 90° 1/2\'\'', 0, 80, 1, '', '', 0, 0, '', 0, 1),
(149, 'COUDE 5/8\"', 0, -162, 1, '', '', 0, 0, '', 0, 1),
(150, 'COUDE 3/4\'\'', 0, 40, 1, '', '', 0, 0, '', 0, 1),
(151, 'COUDE 7/8\'\'', 0, -129, 1, '', '', 0, 0, '', 0, 1),
(152, 'COUDE 1\'\'', 0, 100, 1, '', '', 0, 0, '', 0, 1),
(153, 'COUDE 1-1/8\'\'', 0, 92, 1, '', '', 0, 0, '', 0, 1),
(154, 'COUDE 1-3/8\'\'', 0, 42, 1, '', '', 0, 0, '', 0, 1),
(155, 'COUDE ', 0, 100, 1, '', '', 0, 0, '', 0, 1),
(156, 'COUDE ', 0, 0, 1, '', '', 0, 0, '', 0, 1),
(157, 'COUDE', 0, 0, 1, '', '', 0, 0, '', 0, 1),
(158, 'COUDE', 0, 0, 1, '', '', 0, 0, '', 0, 1),
(159, 'COUDE', 0, 0, 1, '', '', 0, 0, '', 0, 1),
(160, 'POUDRE STAY-SLIV', 10000, -6, 1, '', '', 0, 0, '', 0, 1),
(161, 'MONOMETRE', 60000, 4, 1, '', '', 0, 0, '', 0, 1),
(162, 'COOLMAX', 15000, 0, 1, '', '', 0, 0, '', 0, 1),
(163, 'ERCOUS 1/4\'\'', 0, -8, 1, '', '', 0, 0, '', 0, 1),
(164, 'ECROUS 3/8\'\'', 0, -18, 1, '', '', 0, 0, '', 0, 1),
(165, 'ECROUS 1/2\'\'', 0, -2, 1, '', '', 0, 0, '', 0, 1),
(166, 'ECROUS 5/8\'\'', 0, -16, 1, '', '', 0, 0, '', 0, 1),
(167, 'ECROUS 3/4\'\'', 0, -16, 1, '', '', 0, 0, '', 0, 1),
(168, 'GAZ R22', 0, -2, 1, '', '', 0, 0, '', 0, 1),
(169, 'GAZ R404', 0, 0, 1, '', '', 0, 0, '', 0, 1),
(170, 'GAZ R134A', 0, 0, 1, '', '', 0, 0, '', 0, 1),
(171, 'GAZ R407C', 0, 0, 1, '', '', 0, 0, '', 0, 1),
(172, 'GAZ R410A', 0, 0, 1, '', '', 0, 0, '', 0, 1),
(173, 'GAZ R600', 0, 0, 1, '', '', 0, 0, '', 0, 1),
(174, 'GAZ', 0, 0, 1, '', '', 0, 0, '', 0, 1),
(175, 'GAZ', 0, 0, 1, '', '', 0, 0, '', 0, 1),
(176, 'GAZ', 0, 0, 1, '', '', 0, 0, '', 0, 1),
(177, 'BITOP DESINFECTAN AIR CONDITIONER', 10000, -5, 1, '', '', 0, 0, '', 0, 1),
(178, 'TELECOMENDE UNIVERSEL', 0, 0, 1, '', '', 0, 0, '', 0, 1),
(179, 'BAGUETTES', 0, 31, 1, '', '', 0, 0, '', 0, 1),
(180, 'PRESTOVANE R134A', 10000, 3, 1, '', '', 0, 0, '', 0, 1),
(181, 'HUIL DANFOSS SYNTHETIC POLYOL-ESTER 160SZ  2.5 LITRE ', 150000, 0, 1, '', '', 0, 0, '', 0, 12),
(182, 'EMKARATE RL 22H', 0, 20, 1, '', '', 0, 0, '', 0, 12),
(183, ' EMKARATE RL 32H-5L', 75000, 18, 1, '', '', 0, 0, '', 0, 12),
(184, 'EMKARATE RL 46 H  5L', 0, 20, 1, '', '', 0, 0, '', 0, 12),
(185, 'EMKARATE RL 68 H 5L', 90000, 50, 1, '', '', 0, 0, '', 0, 12),
(186, 'EMKARATE RL 68 H', 0, -1, 1, '', '', 0, 0, '', 0, 12),
(187, 'EMKARATE RL 100 H', 0, -9, 1, '', '', 0, 0, '', 0, 12),
(188, 'EMKARATE RL 170 H 5L', 0, 9, 1, '', '', 0, 0, '', 0, 12),
(189, 'EMKARATE RL 1220 H', 0, 3, 1, '', '', 0, 0, '', 0, 12),
(190, 'SUNISO 3GS ', 0, 59, 1, '', '', 0, 0, '', 0, 12),
(191, 'SUNISO 4GS', 0, 48, 1, '', '', 0, 0, '', 0, 12),
(192, 'SUNISO 5GS', 0, 10, 1, '', '', 0, 0, '', 0, 12),
(193, 'SUNISO ', 0, 6, 1, '', '', 0, 0, '', 0, 12),
(194, 'HUIL R134A ', 0, -4, 1, '', '', 0, 0, '', 0, 12),
(195, 'HUIL BITZER B5.2 5L', 0, 3, 1, '', '', 0, 0, '', 0, 12),
(196, 'HUIL BITZER BES 55 5L', 0, 0, 1, '', '', 0, 0, '', 0, 12),
(197, 'HUIL BITZER BES 32--5L', 0, 0, 1, '', '', 0, 0, '', 0, 12),
(198, 'HUIL BITZER BES 55 5L', 0, 0, 1, '', '', 0, 0, '', 0, 12),
(199, 'HUIL BITZER BES -170--5L', 0, 0, 1, '', '', 0, 0, '', 0, 12),
(200, 'HUIL BITZER BES 55 1L', 0, 2, 1, '', '', 0, 0, '', 0, 12),
(201, 'CLAVUS 32', 0, -1, 1, '', '', 0, 0, '', 0, 12),
(202, 'CLAVUS 68 18L', 220000, -3, 1, '', '', 0, 0, '', 0, 12),
(203, 'CAP 1UF', 2000, 20, 1, '', '', 0, 0, '', 0, 1),
(204, 'CAPA 1.5UF', 2500, -63, 1, '', '', 0, 0, '', 0, 1),
(205, 'CAPA 2UF', 3000, 45, 1, '', '', 0, 0, '', 0, 1),
(206, 'CAPA 4UF', 3000, 69, 1, '', '', 0, 0, '', 0, 1),
(207, 'CAPA 5UF', 3000, 95, 1, '', '', 0, 0, '', 0, 1),
(208, 'CAPA  6UF', 3500, -20, 1, '', '', 0, 0, '', 0, 1),
(209, 'CAPA 8UF', 6000, 0, 1, '', '', 0, 0, '', 0, 1),
(210, 'CAPA 10UF', 6000, -15, 1, '', '', 0, 0, '', 0, 1),
(211, 'CAPA 15UF', 8000, 0, 1, '', '', 0, 0, '', 0, 1),
(212, 'CAPA 20UF', 10000, 100, 1, '', '', 0, 0, '', 0, 1),
(213, 'CAP 25UF', 10000, 75, 1, '', '', 0, 0, '', 0, 1),
(214, 'CAPA 30UF', 10000, 115, 1, '', '', 0, 0, '', 0, 1),
(215, 'CAPA 35UF', 10000, -36, 1, '', '', 0, 0, '', 0, 1),
(216, 'CAPA 40UF', 12500, 71, 1, '', '', 0, 0, '', 0, 1),
(217, 'CAPA 45UF', 12500, 104, 1, '', '', 0, 0, '', 0, 1),
(218, 'CAPA 50UF', 15000, 49, 1, '', '', 0, 0, '', 0, 1),
(219, 'CAPA 60UF', 15000, 180, 1, '', '', 0, 0, '', 0, 1),
(220, 'CAPA 2.5UF', 3500, -15, 1, '', '', 0, 0, '', 0, 1),
(221, 'CAPA', 0, 200, 1, '', '', 0, 0, '', 0, 1),
(222, 'CAPA 3uf', 3500, -51, 1, '', '', 0, 0, '', 0, 1),
(223, 'CAPA 12uf', 10000, -5, 1, '', '', 0, 0, '', 0, 1),
(224, 'CAPA 80uf', 35000, -3, 1, '', '', 0, 0, '', 0, 1),
(225, 'CAPA', 0, 9, 1, '', '', 0, 0, '', 0, 1),
(226, 'TUBE DE CHARGE', 1000, -123, 1, '', '', 0, 0, '', 0, 1),
(228, 'BOBINE ELECTROVANNES 220V', 40000, -5, 1, '', '', 0, 0, '', 0, 1),
(229, 'ELECTROVANNES 1/4\'\'', 0, 0, 1, '', '', 0, 0, '', 0, 1),
(230, 'ELECTROVANNES 3/8\'\'', 0, 5, 1, '', '', 0, 0, '', 0, 1),
(231, 'ELECTROVANNES 1/2\'\'', 0, 4, 1, '', '', 0, 0, '', 0, 1),
(232, 'ELECTROVANNES 5/8\'\'', 0, 7, 1, '', '', 0, 0, '', 0, 1),
(233, 'ELECTROVANNES 7/8\'\'', 0, -1, 1, '', '', 0, 0, '', 0, 1),
(234, 'ELECTROVANNES 1 -1/8\'\'', 0, 0, 1, '', '', 0, 0, '', 0, 1),
(235, 'ELECTROVANNES 1 -3/8\'\'', 0, 0, 1, '', '', 0, 0, '', 0, 1),
(236, 'ELECTROVANNES 1 -5/8\'\'', 0, 0, 1, '', '', 0, 0, '', 0, 1),
(237, 'ELECTROVANNES 2-1/8\'\'', 0, 10, 1, '', '', 0, 0, '', 0, 1),
(238, 'Manométre RACCORD 1/4\'\'  --BP R404A R22 R134A', 0, 2, 1, '', '', 0, 0, '', 0, 1),
(239, 'Manométre RACCORD 1/4\'\'  HP-- R404A R22 R134A', 0, -8, 1, '', '', 0, 0, '', 0, 1),
(240, 'PLAQUE A Manométre', 0, 0, 1, '', '', 0, 0, '', 0, 1),
(241, 'Manométre BY-PASS R22', 0, 19, 1, '', '', 0, 0, '', 0, 1),
(242, 'Manométre BY-PASS R410', 0, 5, 1, '', '', 0, 0, '', 0, 1),
(243, 'Manométre BP R22-R134A R410A R407C', 0, 9, 1, '', '', 0, 0, '', 0, 1),
(244, 'Charniéres  ', 0, 0, 1, '', '', 0, 0, '', 0, 1),
(245, 'Charniéres', 0, 0, 1, '', '', 0, 0, '', 0, 1),
(246, 'Charniéres', 0, 0, 1, '', '', 0, 0, '', 0, 1),
(247, 'SERRURES AVEC CLE', 0, 0, 1, '', '', 0, 0, '', 0, 1),
(248, 'SUPPORT', 10000, -58, 1, '', '', 0, 0, '', 0, 1),
(249, 'MULTIMETRES', 60000, -43, 1, '', '', 0, 0, '', 0, 1),
(250, 'MULTIMETRES', 0, 0, 1, '', '', 0, 0, '', 0, 1),
(251, 'MULTIMETRES', 0, 0, 1, '', '', 0, 0, '', 0, 1),
(252, 'ARMAFLEX 1/4', 2000, 0, 1, '', '', 0, 0, '', 0, 1),
(253, 'ARMAFLEX 3/8', 2000, 27, 1, '', '', 0, 0, '', 0, 1),
(254, 'ARMAFLEX 1/2', 2000, -46, 1, '', '', 0, 0, '', 0, 1),
(255, 'ARMAFLEX 5/8', 2500, -1, 1, '', '', 0, 0, '', 0, 1),
(256, 'ARMAFLEX 7/8', 0, -4, 1, '', '', 0, 0, '', 0, 1),
(257, 'ARMAFLEX 1\'\'', 10000, 0, 1, '', '', 0, 0, '', 0, 1),
(258, 'ARMAFLEX 1\'\'-1/8', 0, 0, 1, '', '', 0, 0, '', 0, 1),
(259, 'ARMAFLEX 1\'\'-3/8', 0, -2, 1, '', '', 0, 0, '', 0, 1),
(260, 'ARMAFLEX 1\'\'-5/8', 0, 0, 1, '', '', 0, 0, '', 0, 1),
(261, 'ARMAFLEX 2\'\'', 0, 0, 1, '', '', 0, 0, '', 0, 1),
(262, 'ARMAFLEX  3/4', 4000, 0, 1, '', '', 0, 0, '', 0, 1),
(263, 'ARMAFLEX ', 0, 0, 1, '', '', 0, 0, '', 0, 1),
(264, 'ARMAFLIEX', 0, 0, 1, '', '', 0, 0, '', 0, 1),
(265, 'ARMAFLIEX', 0, 0, 1, '', '', 0, 0, '', 0, 1),
(266, 'KILXON 9000BTU', 8000, 20, 1, '', '', 0, 0, '', 0, 1),
(267, 'KILXON 12000BTU', 8000, 19, 1, '', '', 0, 0, '', 0, 1),
(268, 'KILXON 18000BTU', 10000, 20, 1, '', '', 0, 0, '', 0, 1),
(269, 'KILXON 24000BTU', 0, 3, 1, '', '', 0, 0, '', 0, 1),
(270, 'RACORD 1/4\'\'', 1000, -1, 1, '', '', 0, 0, '', 0, 1),
(271, 'RACORD 3/8\'\'', 1500, 0, 1, '', '', 0, 0, '', 0, 1),
(272, 'RACORD 1/2\'\'', 1500, 0, 1, '', '', 0, 0, '', 0, 1),
(273, 'RACORD 5/8\'\'', 1500, -6, 1, '', '', 0, 0, '', 0, 1),
(274, 'RACORD 3/4\'\'', 0, -10, 1, '', '', 0, 0, '', 0, 1),
(275, 'RACORD ', 0, 0, 1, '', '', 0, 0, '', 0, 1),
(276, 'RACORD', 0, 0, 1, '', '', 0, 0, '', 0, 1),
(277, 'RACORD', 0, 0, 1, '', '', 0, 0, '', 0, 1),
(278, 'RACORD DANFOSS', 35000, 0, 1, '', '', 0, 0, '', 0, 1),
(279, 'RACORD TUBE CAPILLAIRE 1/4\'\'', 5000, -24, 1, '', '', 0, 0, '', 0, 1),
(280, 'RACORD FLEXIBLE 1/4\'\'', 0, 0, 1, '', '', 0, 0, '', 0, 1),
(281, 'COUPE-TUBES', 0, 0, 1, '', '', 0, 0, '', 0, 1),
(282, 'COUPE-TUBES', 0, 0, 1, '', '', 0, 0, '', 0, 1),
(283, 'COUPE-TUBES', 0, 0, 1, '', '', 0, 0, '', 0, 1),
(284, 'DUDGEONNIERES', 0, -1, 1, '', '', 0, 0, '', 0, 1),
(285, 'BANDE BLANCHE ', 0, 113, 1, '', '', 0, 0, '', 0, 1),
(286, 'BANDE ', 0, 10, 1, '', '', 0, 0, '', 0, 1),
(287, 'BANDE ISOLANTE', 8000, -32, 1, '', '', 0, 0, '', 0, 1),
(288, 'BQande adhesif', 2500, -81, 1, '', '', 0, 0, '', 0, 1),
(289, 'Bande adhesif autocolant', 8000, -40, 1, '', '', 0, 0, '', 0, 1),
(290, 'TUBE CAPILAIE FRIGO', 0, 0, 1, '', '', 0, 0, '', 0, 1),
(291, 'TUBE CAPILAIRE CLIEN', 0, 0, 1, '', '', 0, 0, '', 0, 1),
(292, 'THRMOSTAT DANFOSS  KP61', 80000, 0, 1, '', '', 0, 0, '', 0, 1),
(293, 'THERMOSTAT DANFOSS KP63 ', 90000, 0, 1, '', '', 0, 0, '', 0, 1),
(294, 'RIDEAU DE CHANBRE FROIDE', 75000, 100, 1, '', '', 0, 0, '', 0, 1),
(295, 'SCOTCH', 1000, 0, 1, '', '', 0, 0, '', 0, 1),
(296, 'KIT DE LIAISON 9000BTU', 10000, 0, 1, '', '', 0, 0, '', 0, 1),
(297, 'KIT DE LIAISON 12000BTU', 15000, 2, 1, '', '', 0, 0, '', 0, 1),
(298, 'KIT DE LIAISON 24000BTU', 25000, 0, 1, '', '', 0, 0, '', 0, 1),
(299, 'KIT DE LIAISON ', 0, 0, 1, '', '', 0, 0, '', 0, 1),
(300, 'KIT DE LIAISON', 0, 0, 1, '', '', 0, 0, '', 0, 1),
(301, 'KIT DE LIAISON', 0, 0, 1, '', '', 0, 0, '', 0, 1),
(302, 'KIT DE LIAISON', 0, 0, 1, '', '', 0, 0, '', 0, 1),
(303, 'KIT DE LIAISON', 0, 0, 1, '', '', 0, 0, '', 0, 1),
(304, 'KIT DE LIAISON', 0, 0, 1, '', '', 0, 0, '', 0, 1),
(305, 'KIT DE LIAISON', 0, 0, 1, '', '', 0, 0, '', 0, 1),
(306, 'ROLEMENT MOTEUR FAN ', 35000, 0, 1, '', '', 0, 0, '', 0, 1),
(307, ' FACTURE ANULATION ', 0, 0, 1, '', '', 0, 0, '', 0, 1),
(308, 'VACUUM PUMP OIL 330ML', 15000, 8, 1, '', '', 0, 0, '', 0, 1),
(309, 'SONDE', 5000, 0, 1, '', '', 0, 0, '', 0, 1),
(310, 'COMPRESSEUR HERMETIC  TFH5540E', 1000000, 0, 1, '', '', 0, 0, '', 0, 1),
(311, 'GAZ R410A ', 10000, 0, 1, '', '', 0, 0, '', 0, 1),
(312, 'VANE 7/8 CASTEL', 0, 0, 1, '', '', 0, 0, '', 0, 1),
(313, 'CONTACTEUR  GMC 40-24V', 45000, 10, 1, '', '', 0, 0, '', 0, 1),
(314, 'JOINTS 1.19X2.33m', 70000, 0, 1, '', '', 0, 0, '', 0, 1),
(315, 'COMPRESSEUR DANFOSS SZ120', 2650000, 0, 1, '', '', 0, 0, '', 0, 1),
(316, 'POMPE A VIDE  FY-2C-N 7.2 m³/h', 450000, 15, 1, '', '', 0, 0, '', 0, 1),
(317, 'KLIXON', 0, 0, 1, '', '', 0, 0, '', 0, 1),
(318, 'CARTE UNIVERSAL', 25000, 1, 1, '', '', 0, 0, '', 0, 1),
(319, 'TELECOMANDE ASTRIME', 0, 0, 1, '', '', 0, 0, '', 0, 1),
(320, 'TELECOMENDE AIRUELL', 15000, 0, 1, '', '', 0, 0, '', 0, 1),
(321, 'COMPRESSEUR CARLY', 1850000, 3, 1, '', '', 0, 0, '', 0, 2),
(322, 'MOTEUR FAN CARLY', 450000, 0, 1, '', '', 0, 0, '', 0, 1),
(323, 'RESISTANCE', 70000, 0, 1, '', '', 0, 0, '', 0, 1),
(324, 'COMPRESSEUR INVERTE 6HP', 500000, 0, 1, '', '', 0, 0, '', 0, 1),
(325, 'RELAIS STANDARD', 5000, 99, 1, '', '', 0, 0, '', 0, 1),
(326, 'COMPRESSEUR 1/3 R134a 220-50/60 KZ', 140000, 0, 1, 'EGAS 100HLP', '', 0, 0, '', 0, 1),
(327, 'RUDEAUX DE CHANBRE FROIDE', 7000, 100, 1, '', '', 0, 0, '', 0, 1),
(328, 'GAZ AZOTE UN MAITRE CUBE', 45000, 0, 1, '', '', 0, 0, '', 0, 1),
(329, 'TEMPORISATEUR 220V', 40000, 0, 1, '', '', 0, 0, '', 0, 1),
(330, 'BAGUETTE POUDRE ENROBE', 7500, -6, 1, '', '', 0, 0, '', 0, 1),
(331, 'GAZ AZOTEDEUX  MAITRE CUBE', 600000, 0, 1, '', '', 0, 0, '', 0, 1),
(332, 'FLIXIBLE DE CHARGE', 25000, 95, 1, '', '', 0, 0, '', 0, 1),
(333, 'CAMMUTATEUT COMPLET', 68000, 0, 1, '', '', 0, 0, '', 0, 1),
(334, 'FITRE DESHYDRATEUR EN CUIIVRE 1/4', 1000, -15, 1, '', '', 0, 0, '', 0, 1),
(335, 'FITRE DESHYDRATEUR EN CUIIVRE 3/8', 5000, 15, 1, '', '', 0, 0, '', 0, 1),
(336, 'FITRE DESHYDRATEUR EN CUIIVRE 1/2', 7000, 0, 1, '', '', 0, 0, '', 0, 1),
(337, 'COUPETUBE', 5000, -1, 1, '', '', 0, 0, '', 0, 1),
(338, 'TEFLON', 1000, 0, 1, '', '', 0, 0, '', 0, 1),
(339, 'PIENCE A SERTIR', 25000, 0, 1, '', '', 0, 0, '', 0, 1),
(340, 'CONTACTEUR GMC-32 220V', 35000, 10, 1, '', '', 0, 0, '', 0, 1),
(341, 'COS', 0, 0, 1, '', '', 0, 0, '', 0, 1),
(342, 'SILICONE', 0, 0, 1, '', '', 0, 0, '', 0, 1),
(343, 'CAISSE A OUTILS', 80000, 9, 1, '', '', 0, 0, '', 0, 1),
(344, 'VANNE ARRET 1/2', 25000, 10, 1, '', '', 0, 0, '', 0, 1),
(345, 'VANNE ARRET 5/8', 0, 10, 1, '', '', 0, 0, '', 0, 1),
(346, 'VANNE ARRET 3/4', 0, 0, 1, '', '', 0, 0, '', 0, 1),
(347, 'VANNE ARRET 7/8', 0, 0, 1, '', '', 0, 0, '', 0, 1),
(348, 'COMPRESSEUR HERMETIC TFH2511Z', 350000, 0, 1, '', '', 0, 0, '', 0, 1),
(349, 'BONBONNE DE GAZ DUPONT  R22 13.6KG', 90000, 0, 1, '', '', 0, 0, '', 0, 5),
(350, 'BONBONNE DE GAZ DUPONT  R404A 11.35KG', 0, 2, 1, '', '', 0, 0, '', 0, 1),
(351, 'COMPRESSEUR HERMETIQUE 3HP-R404A -380V', 6000000, 8, 1, '', '', 0, 0, '', 0, 1),
(352, 'THERMOSTA KP 61', 80000, 0, 1, '', '', 0, 0, '', 0, 1),
(353, 'THERMOSTA KP 63', 85000, 0, 1, '', '', 0, 0, '', 0, 1),
(354, 'BAGUETTE EN CUIVRE', 250, 371, 1, '', '', 0, 0, '', 0, 1),
(355, 'RELAIS GTH 16-22', 40000, 0, 1, '', '', 0, 0, '', 0, 1),
(356, 'COTACTEUR GMC-22', 0, 0, 1, '', '', 0, 0, '', 0, 1),
(357, 'CORE ELECTROVANE', 35000, 0, 1, '', '', 0, 0, '', 0, 1),
(358, 'COMPRESSEUR SCROLL 6HP-R410A', 770000, 4, 1, '', '', 0, 0, '', 0, 1),
(359, 'FAN SUNON 220V', 10000, 20, 1, '', '', 0, 0, '', 0, 1),
(360, 'GAZ R141B', 15000, 0, 1, '', '', 0, 0, '', 0, 1),
(361, 'M KELIGEC', 0, 0, 1, '', '', 0, 0, '', 0, 1),
(362, 'cheville de 8', 2500, 0, 1, '', '', 0, 0, '', 0, 1),
(363, 'CARBLE 3X2.5  5M', 10000, 0, 1, '', '', 0, 0, '', 0, 1),
(364, 'GOULTT  80X50', 80000, 0, 1, '', '', 0, 0, '', 0, 1),
(365, 'GROUPE COMDENSSEUR +EVAPAEU  COMPRESSEUR  MANEUROP MT100', 3700000, -1, 1, '', '', 0, 0, '', 0, 1),
(366, 'CAPA DANFOSS', 0, 0, 1, '', '', 0, 0, '', 0, 1),
(367, 'LANPE A SOUDER MAP GAZ', 40000, -7, 1, '', '', 0, 0, '', 0, 1),
(368, 'VANNE ARRET 1 5/8', 175000, 10, 1, '', '', 0, 0, '', 0, 1),
(369, 'COMPRESSEUR INVERTER HNB84FC R410', 2650000, 1, 1, 'HNB84FC', '', 0, 0, '', 0, 2),
(370, 'SEPARETEUTD, HUIL 1-5/8\'\'', 350000, 100, 1, '', '', 0, 0, '', 0, 1),
(371, 'COUDE 1-5/8\'\'', 6500, 98, 1, '', '', 0, 0, '', 0, 1),
(372, 'SEPARETEUT  D, HUIL 2\'\'', 375000, 5, 1, '', '', 0, 0, '', 0, 1),
(373, 'TUYAU D,EVACUATION', 500, 0, 1, '', '', 0, 0, '', 0, 1),
(374, 'KEXIN', 0, 2, 1, '', '', 0, 0, '', 0, 1),
(375, 'Chanbre froide L4 X 3 l x 2,80h', 9000000, 10, 1, '', '', 0, 0, '', 0, 1),
(376, 'CORE ELECTROVANE 3/4', 125000, -1, 1, '', '', 0, 0, '', 0, 1),
(377, 'MANCHON 3/8\'\'', 1500, -30, 1, '', '', 0, 0, '', 0, 1),
(378, 'MANCHON 1/2\'', 2000, 0, 1, '', '', 0, 0, '', 0, 1),
(379, 'MANCHON 5/8\'', 2500, 15, 1, '', '', 0, 0, '', 0, 1),
(380, ' TUYAU DE CUIVRE 3/8 - ,80 EPS', 0, 20, 1, '', '', 0, 0, '', 0, 1),
(381, 'COUNE DE TUYAU CUIVRE 5/8 - 30maitre eps 1mn', 0, 3, 1, '', '', 0, 0, '', 0, 1),
(382, 'tuyau 1\'\'3/8', 25000, 0, 1, '', '', 0, 0, '', 0, 1),
(383, 'TURBE CAPIRAIRE 0.5', 1000, 4, 1, '', '', 0, 0, '', 0, 1),
(384, 'TURBE CAPIRAIRE 1', 1000, 5, 1, '', '', 0, 0, '', 0, 1),
(385, 'TURBE CAPIRAIRE 2mn', 1500, 5, 1, '', '', 0, 0, '', 0, 1),
(386, 'TURBE CAPIRAIRE 3mn', 0, 5, 1, '', '', 0, 0, '', 0, 1),
(387, 'TURBE CAPIRAIRE 4mn', 2000, 5, 1, '', '', 0, 0, '', 0, 1),
(388, 'TURBE CAPIRAIRE 5mn', 2500, 5, 1, '', '', 0, 0, '', 0, 1),
(389, 'THERMOATA 0-3000°', 2500, 1, 1, '', '', 0, 0, '', 0, 1),
(390, 'RESISTENCE BITZER', 25000, 0, 1, '', '', 0, 0, '', 0, 1),
(391, 'MOTEUR FAN 5HP 220V', 50000, 25, 1, '', '', 0, 0, '', 0, 1),
(392, 'LAMPEA SOUDER MAP GAZ', 60000, 0, 1, '', '', 0, 0, '', 0, 1),
(393, 'INTERRUPTEUR POSITION A GALLET', 20000, 1, 1, '', '', 0, 0, '', 0, 1),
(394, 'COMPRESSEUR INVERTER 2YC63BXD R410A', 0, 2, 1, '2CY63BXD', '', 0, 0, '', 0, 2),
(395, 'COMPRESSEUR INVERTER 2CY36BXD R410A', 0, 2, 1, '2CY36BXD', '', 0, 0, '', 0, 2),
(396, 'COMGEIATEUR', 400000, 1, 1, '', '', 0, 0, '', 0, 1),
(397, 'COMPRESSEUR SCROLL  ZP385KCE ', 3750000, 0, 1, 'ZP385 KCE ', '', 0, 0, '', 0, 2),
(398, 'COMPRESSEUR SCROLL  ZP295KCE', 375000, -1, 1, 'ZP295KCE', '', 0, 0, '', 0, 2),
(399, 'COURONNE DE TUYAU CUIVRE 3/4--30M-EPS 1mn', 220000, 3, 1, '', '', 0, 0, '', 0, 1),
(400, 'HUIL FLUORE', 3000, 0, 1, '', '', 0, 0, '', 0, 1),
(401, 'TUYAU D,EVACUATION 50m', 35000, 0, 1, '', '', 0, 0, '', 0, 1),
(402, 'MOUSSE A POMPER', 100000, -2, 1, '', '', 0, 0, '', 0, 1),
(403, 'COMPRESSEUR 9000BTU R22 220V', 80000, 39, 1, '', '', 0, 0, '', 0, 2),
(404, 'COMPRESSEUR SCROLL ZR160KCE-TFD-455', 1600000, -1, 1, 'ZR160KCE', '', 0, 0, '', 0, 2),
(405, 'RESERVOIR LIQUIDE', 80000, 0, 1, '', '', 0, 0, '', 0, 1),
(406, 'CAP 70uf', 15000, 2, 1, '', '', 0, 0, '', 0, 1),
(407, 'COMPRESSEUR PANASONIC C-SBN373H8D', 750000, 1, 1, '', '', 0, 0, '', 0, 2),
(408, 'PORTE RUDEQUX', 13995, 0, 1, '', '', 0, 0, '', 0, 1),
(409, 'FRAIS DES TRAVAUX', 0, -9, 1, '', '', 0, 0, '', 0, 1),
(410, 'TUYAU CUIVRE3/8', 2650, 100, 1, '', '', 0, 0, '', 0, 1),
(411, 'VANNE MANEUROP HP', 0, 17, 1, '', '', 0, 0, '', 0, 1),
(412, 'VANNE MANEUROP BP', 0, 19, 1, '', '', 0, 0, '', 0, 1),
(413, 'COMPRESSEUR SCROLL JT15JBVKYR@S', 1450000, 2, 1, '', '', 0, 0, '', 0, 1),
(414, 'CARTE VRV 4', 450000, 0, 1, '', '', 0, 0, '', 0, 1),
(415, 'POMPE A VIDE V-280SV ', 650000, 3, 1, '', '', 0, 0, '', 0, 1),
(416, 'RELAIS KRIWAN', 110000, 4, 1, '', '', 0, 0, '', 0, 1),
(417, 'PAQUET DE BAGUITTE EN CUIVRES', 7000, -18, 1, '', '', 0, 0, '', 0, 1),
(418, 'SPLIET 12000BTU R22 220V', 200000, -1, 1, '', '', 0, 0, '', 0, 1),
(419, 'COMPRESSEUR DANFOSS SCROLL SZ185', 0, 0, 1, '', '', 0, 0, '', 0, 1),
(420, 'COMDENSSEUR 4HP', 600000, 2, 1, '', '', 0, 0, '', 0, 1),
(421, 'COMDENSSEUR ', 550000, 2, 1, '', '', 0, 0, '', 0, 1),
(422, 'resistance 1m', 35000, 1, 1, '', '', 0, 0, '', 0, 1),
(423, 'resistance 1.20cn', 45000, 0, 1, '', '', 0, 0, '', 0, 1),
(424, 'resistance 1.40cn', 50000, 0, 1, '', '', 0, 0, '', 0, 1),
(425, 'resistance 1.10cn', 35000, 0, 1, '', '', 0, 0, '', 0, 1),
(426, 'resistance 1.50cn', 55000, 0, 1, '', '', 0, 0, '', 0, 1),
(427, 'INDICATEUR DE TAMPERTURE -40+40', 30000, -5, 1, '', '', 0, 0, '', 0, 1),
(428, 'compresseur copeland scroll ZR 94KCE-TFD455', 980000, -1, 1, '', '', 0, 0, '', 0, 2),
(429, 'COMPRESSEUR INVERTR JT1GVDYR@B', 1750000, -1, 1, '', '', 0, 0, '', 0, 2),
(430, 'THE 1/4', 0, 0, 1, '', '', 0, 0, '', 0, 1),
(431, 'THE 1/4', 1500, 0, 1, '', '', 0, 0, '', 0, 1),
(432, 'the 3/8', 1500, -2, 1, '', '', 0, 0, '', 0, 1),
(433, 'the 1/2', 2000, 0, 1, '', '', 0, 0, '', 0, 1),
(434, 'the 5/8', 2500, 0, 1, '', '', 0, 0, '', 0, 1),
(435, 'the 3/4', 3500, -2, 1, '', '', 0, 0, '', 0, 1),
(436, 'COFFRET d,alimentation 220V--12V-50-60Hz', 40000, -15, 1, '', '', 0, 0, '', 0, 1),
(437, 'CARTE INVERTER MITSUBISHI', 600000, -1, 1, '', '', 0, 0, '', 0, 1),
(438, 'Baguette argente', 5000, -64, 1, '', '', 0, 0, '', 0, 1),
(439, 'cle a crick', 25000, -1, 1, '', '', 0, 0, '', 0, 1),
(440, 'vanne darre', 0, 0, 1, '', '', 0, 0, '', 0, 1),
(441, 'vanne darret 1-1/8', 80000, 0, 1, '', '', 0, 0, '', 0, 1),
(442, 'VACUUM PUMP OIL 1L', 35000, 0, 1, '', '', 0, 0, '', 0, 1),
(443, ' COURONNE DE CUIVRE1/4 ISOLE NOIR 30MAITRE EPS1M', 60000, 0, 1, '', '', 0, 0, '', 0, 1),
(444, 'COURONNE DE CUIVRE 3/8 ISOLE NOIR 30MAITRE EPS1M', 120000, -4, 1, '', '', 0, 0, '', 0, 1),
(445, 'COURONNE DE CUIVRE 1/2 ISOLE NOIR 30MAITRE EPS1M', 120000, -5, 1, '', '', 0, 0, '', 0, 1),
(446, 'COURONNE DE CUIVRE 5/8 ISOLE NOIR 30MAITRE EPS1M', 150000, -8, 1, '', '', 0, 0, '', 0, 1),
(447, 'COURONNE DE CUIVRE 3/4 ISOLE NOIR 30MAITRE EPS1M', 280000, -1, 1, '', '', 0, 0, '', 0, 1),
(448, 'COURONNE DE CUIVRE1/4 I30MAITRE EPS1M', 0, -5, 1, '', '', 0, 0, '', 0, 1),
(449, 'COURONNE DE CUIVRE 3/8 30MAITRE EPS1M', 45000, -8.5, 1, '', '', 0, 0, '', 0, 1),
(450, 'BITEZ OIL BSE 32 5L', 175000, 6, 1, '', '', 0, 0, '', 0, 1),
(451, 'BITEZ OIL BSE 55 5L', 175000, 6, 1, '', '', 0, 0, '', 0, 1),
(452, 'BITEZ OIL BSE 170 5L', 175000, 6, 1, '', '', 0, 0, '', 0, 1),
(453, 'Compresseur caj 2446z 220v', 225000, -1, 1, '', '', 0, 0, '', 0, 1),
(454, 'Manchons 7/8', 3500, 0, 1, '', '', 0, 0, '', 0, 1),
(455, 'COURONNE DE CUIVRE1/4 30MAITRE  ISSOLE EPS1M', 0, 0, 1, '', '', 0, 0, '', 0, 1),
(456, 'COURONNE DE CUIVRE 3/8 30 MAITRE ISOLE EPS1M', 0, 3, 1, '', '', 0, 0, '', 0, 1),
(457, 'COURONNE DE CUIVRE 7/8 ISOLE NOIR 30MAITRE EPS1M', 0, 0, 1, '', '', 0, 0, '', 0, 1),
(458, 'ELECTOVANNE 3/4 OD', 80000, 0, 1, '', '', 0, 0, '', 0, 1),
(459, 'CARTE VRV3', 500000, -1, 1, '', '', 0, 0, '', 0, 1),
(460, 'COUDE -3/8-45º', 0, 0, 1, '', '', 0, 0, '', 0, 1),
(461, 'COUDE -1/2-45º', 0, 0, 1, '', '', 0, 0, '', 0, 1),
(462, 'COUDE -5/8-45º', 0, 0, 1, '', '', 0, 0, '', 0, 1),
(463, 'COUDE -3/4-45º', 0, 0, 1, '', '', 0, 0, '', 0, 1),
(464, 'COUDE -7/8-45º', 6000, -15, 1, '', '', 0, 0, '', 0, 1),
(465, 'COUDE -3/8-45º', 5750, 0, 1, '', '', 0, 0, '', 0, 1),
(466, 'COUDE -1\'\'-45º', 6500, 0, 1, '', '', 0, 0, '', 0, 1),
(467, 'Checque sans provision', 17800, -1, 1, '', '', 0, 0, '', 0, 1),
(468, 'Capteur de pression ', 35000, 0, 1, '', '', 20, 0, '', 0, 1),
(469, 'Compresseur danfoss scroll sz 120 savc R407C 134A 404A', 1900000, 0, 1, '', '', 0, 0, '', 0, 1),
(470, 'Cable d,alimentation compresseur', 7000, -4, 1, '', '', 0, 0, '', 0, 1),
(471, 'Clapet anti-retour 1/4', 0, 0, 1, '', '', 0, 0, '', 0, 1),
(472, 'Clapet anti-retour 1/2', 0, 0, 1, '', '', 0, 0, '', 0, 1),
(473, 'Clapet anti-retour 3/8', 0, 0, 1, '', '', 0, 0, '', 0, 1),
(474, 'Clapet anti-retour 5/8', 0, 0, 1, '', '', 0, 0, '', 0, 1),
(475, 'Clapet anti-retour 3/4', 0, 0, 1, '', '', 0, 0, '', 0, 1),
(476, 'SPLIT-AC-VAVLVE 1/4 ', 10000, 0, 1, '', '', 0, 0, '', 0, 1),
(477, 'SPLIT-AC-VAVLVE 3/8', 13000, 10, 1, '', '', 0, 0, '', 0, 1),
(478, 'SPLIT-AC-VAVLVE 1/2', 15000, 10, 1, '', '', 0, 0, '', 0, 1),
(479, 'SPLIT-AC-VAVLVE 5/8', 17000, 10, 1, '', '', 0, 0, '', 0, 1),
(480, 'SPLIT-AC-VAVLVE 3/4', 20000, 0, 1, '', '', 0, 0, '', 0, 1),
(481, 'barre de cuivre 5/8', 0, 0, 1, '', '', 0, 0, '', 0, 1),
(482, 'barre de cuivre 3/4', 0, 0, 1, '', '', 0, 0, '', 0, 1),
(483, 'barre de cuivre 7/8', 0, 0, 1, '', '', 0, 0, '', 0, 1),
(484, 'barre de cuivre 1\'\'', 0, 0, 1, '', '', 0, 0, '', 0, 1),
(485, 'barre de cuivre 1\'\'-1/8', 0, 0, 1, '', '', 0, 0, '', 0, 1),
(486, 'barre de cuivre 1\'\'-3/8', 0, 0, 1, '', '', 0, 0, '', 0, 1),
(487, 'barre de cuivre 1\'\'-5/8', 0, 0, 1, '', '', 0, 0, '', 0, 1),
(488, 'Compresseur copeland scroll zp144kce-tfd', 1800000, -1, 1, '', '', 0, 0, '', 0, 2),
(489, 'BUTANE +PROPANE', 5000, -28, 1, '', '', 0, 0, '', 0, 1),
(490, 'manchon 7/8', 6500, -10, 1, '', '', 0, 0, '', 0, 1),
(491, 'stickefex', 5000, -61, 1, '', '', 0, 0, '', 0, 1),
(492, 'Vanne flare 1/4', 15000, 0, 1, '', '', 0, 0, '', 0, 1),
(493, 'Vanne flare 3/8', 15000, 0, 1, '', '', 0, 0, '', 0, 1),
(494, 'Vanne flare 1/2', 15000, -5, 1, '', '', 0, 0, '', 0, 1),
(495, 'Vanne flare 5/8', 20000, 0, 1, '', '', 0, 0, '', 0, 1),
(496, 'Vanne flare 3/4', 20000, 0, 1, '', '', 0, 0, '', 0, 1),
(497, 'Tuyau hristal ecoulement', 700, -15, 1, '', '', 0, 0, '', 0, 1),
(498, 'Compresseur 9000btu R22', 90000, -2, 1, '', '', 0, 0, '', 0, 1),
(499, 'MOUTEUR FAN GC 9000BTU ', 0, 0, 1, '', '', 0, 0, '', 0, 1),
(500, 'MOTEUR FAN GC 12000BTU ', 0, 0, 1, '', '', 0, 0, '', 0, 1),
(501, 'MOTEUR FAN GC 18000BTU', 0, 0, 1, '', '', 0, 0, '', 0, 1),
(502, 'MOTEUR FAN GC 24000BTU', 0, 0, 1, '', '', 0, 0, '', 0, 1),
(503, 'MOTEUR FAN GC 42000BTU', 0, 0, 1, '', '', 0, 0, '', 0, 1),
(504, 'MOTEUR FAN GC 48000BTU', 0, -1, 1, '', '', 0, 0, '', 0, 1),
(505, 'fan  220v ', 90000, -1, 1, '', '', 0, 0, '', 0, 1),
(506, 'PRESSOSTAT HP', 30000, -3, 1, '', '', 0, 0, '', 0, 1),
(507, 'PRESSOSTAT BP', 30000, -2, 1, '', '', 0, 0, '', 0, 1),
(508, 'Compresseur copeland scroll zp 120-kce-tfd', 1500000, 0, 1, '', '', 0, 0, '', 0, 1),
(509, 'Compresseur carrier', 1350000, 0, 1, '', '', 0, 0, '', 0, 1),
(510, 'Detecteur de fuite electonique', 100000, -1, 1, '', '', 0, 0, '', 0, 1),
(511, 'Compresseur copeland scroll zp182kce-tfd', 1500000, 0, 1, '', '', 0, 0, '', 0, 2),
(512, 'Regulateur de presion 1/2', 0, 0, 1, '', '', 0, 0, '', 0, 1),
(513, 'Regulateur de presion 5/8', 0, 0, 1, '', '', 0, 0, '', 0, 1),
(514, 'Regulateur de presion 3/4', 0, 0, 1, '', '', 0, 0, '', 0, 1),
(515, 'Regulateur de presion 7/8', 0, 0, 1, '', '', 0, 0, '', 0, 1),
(516, 'Regulateur de presion 1\'\'', 0, 0, 1, '', '', 0, 0, '', 0, 1),
(517, 'Air conditioner Thermosta ', 40000, 0, 1, 'QD-HVAC09', '', 0, 0, '', 0, 1),
(518, 'fan D800MC', 400000, -2, 1, '', '', 0, 0, '', 0, 1),
(519, 'CARTEINVERTER MITSUBISHI', 450000, -1, 1, '', '', 0, 0, '', 0, 1),
(520, 'TUYAU DE CUIVRE 3/8 1Mm', 3700, -100, 1, '', '', 0, 0, '', 0, 1),
(521, 'TUYAU DE CUIVRE 3/4 1Mm', 8000, -30, 1, '', '', 0, 0, '', 0, 1),
(522, 'TUYAU DE CUIVRE 5/8 1Mm', 6000, 0, 1, '', '', 0, 0, '', 0, 1),
(523, 'Ponpes de relevages ', 80000, -4, 1, '', '', 0, 0, '', 0, 1),
(524, 'COMPRESSEUR  CSBM523H8D R410a', 750000, 0, 1, '', '', 0, 0, '', 0, 2),
(525, 'COMPRESSEUR HERMETIQUE R404A 220V', 350000, 0, 1, '', '', 0, 0, '', 0, 1),
(526, 'Vanne d arret en cuivre 14', 0, 0, 1, '', '', 0, 0, '', 0, 1),
(527, 'Vanne d\'arret en cuivre 2\"-1/8', 140000, -2, 1, '', '', 0, 0, '', 0, 1),
(528, 'Vanne d\'arret en cuivre 1\"-5/8', 1250000, 0, 1, '', '', 0, 0, '', 0, 1),
(529, 'Vanne d\'arret en cuivre 1\"', 0, 0, 1, '', '', 0, 0, '', 0, 1),
(530, 'Vanne d\'arret en cuivre 7/8\"', 0, 0, 1, '', '', 0, 0, '', 0, 1),
(531, 'Vanne d\'arret en cuivre 3/4', 0, 0, 1, '', '', 0, 0, '', 0, 1),
(532, 'Vanne d\'arret en cuivre 5/8\"', 0, 0, 1, '', '', 0, 0, '', 0, 1),
(533, 'Vanne d\'arret en cuivre  1\"-1/8', 0, 0, 1, '', '', 0, 0, '', 0, 1),
(534, 'Vanne d\'arret en cuivre 1\"-3/8', 0, 0, 1, '', '', 0, 0, '', 0, 1),
(535, 'Vanne d arret en cuivre 1/4', 0, 0, 1, '', '', 0, 0, '', 0, 1),
(536, 'Vanne d arret en cuivre 1/2', 0, 0, 1, '', '', 0, 0, '', 0, 1),
(537, 'Vanne d\'arret en cuivre ', 0, 0, 1, '', '', 0, 0, '', 0, 1),
(538, 'Vanne d arret en cuivre ', 0, 0, 1, '', '', 0, 0, '', 0, 1),
(539, 'Vanne d arret en cuivre', 0, 0, 1, '', '', 0, 0, '', 0, 1),
(540, ' BAR de Tuyau en cuivre 1\"-5/8-6m', 0, 0, 1, '', '', 1, 0, '', 0, 1),
(541, 'Carte electronique cassette daikin fxqz', 300000, 0, 1, '', '', 0, 0, '', 0, 1),
(542, 'SONDE 17Kg', 40000, -2, 1, '', '', 0, 0, '', 0, 1),
(543, 'Carte electronique dry ', 350000, -1, 1, '', '', 0, 0, '', 0, 1),
(544, 'Carte electronique de commande', 300000, -2, 1, '', '', 0, 0, '', 0, 1),
(545, 'Couple de sonde', 40000, -4, 1, '', '', 0, 0, '', 0, 1),
(546, 'Capteur de temperature', 70000, -2, 1, '', '', 0, 0, '', 0, 1),
(547, 'Lototatoo', 12000, 34, 1, NULL, NULL, 0, 0, NULL, 1, 1);

-- --------------------------------------------------------

--
-- Structure de la table `categories`
--

CREATE TABLE `categories` (
  `id` int(11) NOT NULL,
  `name` varchar(100) NOT NULL
) ENGINE=InnoDB DEFAULT CHARSET=latin1;

--
-- Déchargement des données de la table `categories`
--

INSERT INTO `categories` (`id`, `name`) VALUES
(1, 'Divers'),
(2, 'COMPRESSEUR'),
(3, 'FITRE DESHYDRATEUR'),
(4, 'COMPRESSEUR  R22 '),
(5, 'GAZ'),
(6, 'COUDE'),
(7, 'TUYAU'),
(8, 'DETENDEUR'),
(9, 'HUIL'),
(10, 'THERMOSTAT'),
(11, 'FAN'),
(12, 'OIL'),
(13, 'GLACERIE'),
(14, 'SALAIRE');

-- --------------------------------------------------------

--
-- Structure de la table `clients`
--

CREATE TABLE `clients` (
  `id` int(11) NOT NULL,
  `name` varchar(255) NOT NULL,
  `telephone` varchar(30) NOT NULL,
  `adresse` varchar(100) NOT NULL,
  `email` varchar(100) NOT NULL,
  `mobile` varchar(30) DEFAULT NULL,
  `siteweb` varchar(100) DEFAULT NULL,
  `fournisseur` tinyint(1) NOT NULL DEFAULT 0,
  `created_at` datetime DEFAULT NULL,
  `updated_at` datetime DEFAULT NULL,
  `active` tinyint(1) DEFAULT NULL
) ENGINE=InnoDB DEFAULT CHARSET=latin1;

--
-- Déchargement des données de la table `clients`
--

INSERT INTO `clients` (`id`, `name`, `telephone`, `adresse`, `email`, `mobile`, `siteweb`, `fournisseur`, `created_at`, `updated_at`, `active`) VALUES
(1, 'CODISCO  GIBAT', '066213838', '41 Avenue jean marie mavoungou zone industrielle la foire   ', 'technique@codisco-congo.com', '-', '-', 1, NULL, NULL, NULL),
(2, 'SPORAFRIC', '066233030', ' BLD GENERAL DE GAULLE CENTRE VIELLE', '', '064964999', '', 0, NULL, NULL, NULL),
(3, 'GFM', '044449071', ' KM4 Pointe-Noire', '', '066530298', '', 0, NULL, NULL, NULL),
(4, 'PYRAMIDA', '069397494', 'MAHOUATA', '', '055397494', '', 0, NULL, NULL, NULL),
(5, 'ERIC NGOMA', '066271180', '', '', '040121293', '', 0, NULL, NULL, NULL),
(6, 'ELOI GFM', '044449361', 'KM4 Pointe-Noire', '', '066642218', '', 0, NULL, NULL, NULL),
(7, 'SPIE', '066656666', 'BASE INDISTRUEL', '', '', '', 0, NULL, NULL, NULL),
(9, 'ERMEC ', '066735626', 'BI', 'contact.ermec@yahoo.com', '050491650', '', 0, NULL, NULL, NULL),
(10, 'EST CHRISTEVIE', '066313211', 'tie-tie', 'nonochristevie@gmail.com', '', '', 0, NULL, NULL, NULL),
(11, 'ORCHIDEE', '', 'CENTRE VILLE', '', '', '', 0, NULL, NULL, NULL),
(12, 'AIRCOTEHEC', '066561886', 'MPITA', '', '069388080', '', 0, NULL, NULL, NULL),
(13, 'ENERGIE PRO', '066501608', '', '', '', '', 0, NULL, NULL, NULL),
(14, 'LACITROMELLE', '066747777', 'CENTRE VILLE', '', '', '', 0, NULL, NULL, NULL),
(15, ' TOUT POUR LE FROID', '066313219', 'MAHOUATA', '', '055531207', '', 0, NULL, NULL, NULL),
(16, 'Régit', '', '', '', '', '', 0, NULL, NULL, NULL),
(17, 'AIRTEL', '056093934', 'CENTRE VILLE', '', '', '', 0, NULL, NULL, NULL),
(18, 'IBRAHIM DIALLO', '', '', '', '', '', 0, NULL, NULL, NULL),
(19, 'MAC D', '066643124', 'MONKANBA', '', '', '', 0, NULL, NULL, NULL),
(20, 'STHIC', '', 'BRASCO', '', '', '', 0, NULL, NULL, NULL),
(21, 'FLOTEL CONGO', '066999899', 'CENTRE VILLE', '', '', '', 0, NULL, NULL, NULL),
(22, 'SODEXO', '941970', 'CENTRE VILLE', 'gilles.boungou@sodexo.com', '', '', 0, NULL, NULL, NULL),
(23, 'BASIL', '', '', '', '', '', 0, NULL, NULL, NULL),
(24, 'SOALCO', '', '', '', '', '', 0, NULL, NULL, NULL),
(25, 'MAITRE JEAN', '055530406', 'NGOYO', '', '', '', 0, NULL, NULL, NULL),
(26, 'Elais hotel', '', 'CENTRE VIELLE', '', '', '', 0, NULL, NULL, NULL),
(27, 'OUTOCLIMA', '', 'CENTRE VILLE', '', '', '', 0, NULL, NULL, NULL),
(28, 'SAM CONGO', '053363225', 'CENTRE VIELLE', '', '', '', 0, NULL, NULL, NULL),
(29, 'RAPHAEL', '066507826', '', '', '', '', 0, NULL, NULL, NULL),
(30, 'MTN CONGO', '', 'CENTRE VIELLE', '', '066647844', '', 0, NULL, NULL, NULL),
(31, 'SAFARI HOTLE', '066313113', 'NVOUVOU', '', '', '', 0, NULL, NULL, NULL),
(32, 'SITRAD', '', '', '', '', '', 0, NULL, NULL, NULL),
(33, 'ETS NF', '066550606', 'ROY', '', '055331414', '', 0, NULL, NULL, NULL),
(34, 'ZANS', '068831955', '', '', '', '', 0, NULL, NULL, NULL),
(35, 'MORGUE MADINGOU', '069574537', '', '', '057315657', '', 0, NULL, NULL, NULL),
(36, 'SOGECO', '', '', '', '', '', 0, NULL, NULL, NULL),
(37, 'ITALY CONSTRUCTION', '055557403', '', '', '', '', 0, NULL, NULL, NULL),
(38, 'GEMK', '', '', '', '', '', 0, NULL, NULL, NULL),
(39, 'REGAL', '', 'CENTRE VIELLE', '', '', '', 0, NULL, NULL, NULL),
(40, 'DJOKO', '044707669', 'P/N', '', '', '', 0, NULL, NULL, NULL),
(41, 'MOOSS', '', '', '', '', '', 0, NULL, NULL, NULL),
(42, 'CONGOREP', '055598020', 'CENTRE VIELLE', '', '055598020', '', 0, NULL, NULL, NULL),
(43, 'RIC SERVICES', '066260818', 'KM4 Pointe-Noire', '', '055579936', '', 0, NULL, NULL, NULL),
(44, 'DJOUYEP SERVICE', '053030801', 'MAHOUATA', '', '053010801', '', 0, NULL, NULL, NULL),
(45, 'MOUKAKOU', '053411359', 'CENTRE VIELLE', '', '', '', 0, NULL, NULL, NULL),
(46, 'BOULANGERI CAM', '050637373', 'NGOYO', '', '', '', 0, NULL, NULL, NULL),
(47, 'JUNELGA SERVIES', '', 'NKOUIKOU', '', '055624816', '', 0, NULL, NULL, NULL),
(48, 'LOCATECH /STATION TOTAL RN° 1', '055591479', 'CENTRE VIELLE', '', '', '', 0, NULL, NULL, NULL),
(49, 'OCEAN FROID', '066758686', 'TIE-TIE', '', '', '', 0, NULL, NULL, NULL),
(50, 'SICOFOR', '064903921', 'KM4 Pointe-Noire', '', '', '', 0, NULL, NULL, NULL),
(51, 'ETEKI', '068500015', 'P/N', '', '', '', 0, NULL, NULL, NULL),
(52, 'SCI IMMOCO ', '', 'CENTRE VIELLE', '', '', '', 0, NULL, NULL, NULL),
(53, 'A G S', '044441552', 'CENTRE VIELLE', '', '044442291', '', 0, NULL, NULL, NULL),
(54, 'ELAIS', '055118484', 'BLD GENERAL DE GAULLE CENTRE VIELLE', '', '', '', 0, NULL, NULL, NULL),
(55, 'MOUSSNAZER', '055535534', 'GRAND MARCHE P/N', '', '', '', 0, NULL, NULL, NULL),
(56, 'CENDRINE HAPPY', '044707729', 'GRAND MARCHE P/N', '', '', '', 0, NULL, NULL, NULL),
(57, 'AIRTEL CONGO', '056093941', 'AIRTEL P/N', '', '', '', 0, NULL, NULL, NULL),
(58, 'PRINCE ', '066339434', 'CENTRE VIELL', '', '', '', 0, NULL, NULL, NULL),
(59, 'FIL FROID MILOCE', '066658754', 'GRAND MARCHE', '', '055534915', '', 0, NULL, NULL, NULL),
(60, 'MAGARA', '053332929', 'GRAND MARCHE P/N', '', '', '', 0, NULL, NULL, NULL),
(61, 'SEAS SERVICES', '066701212', 'PORT  P/N', '', '', '', 0, NULL, NULL, NULL),
(62, 'M KELIGEC', '', '', '', '', '', 0, NULL, NULL, NULL),
(63, 'Essomba', 'Clement', '', 'clementessomba@gmail.com', '0654568899', '', 1, NULL, NULL, NULL),
(64, 'FRANC', '069639926', '', '', '', '', 1, NULL, NULL, NULL),
(65, 'BARDAIN', '068200120', '', '', '', '', 1, NULL, NULL, NULL),
(66, 'DUVALIER', '066289863', '', '', '', '', 1, NULL, NULL, NULL),
(67, 'DESTIN KAMENI', '040083384', 'NGOYO', '', '', '', 0, NULL, NULL, NULL),
(68, 'GEA ', '068490890', 'BRAZZAVILLE', '', '', '', 0, NULL, NULL, NULL),
(69, 'GD', '055477575', 'NGOYO', '', '', '', 0, NULL, NULL, NULL),
(70, 'D F P', '068050875', 'CENTRE VILLE', '', '', '', 0, NULL, NULL, NULL),
(71, 'ETS CHRISTEVIE', '055391174', 'MAHOUATA', '', '', '', 1, NULL, NULL, NULL),
(72, 'KIBOUANGA JEAN PEAUL', '', '', '', '', '', 0, NULL, NULL, NULL),
(73, 'EVAPORE', '066603874', 'KITOKO', '', '', '', 0, NULL, NULL, NULL),
(74, 'BADIKILA', '', '', '', '', '', 0, NULL, NULL, NULL),
(75, 'FM CONCEPT', '044497250', '15 AVENUE NGABO CAMP 31 JUILLET', '', '', '', 0, NULL, NULL, NULL),
(76, 'ERIC NOVIE', '066530188', 'MONKABA', '', '', '', 1, NULL, NULL, NULL),
(77, 'PASCAL SPORAFRIC', '', '', '', '', '', 1, NULL, NULL, NULL),
(78, 'AIMER SOGECO', '055533195', '', '', '', '', 1, NULL, NULL, NULL),
(79, 'JEAN ROMAIN', '069760386', '', '', '', '', 1, NULL, NULL, NULL),
(80, 'BENOIT CODICO', '066509271', '', '', '', '', 1, NULL, NULL, NULL),
(81, 'KEXIN', '008613600065186', 'CHINE', '', '', '', 1, NULL, NULL, NULL),
(82, 'GABY', '055577707', 'TIE-TIE', '', '', '', 0, NULL, NULL, NULL),
(83, 'SOFAPRAL', '068639406', 'B I', '', '', '', 0, NULL, NULL, NULL),
(84, 'GNCAC', '', '', '', '', '', 0, NULL, NULL, NULL),
(85, 'CONGO FROID', '057278151', 'NVOUNVOU', '', '', '', 0, NULL, NULL, NULL),
(86, 'CONGO FROID', '057278151', 'NVOUNVOU', '', '', '', 1, NULL, NULL, NULL),
(87, 'L;IENOU RODRIGE BANA', '', '', '', '', '', 0, NULL, NULL, NULL),
(88, 'SAICO', '068295712', 'ZI', '', '', '', 0, NULL, NULL, NULL),
(89, 'IB INDISTRIE', '', 'CENTRE VILLE', '', '', '', 0, NULL, NULL, NULL),
(90, 'CCIAM', '', 'CENTRE VIELLE', '', '', '', 0, NULL, NULL, NULL),
(91, 'JEANVIER', '066491959', '', '', '', '', 0, NULL, NULL, NULL),
(92, 'AFRIPLAST', '', 'CENTRE VIELLE', '', '', '', 0, NULL, NULL, NULL),
(93, 'SEAS', '066701212', 'PORT  P/N', '', '', '', 0, NULL, NULL, NULL),
(94, 'B /SERVICES', '', '', '', '', '', 0, NULL, NULL, NULL),
(95, 'NGANGEU', '', 'MAHOUATA', '', '', '', 0, NULL, NULL, NULL),
(96, 'ABILE', '', '', '', '', '', 0, NULL, NULL, NULL),
(97, 'LIE ', '', '', '', '', '', 1, NULL, NULL, NULL),
(98, 'ANTOINE', '055291971', '', '', '', '', 0, NULL, NULL, NULL),
(99, 'MAMOLA SERENITY', '', '', '', '', '', 0, NULL, NULL, NULL),
(100, 'MATHI GLACE', '', 'SOGOLO', '', '', '', 0, NULL, NULL, NULL),
(101, 'ASPERBRAS', '068854324', 'BRAZZAVIELL', '', '', '', 0, NULL, NULL, NULL),
(102, 'AIMER SOGECO', '055533195', '', '', '', '', 1, NULL, NULL, NULL),
(103, 'LACODIS', '', '', '', '', '', 0, NULL, NULL, NULL),
(104, 'MASSA', '066672941', 'P/N', '', '', '', 0, NULL, NULL, NULL),
(105, 'SUPERMACHE LA POINTE', '055178821', 'CENTRE VIELLE', '', '', '', 0, NULL, NULL, NULL),
(106, 'MANGARA', '053332929', 'GRAND MARCHE P/N', '', '', '', 1, NULL, NULL, NULL),
(107, 'GETECH REFREGERATION', '06572454', 'LA BASE', '', '056656238', '', 0, NULL, NULL, NULL),
(108, 'MAMOLA CHAMPION', '069809223', 'PORT  P/N', '', '', '', 0, NULL, NULL, NULL),
(109, 'ERIC NOVIE', '', '', '', '', '', 1, NULL, NULL, NULL),
(110, 'PRINCE HOTEL', '053011111', 'CENTRE VILLE', '', '', '', 0, NULL, NULL, NULL),
(111, 'TCHOUPE&FICE', '066522129', 'MAHOUATA', '', '', '', 0, NULL, NULL, NULL),
(112, 'ETS MOUSS NAZER', '055535534', 'GRAND MARCHE P/N', '', '', '', 1, NULL, NULL, NULL),
(113, 'MAMAN DANFOSS', '00861380961613', 'CHINE', '', '', '', 0, NULL, NULL, NULL),
(114, 'MAMAN DANFOSS', '00861380961613', 'CHINE', '', '', '', 1, NULL, NULL, NULL),
(115, 'AIRTEL SHUAIB ALI', '056093941', 'P/N', '', '', '', 0, NULL, NULL, NULL),
(116, 'SMT', '00242065107575', 'BRAZZAVILLE', '', '', '', 0, NULL, NULL, NULL),
(117, 'MTCG', '', '', '', '', '', 0, NULL, NULL, NULL),
(118, 'ABBY KWETA', '055560021', '', '', '', '', 1, NULL, NULL, NULL),
(119, 'DAVID TATY', '066509265', '', '', '', '', 1, NULL, NULL, NULL),
(120, 'PETRO SERVICE', '053185305', 'centre ville', '', '', '', 0, NULL, NULL, NULL),
(121, 'DKS', '053120658', 'centre ville', '', '', '', 0, NULL, NULL, NULL),
(122, 'Shuaib ali airtel', '056093941', 'centre ville', '', '', '', 0, NULL, NULL, NULL),
(123, 'KKF', '069831090', 'GRAND MARMACHE', '', '', '', 0, NULL, NULL, NULL),
(124, 'PELLEGRINI', '067022941', 'B I', '', '', '', 0, NULL, NULL, NULL),
(125, 'MATHIAS', '069581988', 'FON TIE-TIE', '', '', '', 0, NULL, NULL, NULL),
(126, 'FOBERD', '', 'P/N', '', '', '', 0, NULL, NULL, NULL),
(127, 'MORGUE MADINGOU', '', '', '', '', '', 0, NULL, NULL, NULL),
(128, 'FERPLAN', '', 'BRAZZAVILLE', '', '', '', 0, NULL, NULL, NULL),
(129, 'SERVAIR CONGO', '066077652', '', '', '', '', 0, NULL, NULL, NULL),
(130, 'OCEAN FROID PRATIQUE', '066758686', 'TIE-TIE DIO', '', '', '', 1, NULL, NULL, NULL),
(131, 'FIL FROID MILOCE', '066658754', 'GRAND MARCHE', '', '', '', 1, NULL, NULL, NULL),
(132, 'MAITRE JEAN', '055530406', '', '', '', '', 1, NULL, NULL, NULL),
(133, 'ICOT-RHEUSUS', '068537371', '6-RUE LOUBAMBA -MPITA -BP324 P/N', '', '040710094', '', 0, NULL, NULL, NULL),
(134, 'SBAT CONGO', '05040000', 'P/N', '', '', '', 0, NULL, NULL, NULL),
(135, 'ARMAND FROID ', '056289118', 'TIE-TIE', '', '069259844', '', 0, NULL, NULL, NULL),
(136, 'BESO BAR', '068047903', 'MAHOUATA', '', '', '', 0, NULL, NULL, NULL),
(137, 'F.F SERVICES', '068162934', 'TIE-TIE', '', '', '', 0, NULL, NULL, NULL),
(138, 'MULTILINK ENG', '056093942', 'P/N', '', '', '', 0, NULL, NULL, NULL),
(139, 'ADOLPHE', '055533348', '', '', '', '', 0, NULL, NULL, NULL),
(140, 'RHESUS', '', '', '', '', '', 0, NULL, NULL, NULL),
(141, 'SOCOPEC', '050111134', 'P/N', '', '', '', 0, NULL, NULL, NULL),
(142, 'TECS', ' ', '', '', '', '', 0, NULL, NULL, NULL),
(143, 'G M INJECTION', '055573892', '25 AVENUSSA MOUSSA ETA Saint-piere lumumba  P/N', '', '057074233', '', 0, NULL, NULL, NULL),
(144, 'M,BOUZA BARDAIN   ', '068200120', '', '', '', '', 1, NULL, NULL, NULL),
(145, 'DONAL COMPRESSEUR LG', '008618665605682', 'CHINE', '', '', '', 1, NULL, NULL, NULL),
(146, 'RENCO', ' 066312538', 'Zone industriell centre ville  point-noire', '', '', '', 0, NULL, NULL, NULL),
(147, 'MALIKA BARRY FROID', '', '', '', '', '', 1, NULL, NULL, NULL),
(148, 'Mr herman', '055954141', 'P/N', '', '', '', 0, NULL, NULL, NULL),
(149, 'GIDAS ', '065241946', 'BRAZZA', '', '', '', 1, NULL, NULL, NULL),
(150, 'congelco', '068758383', ' marche la frontiere', '', '', '', 0, NULL, NULL, NULL),
(151, 'ROLAND GFNM', '', '', '', '', '', 1, NULL, NULL, NULL),
(152, 'ROLAND GFNM', '068689148', '', '', '', '', 1, NULL, NULL, NULL),
(153, 'olive ', '05164528', '', '', '', '', 1, NULL, NULL, NULL),
(154, 'IPAB', '066937575', 'CLINIQUE DE LA FOIS', '', '069093839', '', 0, NULL, NULL, NULL),
(155, 'ZENG COMPRESSEUR BITZER', '', 'CHINE', '', '', '', 1, NULL, NULL, NULL),
(156, 'Compresseur copeland scroll zp144kce-tfd', '', '', '', '', '', 0, NULL, NULL, NULL),
(157, 'Compresseur copeland scroll zp182kce-tfd', '', '', '', '', '', 0, NULL, NULL, NULL),
(158, 'Chine gaz', '', '', '', '', '', 1, NULL, NULL, NULL),
(159, 'MALIKA BARRY FROID', '040552222', 'MAHOUATA', '', '', '', 0, NULL, NULL, NULL),
(160, 'L C C', '', 'GRAND  MARCHE', '', '', '', 0, NULL, NULL, NULL),
(161, 'CODISCO  GIBAT', '066123838', '41avemue jean marie mavoungou zon industrielle lafoire RCCM CG:012008-B14-00018 NIU:M200511000025812', '', '', '', 1, NULL, NULL, NULL),
(162, 'TRT', '', '', '', '', '', 1, NULL, NULL, NULL),
(163, 'CODISCO  GIBAT', '', '41avemue jean marie mavoungou zon industrielle lafoire RCCM CG:012008-B14-00018 NIU:M200511000025812', '', '066213838', '', 0, NULL, NULL, NULL),
(164, 'Alliages Technologies', '0567878278', 'Somewhere', 'alliagestechnologies@gmail.com', '067687823', NULL, 0, '2023-02-18 12:26:07', '2023-02-18 12:26:07', NULL);

-- --------------------------------------------------------

--
-- Structure de la table `commerciales`
--

CREATE TABLE `commerciales` (
  `id` int(11) NOT NULL,
  `last_name` varchar(255) DEFAULT NULL,
  `first_name` varchar(100) DEFAULT NULL,
  `telephone` varchar(30) DEFAULT NULL,
  `client_id` int(11) NOT NULL DEFAULT 0,
  `created_at` datetime DEFAULT NULL,
  `updated_at` datetime DEFAULT NULL,
  `active` tinyint(1) NOT NULL DEFAULT 1
) ENGINE=InnoDB DEFAULT CHARSET=latin1;

--
-- Déchargement des données de la table `commerciales`
--

INSERT INTO `commerciales` (`id`, `last_name`, `first_name`, `telephone`, `client_id`, `created_at`, `updated_at`, `active`) VALUES
(1, 'MARCEL', '', '069823277', 2, NULL, NULL, 1),
(2, 'MALONGA', ' SIDNRY ', '066459997', 1, NULL, NULL, 1),
(3, 'FRANC ', '', '066690381', 1, NULL, NULL, 1),
(4, 'PASCAL ', '', '069318245', 2, NULL, NULL, 1),
(5, 'PINCE ', '', '068375563', 26, NULL, NULL, 1),
(6, 'KINGA', 'TERA', '069107080', 61, NULL, NULL, 1),
(7, 'ARMAND', '', '066495438', 1, NULL, NULL, 1),
(8, 'MIKANOU', 'BIENVEUNU', '064000209', 0, NULL, NULL, 1),
(9, 'MIKANOU', 'BIENVEUNU', '064000209', 101, NULL, NULL, 1),
(10, 'DJEFF', 'FROID', '066313211', 101, NULL, NULL, 1),
(11, 'DEFAO', '', '00000000', 103, NULL, NULL, 1),
(12, 'DAVID', 'TATI', '066509265', 1, NULL, NULL, 1),
(13, 'NGOMA', 'ERIC', '066271180', 90, NULL, NULL, 1),
(14, 'ABOUBAKR', 'DIBRILE', '055178821', 105, NULL, NULL, 1),
(15, 'prince', '', '068375563', 26, NULL, NULL, 1),
(16, 'Mne djomague', '', '065870767', 126, NULL, NULL, 1),
(17, 'MGAKISSA', 'LIE CADREL', '066988060', 1, NULL, NULL, 1),
(18, 'MOUSS', 'FROID', '0555530298', 3, NULL, NULL, 1),
(19, 'NONO', 'basil ', '066313211', 23, NULL, NULL, 1),
(20, 'djokol', '', '044707639', 83, NULL, NULL, 1),
(21, 'ARMAND ', 'MANGBENIA', '053103366', 1, NULL, NULL, 1),
(22, 'CHRIS', 'CODISCO', '066677743', 1, NULL, NULL, 1),
(23, 'ets', ' christevie', '055391174', 0, NULL, NULL, 1),
(24, 'ABBY', 'KWETA', '055560021', 20, NULL, NULL, 1),
(25, 'bardin', 'ba', '068200120', 1, NULL, NULL, 1),
(26, 'TCHOUABE ', '', '066313211', 15, NULL, NULL, 1),
(27, 'M,BOUZA', 'BARDIN', '068200120', 0, NULL, NULL, 1),
(28, 'Mbouza', 'bardin', '068200120', 1, NULL, NULL, 1),
(29, 'Alima', 'Raphael', '068732898', 164, NULL, NULL, 1);

-- --------------------------------------------------------

--
-- Structure de la table `commissions`
--

CREATE TABLE `commissions` (
  `id` int(11) NOT NULL,
  `name` varchar(240) NOT NULL,
  `commerciale_id` int(11) NOT NULL,
  `facture_id` int(11) NOT NULL DEFAULT 0,
  `montant` double NOT NULL,
  `created_at` datetime NOT NULL,
  `updated_at` datetime DEFAULT NULL,
  `moi_id` int(11) NOT NULL,
  `annee` int(11) NOT NULL
) ENGINE=InnoDB DEFAULT CHARSET=latin1;

--
-- Déchargement des données de la table `commissions`
--

INSERT INTO `commissions` (`id`, `name`, `commerciale_id`, `facture_id`, `montant`, `created_at`, `updated_at`, `moi_id`, `annee`) VALUES
(1, 'FACTURE MOIS JUIL', 1, 0, 55000, '2019-07-26 16:41:12', NULL, 7, 2019),
(2, 'COMPRESSEUR 9000BTU', 2, 0, 20000, '2019-08-21 10:03:56', NULL, 8, 2019),
(3, 'COMPRESSEUR EMBRACO ', 3, 0, 120000, '2019-08-31 10:07:35', NULL, 8, 2019),
(4, 'FACTURE AOUT', 4, 0, 250000, '2019-09-04 14:50:41', NULL, 9, 2019),
(5, 'MULTIMETRE', 2, 0, 15000, '2019-09-04 14:54:15', NULL, 9, 2019),
(6, 'TACTURE EMKARATE ', 3, 0, 600000, '2019-09-04 15:55:12', NULL, 9, 2019),
(7, 'COMPRESSEUR SCROL 5HP R22 3380V', 5, 0, 100000, '2019-09-04 15:59:53', NULL, 9, 2019),
(8, ' TROIS COMPRESSEUR 12000BTU ', 5, 0, 165000, '2019-09-04 16:02:36', NULL, 9, 2019),
(9, 'FACTURE EMKARATE ', 3, 0, 50000, '2019-09-09 12:11:12', NULL, 9, 2019),
(10, 'TROIS COMPRESSEUR 12000BTU R407C', 2, 0, 20000, '2019-09-11 09:34:24', NULL, 9, 2019),
(11, 'COMPRESSEUR 24000BTU R410A ', 3, 0, 230000, '2019-09-13 11:32:52', NULL, 9, 2019),
(12, 'FACTURE TS12', 6, 0, 80000, '2019-09-19 16:38:12', NULL, 9, 2019),
(13, 'FATURE MANO', 7, 0, 10000, '2019-09-20 11:34:50', NULL, 9, 2019),
(14, 'FACTURE COMPRESSEUR MT80', 3, 0, 400000, '2019-09-24 08:31:49', NULL, 9, 2019),
(15, 'FATURE COMPRESSEUR 12000BTU R407C', 2, 0, 20000, '2019-09-24 08:33:03', NULL, 9, 2019),
(16, 'DEUX COMPRESSEUR 12000BTU +9000BTU R22', 2, 0, 40000, '2019-09-26 10:22:55', NULL, 9, 2019),
(17, 'pienture compresseur carly', 9, 0, 100000, '2019-09-30 16:01:04', NULL, 9, 2019),
(18, 'FACTURE  COMPRESSEUR CARLY', 10, 0, 100000, '2019-09-30 16:15:01', NULL, 9, 2019),
(19, 'FACTURE  COMPRESSEUR CARLY', 9, 0, 50000, '2019-09-30 16:18:13', NULL, 9, 2019),
(20, 'FACTURE SEPT ', 4, 0, 40000, '2019-10-02 07:44:18', NULL, 10, 2019),
(21, 'compresseur 9000btu', 2, 0, 20000, '2019-10-11 09:45:25', NULL, 10, 2019),
(22, 'COMPRESSEUR MTZ 36 ', 11, 0, 235000, '2019-10-11 14:39:01', NULL, 10, 2019),
(23, 'DEUX COMPRESSEUR 9000BTU R22', 12, 0, 20000, '2019-10-14 07:23:16', NULL, 10, 2019),
(24, 'compresseur 3hp', 11, 0, 190000, '2019-10-17 15:29:24', NULL, 10, 2019),
(25, 'FACTURE FAN 5HP', 13, 0, 50000, '2019-10-18 10:44:54', NULL, 10, 2019),
(26, 'FAN 500', 14, 0, 50000, '2019-10-22 11:34:39', NULL, 10, 2019),
(27, 'COMPRESSEUR 18000BTU+24000BTU R22', 5, 0, 120000, '2019-11-02 09:56:03', NULL, 11, 2019),
(28, 'COMPRESSEUR 9000BTU R22 220V', 2, 0, 20000, '2019-11-25 16:07:46', NULL, 11, 2019),
(29, 'FACTURE DU 28/11/2019', 4, 0, 210000, '2019-11-27 17:12:50', NULL, 11, 2019),
(30, 'COMPRESSEUR 12000BTU R407C', 2, 0, 20000, '2019-12-26 11:10:01', NULL, 12, 2019),
(31, 'TROIS COMPRESSEUR 9000BTU R22', 2, 0, 30000, '2019-12-26 11:11:34', NULL, 12, 2019),
(32, 'facture 27/12/2019', 4, 0, 250000, '2019-12-27 11:48:30', NULL, 12, 2019),
(33, 'FACTURE VANNE ', 16, 0, 50000, '2020-02-19 12:48:53', NULL, 2, 2020),
(34, 'COMPRESSEUR 24000BTU R22', 2, 0, 150000, '2020-02-20 17:26:14', NULL, 2, 2020),
(35, 'COMPRESSEUR 9000BTU R410A', 17, 0, 60000, '2020-02-20 17:32:28', NULL, 2, 2020),
(36, 'COMPRESSEUR INVERT', 5, 0, 150000, '2020-02-20 17:33:44', NULL, 2, 2020),
(37, 'MUTIMETRE', 12, 0, 45000, '2020-02-20 17:36:52', NULL, 2, 2020),
(38, 'COMPRESSEUR SROLL ZP295KCE', 18, 0, 1000000, '2020-02-21 13:45:52', NULL, 2, 2020),
(39, 'FACTURE CAPA', 17, 0, 50000, '2020-02-25 08:06:25', NULL, 2, 2020),
(40, 'FACTURE  GAZ 141B  TROIC BONBONNE', 19, 0, 24000, '2020-02-25 15:50:08', NULL, 2, 2020),
(41, 'FQCTURE CODIQCO ', 19, 0, 400000, '2020-02-26 14:04:28', NULL, 2, 2020),
(42, 'fature ponpe a vide + gaz r141b', 17, 0, 70000, '2020-02-28 11:41:20', NULL, 2, 2020),
(43, 'COMPRESSEUR 12000BTU R407C', 2, 0, 20000, '2020-03-27 09:52:32', NULL, 3, 2020),
(44, 'FACTURE CAPA', 17, 0, 31000, '2020-03-27 09:53:07', NULL, 3, 2020),
(45, 'COMPRESSEUR 12000BTU R407C', 2, 0, 20000, '2020-03-27 10:11:09', NULL, 3, 2020),
(46, 'FACTURE COURONNE DE TUYAU 3/8', 4, 0, 200000, '2020-03-28 14:09:35', NULL, 3, 2020),
(47, 'COMPRESSEUR 12000BTU R407C', 2, 0, 80000, '2020-04-29 10:22:59', NULL, 4, 2020),
(48, 'FACTURE CAPA', 17, 0, 30000, '2020-06-20 09:56:24', NULL, 6, 2020),
(49, 'FACTURE JUIN', 4, 0, 100000, '2020-06-27 09:33:07', NULL, 6, 2020),
(50, 'DEUX COMPRESSEUR 1/6--1/5--R134', 5, 0, 50000, '2020-07-24 14:03:35', NULL, 7, 2020),
(51, 'TUYAU DE CUIVRE 3/8 - ,80 EPS', 4, 0, 50000, '2020-07-28 09:24:12', NULL, 7, 2020),
(52, 'compresseur 12000btu +deux bonbonne de gaz r141b', 7, 0, 25000, '2020-08-01 08:42:36', NULL, 8, 2020),
(53, 'COMPRESSEUR 12000BTU R22', 2, 0, 10000, '2020-09-08 07:55:46', NULL, 9, 2020),
(54, 'COMPRESSEUR 12000BTU R407C', 2, 0, 20000, '2020-09-11 07:04:12', NULL, 9, 2020),
(55, 'FACTURE CAPA ', 17, 0, 80000, '2020-09-22 09:49:47', NULL, 9, 2020),
(56, 'FACTURE COMPRESSEUR 12000BTU R407C', 2, 0, 40000, '2020-09-22 09:51:30', NULL, 9, 2020),
(57, 'FACTURE FAN 500', 19, 0, 60000, '2020-09-25 14:53:18', NULL, 9, 2020),
(58, 'FACTURE GAZ R22', 17, 0, 120000, '2020-10-03 06:37:37', NULL, 10, 2020),
(59, 'FACTURE COMPRESSEUR 12000BTU R407C', 2, 0, 70000, '2020-10-10 07:47:57', NULL, 10, 2020),
(60, 'FACTURE GAZ R22', 12, 0, 60000, '2020-10-10 07:49:11', NULL, 10, 2020),
(61, 'CLAVUS 68 18L', 19, 0, 225000, '2020-10-26 09:29:25', NULL, 10, 2020),
(62, 'FATURE  MOI DE SEPTEMBRE', 4, 0, 200000, '2020-10-29 09:05:43', NULL, 10, 2020),
(63, 'FACTURE CAP', 7, 0, 38800, '2020-10-29 09:47:35', NULL, 10, 2020),
(64, 'FACTURE GAZ R22', 17, 0, 60000, '2020-11-19 12:39:03', NULL, 11, 2020),
(65, 'facture compresseur zr94kce', 4, 0, 200000, '2020-11-27 12:23:58', NULL, 11, 2020),
(66, 'FACTURE CAP', 17, 0, 50000, '2020-12-08 09:12:11', NULL, 12, 2020),
(67, 'FACTURE GAZ +CAPA ', 17, 0, 90000, '2020-12-17 10:15:28', NULL, 12, 2020),
(68, 'facture capa +vacun pum', 17, 0, 60000, '2021-01-23 12:29:57', NULL, 1, 2021),
(69, 'DEUX COMPRESSEUR 12000BTU R410A', 2, 0, 40000, '2021-01-30 11:48:43', NULL, 1, 2021),
(70, 'FACTURE DE COURONNE DE CUIVRE', 4, 0, 40000, '2021-02-01 10:02:00', NULL, 2, 2021),
(71, 'DEUX COMPRESSEUR 12000BTU R410A', 2, 0, 20000, '2021-02-03 11:11:19', NULL, 2, 2021),
(72, 'DEUX COMPRESSEUR 12000BTU R410A', 2, 0, 20000, '2021-02-04 10:03:54', NULL, 2, 2021),
(73, 'mono multimetre', 2, 0, 65000, '2021-02-05 13:06:15', NULL, 2, 2021),
(74, 'facture manometre', 20, 0, 190000, '2021-02-12 14:00:39', NULL, 2, 2021),
(75, 'DEUX COMPRESSEUR 12000BTU R410A+metrice', 2, 0, 35000, '2021-02-12 14:27:12', NULL, 2, 2021),
(76, 'FAN 630', 2, 0, 140000, '2021-02-16 11:32:48', NULL, 2, 2021),
(77, 'FACTURE COFFRET', 12, 0, 400000, '2021-02-26 10:39:01', NULL, 2, 2021),
(78, ' multimetre', 2, 0, 45000, '2021-03-26 11:19:00', NULL, 3, 2021),
(79, 'COMPRESSEUR 12000BTU', 2, 0, 10000, '2021-03-26 11:21:13', NULL, 3, 2021),
(80, 'facture compresseur 1/4 ', 4, 0, 90000, '2021-03-29 11:42:13', NULL, 3, 2021),
(81, 'COMPRESSEUR 12000BTU R410+ DEUX FAN 630CN', 2, 0, 300000, '2021-03-29 11:36:31', NULL, 3, 2021),
(82, 'EMKARET RL32  4PSC', 7, 0, 120000, '2021-04-02 13:22:23', NULL, 4, 2021),
(83, 'BONBONNEW DE GAZ R 22 10PSC', 17, 0, 60000, '2021-04-02 13:23:40', NULL, 4, 2021),
(84, 'FACTURE MULTIMETR+MANOMTRE BIPASSA R410A', 2, 0, 45000, '2021-04-10 10:46:54', NULL, 4, 2021),
(85, 'TROIS COMPRESSEUR R410A', 2, 0, 53500, '2021-04-14 10:12:36', NULL, 4, 2021),
(86, 'CAPA+GAZ', 17, 0, 160000, '2021-04-17 12:12:57', NULL, 4, 2021),
(87, 'compresseur mtz80 +fam 130cm', 2, 0, 440000, '2021-04-28 11:11:44', NULL, 4, 2021),
(88, 'factur diver', 4, 0, 170000, '2021-04-29 08:27:10', NULL, 4, 2021),
(89, 'facture capa', 17, 0, 44000, '2021-07-02 10:28:48', NULL, 7, 2021),
(90, 'FACTURE EMKARAT', 7, 0, 105000, '2021-07-02 10:33:32', NULL, 7, 2021),
(91, 'FACTURE FAN 600CM', 2, 0, 550000, '2021-07-07 11:37:34', NULL, 7, 2021),
(92, 'COMPRESSEUR ZP385KCE', 2, 0, 350000, '2021-07-07 11:39:07', NULL, 7, 2021),
(93, 'FILTRE 7/8+ EMKARAT RL32 5L', 22, 0, 60000, '2021-08-03 11:13:24', NULL, 8, 2021),
(94, 'FACTURE GAZR22', 17, 0, 100000, '2021-08-23 09:07:40', NULL, 8, 2021),
(95, 'facture capa', 17, 0, 37000, '2021-08-23 15:29:34', NULL, 8, 2021),
(96, 'FACTURE GAZ 141B', 13, 0, 70000, '2021-09-09 08:52:18', NULL, 9, 2021),
(97, 'CARTE VRV', 19, 0, 500000, '2021-09-09 08:39:34', NULL, 9, 2021),
(98, 'MTZ 125 ', 2, 0, 250000, '2021-09-21 13:55:56', NULL, 9, 2021),
(99, 'FAM ', 2, 0, 300000, '2021-09-21 13:58:13', NULL, 9, 2021),
(100, 'FAN +MT80', 2, 0, 0, '2021-09-27 09:31:43', NULL, 9, 2021),
(101, 'FAN600X1+FAN400+MTZ80X1=150000+75000+250000', 2, 0, 475000, '2021-09-27 09:35:28', NULL, 9, 2021),
(102, 'COURONNE DE CUIVRE 3/4 ISOLE NOIR 30MAITRE EPS1M+COUDE5/8', 4, 0, 102000, '2021-09-27 09:39:24', NULL, 9, 2021),
(103, 'facture scrolle 6hp+ coude ', 4, 0, 175000, '2021-11-22 12:56:16', NULL, 11, 2021),
(104, 'FAN D700 380V  50/60HZ', 2, 0, 125000, '2021-11-22 12:57:58', NULL, 11, 2021),
(105, 'FACTURE GAS R407C', 17, 0, 105000, '2021-11-22 12:59:43', NULL, 11, 2021),
(106, 'facture compresseur scroll 6hp', 4, 0, 100000, '2021-11-29 08:53:40', NULL, 11, 2021),
(107, 'facture pumpe a vide', 4, 0, 150000, '2021-12-17 11:42:29', NULL, 12, 2021),
(108, 'FACTURE COMPRESSEUR SZ 120', 4, 0, 500000, '2021-12-22 17:07:48', NULL, 12, 2021),
(109, 'FACTURE FAN 600', 2, 0, 250000, '2021-12-23 17:05:21', NULL, 12, 2021),
(110, 'facture gaz R22', 17, 0, 75000, '2021-12-27 16:39:44', NULL, 12, 2021),
(111, 'DEUX FAN 630', 2, 0, 250000, '2021-12-29 11:12:57', NULL, 12, 2021),
(112, 'facture gaz 5000x4', 2, 0, 20000, '2021-12-29 11:27:41', NULL, 12, 2021),
(113, 'fACTURE EMKARAT R 100', 7, 0, 120000, '2022-01-04 16:40:25', NULL, 1, 2022),
(114, 'COMPRESSEUR 1/5+1/6', 4, 0, 30000, '2022-01-07 11:36:11', NULL, 1, 2022),
(115, 'facture compresseur 120btu R410', 7, 0, 168000, '2022-01-18 12:21:53', NULL, 1, 2022),
(116, 'FAN 630X2 ', 2, 0, 250000, '2022-01-18 12:24:34', NULL, 1, 2022),
(117, 'facture compresseur zp144kce+oil vacum pump', 4, 0, 350000, '2022-01-27 08:44:37', NULL, 1, 2022),
(118, 'facture fan 700', 2, 0, 125000, '2022-01-29 10:26:44', NULL, 1, 2022),
(119, 'facture fan 700', 2, 0, 125000, '2022-02-05 09:44:54', NULL, 2, 2022),
(120, 'FACTURE DIVER', 24, 0, 5000, '2022-02-17 14:55:39', NULL, 2, 2022),
(121, 'FACTUR DIVER', 24, 0, 5000, '2022-02-19 12:11:55', NULL, 2, 2022),
(122, 'compresseur 9000btu R410', 2, 0, 10000, '2022-02-21 12:06:08', NULL, 2, 2022),
(123, 'facture fan 700', 2, 0, 125000, '2022-02-21 12:07:58', NULL, 2, 2022),
(124, 'facture fan 700', 2, 0, 250000, '2022-02-28 09:39:01', NULL, 2, 2022),
(125, 'FACTURE COUDE 2750X60=', 4, 0, 165000, '2022-02-28 09:40:52', NULL, 2, 2022),
(126, 'tuyau + carte', 4, 0, 120000, '2022-03-01 16:52:44', NULL, 3, 2022),
(127, 'FATURE DIVER ', 24, 0, 300000, '2022-03-09 08:57:17', NULL, 3, 2022),
(128, 'facture bonbonne de de gaz ', 24, 0, 180000, '2022-03-16 14:36:02', NULL, 3, 2022),
(129, 'facture compresseur 9000btu', 24, 0, 90000, '2022-03-17 10:52:28', NULL, 3, 2022),
(130, 'facture diver', 24, 0, 447000, '2022-03-26 13:27:45', NULL, 3, 2022),
(131, 'FACTURE CUIVRE ', 4, 0, 90000, '2022-04-09 12:14:48', NULL, 4, 2022),
(132, 'FACTURE GAZ R410A + DETENDEUR R410A', 13, 0, 100000, '2022-04-16 15:42:08', NULL, 4, 2022),
(133, 'facture compresseur 250000+GAZR407C 30000X4=120000', 4, 0, 370000, '2022-05-02 12:23:26', NULL, 5, 2022),
(134, 'carte iverter vrv4', 25, 0, 1200000, '2022-05-06 09:19:32', NULL, 5, 2022),
(135, 'Facture cuivre 3/4 et 3/8 + 1/4', 4, 0, 150000, '2022-07-20 10:40:41', NULL, 7, 2022),
(136, 'facture carte', 17, 0, 50000, '2022-07-23 10:16:18', NULL, 7, 2022),
(137, 'Compresseur carrier', 26, 0, 50000, '2022-08-01 15:31:22', NULL, 8, 2022),
(138, 'FAN 6300 TROIS 80000X2+50000', 2, 0, 210000, '2022-08-17 14:53:11', NULL, 8, 2022),
(139, 'EMHARAT RL220 ', 3, 0, 150000, '2022-09-03 16:47:28', NULL, 9, 2022),
(140, 'FACTURE GAZ ', 2, 0, 75000, '2022-09-22 15:39:10', NULL, 9, 2022),
(141, 'FACTURE EMKARAT R220L', 3, 0, 200000, '2022-10-05 14:36:25', NULL, 10, 2022),
(142, 'FACTURE CARTE', 17, 0, 75000, '2022-10-05 15:57:47', NULL, 10, 2022),
(143, 'compresseur airtel ', 19, 0, 150000, '2022-10-18 07:54:15', NULL, 10, 2022),
(144, 'FACTURE GAZ R 22', 3, 0, 35000, '2022-11-02 16:47:02', NULL, 11, 2022),
(145, 'FACTURE COMPRESSEUR MTZ +VANNE +CUIVRE', 19, 0, 200000, '2022-11-03 15:05:42', NULL, 11, 2022),
(146, 'facture compresseur 6hp gaz 410', 4, 0, 200000, '2022-11-10 08:39:48', NULL, 11, 2022),
(147, 'facture cuivre 1/2', 25, 0, 25000, '2022-12-03 09:18:34', NULL, 12, 2022),
(148, 'FACTURE COMPRESSEUR 6HP', 2, 0, 100000, '2022-12-10 10:26:56', NULL, 12, 2022),
(149, 'factur gaz r410a', 25, 0, 85000, '2022-12-15 09:05:42', NULL, 12, 2022),
(150, 'facture compresseur 8hpx2', 4, 0, 400000, '2022-12-15 09:08:36', NULL, 12, 2022),
(151, 'facture gaz', 25, 0, 90000, '2022-12-21 08:12:03', NULL, 12, 2022),
(152, 'facture compresseur 6hp', 3, 0, 65000, '2022-12-21 08:14:10', NULL, 12, 2022),
(153, 'FAN 630', 2, 0, 160000, '2022-12-28 14:59:04', NULL, 12, 2022),
(154, 'facture cuive', 4, 0, 200000, '2022-12-31 10:11:21', NULL, 12, 2022),
(155, 'FAN 630 100MILLE X2 + ', 2, 0, 200000, '2023-01-21 10:28:25', NULL, 1, 2023),
(156, 'FAN 630', 2, 0, 100000, '2023-01-25 12:39:05', NULL, 1, 2023),
(157, 'CARTE', 25, 0, 550000, '2023-02-02 14:46:43', NULL, 2, 2023),
(158, 'hp', 25, 0, 50000, '2023-02-02 14:50:14', NULL, 2, 2023),
(159, 'facture multimetre  15000x7', 25, 0, 105000, '2023-02-03 12:49:06', NULL, 2, 2023),
(160, 'facture gaz', 25, 0, 127500, '2023-02-10 08:54:17', NULL, 2, 2023),
(161, 'Com de la premiere facture', 26, 600, 20000, '2023-02-19 12:42:48', '2023-02-19 12:42:48', 2, 2023);

-- --------------------------------------------------------

--
-- Structure de la table `delais`
--

CREATE TABLE `delais` (
  `id` int(11) NOT NULL,
  `name` int(11) NOT NULL
) ENGINE=InnoDB DEFAULT CHARSET=latin1;

--
-- Déchargement des données de la table `delais`
--

INSERT INTO `delais` (`id`, `name`) VALUES
(1, 15),
(2, 30),
(3, 45),
(4, 60),
(5, 75),
(6, 90),
(7, 120);

-- --------------------------------------------------------

--
-- Structure de la table `depenses`
--

CREATE TABLE `depenses` (
  `id` int(11) NOT NULL,
  `name` varchar(200) NOT NULL,
  `montant` int(11) NOT NULL,
  `created_at` datetime NOT NULL,
  `done_at` date DEFAULT NULL,
  `updated_at` datetime DEFAULT NULL,
  `active` tinyint(1) NOT NULL DEFAULT 1,
  `user_id` int(11) NOT NULL,
  `deptype_id` int(11) NOT NULL,
  `moi_id` int(11) DEFAULT NULL,
  `annee` int(11) DEFAULT NULL
) ENGINE=InnoDB DEFAULT CHARSET=latin1;

--
-- Déchargement des données de la table `depenses`
--

INSERT INTO `depenses` (`id`, `name`, `montant`, `created_at`, `done_at`, `updated_at`, `active`, `user_id`, `deptype_id`, `moi_id`, `annee`) VALUES
(1, 'achat de 3 rouleaux de tuyaux', 65000, '2018-10-16 18:49:40', NULL, NULL, 1, 3, 1, 10, 2018),
(2, 'COMPRESSEUR 12000BTU R22+FAN +TELECOMENDE', 116000, '2018-10-17 17:13:04', NULL, NULL, 1, 3, 1, 10, 2018),
(3, 'DEUX ROULEAX  DE TUYAU CUIVRE 1/2\'\' --15m +   DEUX ROULEAUX 1/4\'\' 30m', 70000, '2018-10-18 11:50:07', NULL, NULL, 1, 3, 1, 10, 2018),
(4, 'QUATRE COMPRESSEUR 12000BTU', 200000, '2018-10-18 12:58:44', NULL, NULL, 1, 3, 1, 10, 2018),
(5, ' DEUX BONBONNE DE GAZ R404A 10.9KG', 100000, '2018-10-18 14:52:35', NULL, NULL, 1, 3, 1, 10, 2018),
(6, 'UN  ROULEAX  DE TUYAU 1/2 -15m +un ROULEAUX 1/4 30m+ band armafliex', 57000, '2018-10-19 17:10:41', NULL, NULL, 1, 3, 1, 10, 2018),
(7, ' DEUX COURONNE DE TUYAU CUIVRE  15M DEUX COURONNE DE TUYAU 1/4\'\'', 50000, '2018-10-22 16:42:26', NULL, NULL, 1, 3, 1, 10, 2018),
(8, 'TROIS COURONNE DE TUYAU CUIVRE 1/2--15m-EPSR 0.8 +TROS COURONNE DE TUYAU CUIVRE1 /4 -15m', 75000, '2018-11-03 09:22:53', NULL, NULL, 1, 3, 1, 11, 2018),
(9, 'BANDE ISOLANTE 10PSC', 10000, '2018-12-06 11:05:48', NULL, NULL, 1, 3, 1, 12, 2018),
(10, 'SIMA ETIEN', 70000, '2018-12-06 15:46:38', NULL, NULL, 1, 3, 5, 12, 2018),
(11, 'COURONNE DE TUYAU CUIVRE 5/8\'\'-30m-EPSR 1+1/2 -6PSC 15m+1/4-30m 3PSC+ARMAFLIEX', 195000, '2018-12-07 13:22:13', NULL, NULL, 1, 3, 1, 12, 2018),
(12, 'MAKOSSO', 100000, '2018-12-10 10:06:59', NULL, NULL, 1, 3, 6, 12, 2018),
(13, '13 BONBONNE DE GAZ  R134A 13.6KG +4 BONBONNE GAZ R410A', 1085000, '2018-12-18 13:48:26', NULL, NULL, 1, 3, 1, 12, 2018),
(14, 'MILOS COURONNE DR TUYAU 3/8 15M 3PSC', 175000, '2019-01-24 13:40:16', NULL, NULL, 1, 3, 1, 1, 2019),
(15, 'DEUX MOIRE', 180000, '2019-02-01 16:19:45', NULL, NULL, 1, 3, 3, 2, 2019),
(16, '31/01/2018', 50000, '2019-02-01 16:20:39', NULL, NULL, 1, 3, 6, 2, 2019),
(17, ' SOREL  SIMA DEUX MOIRE   31/12/2018---01/02/2019 ', 140000, '2019-02-01 17:20:18', NULL, NULL, 1, 3, 5, 2, 2019),
(18, 'GAZ R22+R22+R410A ', 100000, '2019-02-08 15:03:58', NULL, NULL, 1, 3, 1, 2, 2019),
(19, 'mai juin 2018', 200000, '2019-02-20 09:37:07', NULL, NULL, 1, 3, 2, 2, 2019),
(20, 'MAKOSO', 50000, '2019-03-05 12:45:48', NULL, NULL, 1, 3, 6, 3, 2019),
(21, 'SOREL  SIMA DEUX MOIRE   ', 70000, '2019-03-06 11:20:03', NULL, NULL, 1, 3, 5, 3, 2019),
(22, 'makoso le 05/04/2019', 50000, '2019-04-12 07:52:22', NULL, NULL, 1, 3, 6, 4, 2019),
(23, 'SOREL  SIMA LE 05/04/2019', 70000, '2019-04-12 07:53:41', NULL, NULL, 1, 3, 5, 4, 2019),
(24, 'avril', 90000, '2019-05-13 14:32:58', NULL, NULL, 1, 3, 3, 5, 2019),
(25, ' BONBONNE GAZ R410A', 30000, '2019-05-27 09:26:02', NULL, NULL, 1, 3, 1, 5, 2019),
(26, 'COUNE DE TUYAU ISOLE 3/8+5/8+7/8 30M', 90000, '2019-05-27 09:30:03', NULL, NULL, 1, 3, 1, 5, 2019),
(27, 'BONBONNE GAZ R410A 3PS', 60000, '2019-05-27 09:30:36', NULL, NULL, 1, 3, 1, 5, 2019),
(28, 'COUNE DE TUYAU CUIVRE 3/8 -3PS +5/8 1PS 15M', 50000, '2019-05-27 09:32:18', NULL, NULL, 1, 3, 1, 5, 2019),
(29, 'cotion makosso', 250000, '2019-07-03 15:33:49', NULL, NULL, 1, 3, 6, 7, 2019),
(30, 'MAKOSO 09/07/2019', 50000, '2019-07-09 16:36:10', NULL, NULL, 1, 3, 6, 7, 2019),
(31, 'SOREL  SIMA ', 70000, '2019-07-09 16:36:57', NULL, NULL, 1, 3, 5, 7, 2019),
(32, 'COMPRESSEUR ZR72 +BONBONNE DE GAZ R22 ABIL', 100000, '2019-07-11 10:54:39', NULL, NULL, 1, 3, 1, 7, 2019),
(33, 'FRANC  CODISCO ', 420000, '2019-07-16 12:50:19', NULL, NULL, 1, 3, 1, 7, 2019),
(34, 'SOREL  SIMA  LE /03/08/2019', 70000, '2019-08-03 16:20:18', NULL, NULL, 1, 3, 5, 8, 2019),
(35, 'CAMBRE DE COMMERCE  2019', 20000, '2019-08-06 15:36:59', NULL, NULL, 1, 3, 7, 8, 2019),
(36, 'GRAVIERN GLACERIE', 125000, '2019-08-22 11:46:14', NULL, NULL, 1, 3, 1, 8, 2019),
(37, 'TUYAU 1\'\'-5/8 DEUX BARE 4m', 60000, '2019-08-22 12:33:59', NULL, NULL, 1, 3, 1, 8, 2019),
(38, 'TUYAU 1\'\'-5/8 DEUX BARE 4m', 60000, '2019-08-27 11:38:19', NULL, NULL, 1, 3, 1, 8, 2019),
(39, 'INSCRIPTION ', 93000, '2019-09-02 11:06:18', NULL, NULL, 1, 3, 8, 9, 2019),
(40, 'CAHIERS', 70000, '2019-09-02 11:08:04', NULL, NULL, 1, 3, 1, 9, 2019),
(41, 'pienture compresseur carly', 12000, '2019-09-10 15:13:51', NULL, NULL, 1, 3, 1, 9, 2019),
(42, 'TOLE GLACERIE', 110000, '2019-09-14 09:47:03', NULL, NULL, 1, 3, 1, 9, 2019),
(43, 'LIVRES CHRISTEVIE', 100000, '2019-10-02 07:37:20', NULL, NULL, 1, 3, 1, 10, 2019),
(44, 'TENU', 50000, '2019-10-02 08:33:02', NULL, NULL, 1, 3, 1, 10, 2019),
(45, 'TUYAU 1/4 -30Mn +BONBONNE DE GAZ R407C', 46000, '2019-10-03 16:14:20', NULL, NULL, 1, 3, 1, 10, 2019),
(46, 'PISTON', 50000, '2019-10-31 16:35:16', NULL, NULL, 1, 3, 1, 10, 2019),
(47, 'JUILLET-AUOT -SEPEMBRE-OCTOBRE 2018', 400000, '2019-11-09 13:33:05', NULL, NULL, 1, 3, 2, 11, 2019),
(48, 'NOVEMBRE', 100000, '2019-11-09 13:33:54', NULL, NULL, 1, 3, 6, 11, 2019),
(49, 'CONTABLE CODISCO', 20000, '2019-11-15 16:17:06', NULL, NULL, 1, 3, 1, 11, 2019),
(50, 'KIBOIANGA BELHEMME', 75000, '2019-12-03 08:34:09', NULL, NULL, 1, 3, 5, 12, 2019),
(51, 'RELAIS GROUPE ', 30000, '2019-12-27 16:01:25', NULL, NULL, 1, 3, 1, 12, 2019),
(52, 'KIBOIANGA BELHEMME', 75000, '2019-12-27 16:42:52', NULL, NULL, 1, 3, 5, 12, 2019),
(53, 'PAPA MAVOUNGOU', 75000, '2019-12-28 09:16:40', NULL, NULL, 1, 3, 6, 12, 2019),
(54, 'LA FAMILLE MAYILA', 400000, '2019-12-28 12:36:21', NULL, NULL, 1, 3, 2, 12, 2019),
(55, ' inots', 106000, '2020-02-28 11:29:30', NULL, NULL, 1, 3, 7, 2, 2020),
(56, 'bellhomme', 75000, '2020-02-28 11:29:42', NULL, NULL, 1, 3, 5, 2, 2020),
(57, 'bellhomme', 75000, '2020-03-31 16:51:08', NULL, NULL, 1, 3, 5, 3, 2020),
(58, 'deux moi', 150000, '2020-04-27 12:14:18', NULL, NULL, 1, 3, 3, 4, 2020),
(59, 'frevier mars 2020', 260000, '2020-05-30 09:22:41', NULL, NULL, 1, 3, 2, 5, 2020),
(60, 'bellhomme', 50000, '2020-06-03 11:18:10', NULL, NULL, 1, 3, 5, 6, 2020),
(61, 'mars', 75000, '2020-06-05 07:30:58', NULL, NULL, 1, 3, 6, 6, 2020),
(62, 'frevier mars 2020', 100000, '2020-06-05 07:32:19', NULL, NULL, 1, 3, 4, 6, 2020),
(63, 'avril mai', 300000, '2020-06-09 15:18:22', NULL, NULL, 1, 3, 3, 6, 2020),
(64, 'bellhomme', 75000, '2020-07-02 15:03:25', NULL, NULL, 1, 3, 5, 7, 2020),
(65, 'bellhomme', 100000, '2020-08-01 08:43:52', NULL, NULL, 1, 3, 5, 8, 2020),
(66, 'deux mois', 300000, '2020-08-01 08:44:36', NULL, NULL, 1, 3, 3, 8, 2020),
(67, '05/07/2020', 50000, '2020-08-05 13:37:16', NULL, NULL, 1, 3, 6, 8, 2020),
(68, 'juillet', 130000, '2020-08-07 08:39:37', NULL, NULL, 1, 3, 2, 8, 2020),
(69, 'juin', 130000, '2020-08-07 08:40:55', NULL, NULL, 1, 3, 2, 8, 2020),
(70, 'bellhomme', 75000, '2020-09-05 09:57:21', NULL, NULL, 1, 3, 5, 9, 2020),
(71, 'AOUT', 130000, '2020-09-08 09:01:17', NULL, NULL, 1, 3, 2, 9, 2020),
(72, 'SOLDE', 100000, '2020-09-19 07:45:49', NULL, NULL, 1, 3, 6, 9, 2020),
(73, 'septembre', 70000, '2020-10-03 08:37:47', NULL, NULL, 1, 3, 5, 10, 2020),
(74, 'septembre', 130000, '2020-10-10 07:51:08', NULL, NULL, 1, 3, 2, 10, 2020),
(75, 'PARCELLE 11080X25', 4000000, '2020-10-21 07:53:52', NULL, NULL, 1, 3, 1, 10, 2020),
(76, 'debite 5000', 70000, '2020-11-05 10:09:28', NULL, NULL, 1, 3, 5, 11, 2020),
(77, 'bellhomme', 70000, '2020-12-08 09:14:11', NULL, NULL, 1, 3, 5, 12, 2020),
(78, 'deux mois', 260000, '2020-12-08 09:14:40', NULL, NULL, 1, 3, 2, 12, 2020),
(79, 'avence', 100000, '2020-12-08 09:15:14', NULL, NULL, 1, 3, 6, 12, 2020),
(80, 'bellhomme MANBIALA ', 145000, '2020-12-31 16:29:54', NULL, NULL, 1, 3, 5, 12, 2020),
(81, 'TRENSPORT COMPRESSEUR DE CHINE+ DOUANE', 470000, '2021-01-30 11:40:18', NULL, NULL, 1, 3, 9, 1, 2021),
(82, 'bellhomme MANBIALA  ', 145000, '2021-02-03 11:04:15', NULL, NULL, 1, 3, 5, 2, 2021),
(83, 'decembre 2020 jeanvier frevier 2021-inpots des domaines=reste 284000 trois mois', 390000, '2021-02-23 10:21:58', NULL, NULL, 1, 3, 2, 2, 2021),
(84, 'bellhomme MANBIALA frevier', 145000, '2021-03-03 12:46:21', NULL, NULL, 1, 3, 5, 3, 2021),
(85, 'bellhomme MANBIALA AVR', 145000, '2021-04-02 13:29:32', NULL, NULL, 1, 3, 5, 4, 2021),
(86, 'MOBILIER', 50000, '2021-04-02 13:43:55', NULL, NULL, 1, 3, 7, 4, 2021),
(87, 'deux mois mars -avril', 260000, '2021-05-01 12:46:47', NULL, NULL, 1, 3, 2, 5, 2021),
(88, 'bellhomme MANBIALA avril', 145000, '2021-05-03 07:15:46', NULL, NULL, 1, 3, 5, 5, 2021),
(89, 'bellhomme MANBIALA', 145000, '2021-06-05 11:53:50', NULL, NULL, 1, 3, 5, 6, 2021),
(90, 'deux mois', 260000, '2021-07-03 09:31:52', NULL, NULL, 1, 3, 2, 7, 2021),
(91, 'bellhomme MANBIALA juin', 145000, '2021-07-03 09:33:23', NULL, NULL, 1, 3, 5, 7, 2021),
(92, 'MOIS DE JUILLET', 130000, '2021-08-03 11:25:33', NULL, NULL, 1, 3, 2, 8, 2021),
(93, 'MOIS DE JUILLET', 145000, '2021-08-03 11:26:20', NULL, NULL, 1, 3, 5, 8, 2021),
(94, 'JUIN JUILLET', 100000, '2021-08-03 11:27:11', NULL, NULL, 1, 3, 6, 8, 2021),
(95, 'basil', 900000, '2021-09-30 11:16:44', NULL, NULL, 1, 3, 9, 9, 2021),
(96, 'bellhomme MANBIALA OCTOBRE', 145000, '2021-11-05 14:59:15', NULL, NULL, 1, 3, 5, 11, 2021),
(97, 'douane de marchandies', 798000, '2021-11-15 10:22:41', NULL, NULL, 1, 3, 7, 11, 2021),
(98, 'douane de marchandies', 693000, '2021-11-23 09:15:33', NULL, NULL, 1, 3, 7, 11, 2021),
(99, 'mabiala bellhonne 5000 x2', 145000, '2021-11-30 10:33:22', NULL, NULL, 1, 3, 5, 11, 2021),
(100, 'movenbre', 110000, '2021-11-30 15:32:31', NULL, NULL, 1, 3, 2, 11, 2021),
(101, 'mabiala bellhonne decembre 2021 FIN ', 145000, '2021-12-28 15:38:43', NULL, NULL, 1, 3, 5, 12, 2021),
(102, 'jeanvier', 12000, '2022-01-12 12:17:48', NULL, NULL, 1, 3, 4, 1, 2022),
(103, 'mabiala bellhonne jeanviern 2022', 145000, '2022-02-07 16:15:50', NULL, NULL, 1, 3, 5, 2, 2022),
(104, 'jeanvier', 110000, '2022-02-07 16:18:17', NULL, NULL, 1, 3, 2, 2, 2022),
(105, 'mabiala bellhonne ', 145000, '2022-03-02 16:16:39', NULL, NULL, 1, 3, 5, 3, 2022),
(106, 'jeudi le 03/03/2020', 110000, '2022-03-03 09:45:04', NULL, NULL, 1, 3, 2, 3, 2022),
(107, 'mabiala bellhonne avril', 145000, '2022-04-12 16:17:55', NULL, NULL, 1, 3, 5, 4, 2022),
(108, 'mabiala bellhonne ', 200000, '2022-05-30 16:31:19', NULL, NULL, 1, 3, 5, 5, 2022),
(109, 'spliet 18000btu', 200000, '2022-06-17 16:30:27', NULL, NULL, 1, 3, 1, 6, 2022),
(110, 'mabiala solde ', 110000, '2022-07-04 09:08:08', NULL, NULL, 1, 3, 5, 7, 2022),
(111, ' bellhonne RESTE 25000', 100000, '2022-07-07 10:43:19', NULL, NULL, 1, 3, 5, 7, 2022),
(112, '+RESTE DE 60000+50000 SNE SOLDE', 170000, '2022-07-07 10:44:46', NULL, NULL, 1, 3, 2, 7, 2022),
(113, 'bellhonne ', 75000, '2022-08-06 11:45:49', NULL, NULL, 1, 3, 5, 8, 2022),
(114, 'juil+aout    reste le mois de sept', 220000, '2022-10-08 08:04:33', NULL, NULL, 1, 3, 2, 10, 2022),
(115, ' septembre  et  octobre ', 220000, '2022-11-03 15:39:02', NULL, NULL, 1, 3, 2, 11, 2022),
(116, 'mabiala bellhonne', 145000, '2022-11-03 15:47:44', NULL, NULL, 1, 3, 5, 11, 2022),
(117, 'novembre', 110000, '2022-12-08 14:01:48', NULL, NULL, 1, 3, 2, 12, 2022),
(118, 'mabiala bellhonne', 145000, '2022-12-08 14:02:10', NULL, NULL, 1, 3, 5, 12, 2022),
(119, 'diver', 1482700, '2022-12-31 09:59:52', NULL, NULL, 1, 3, 1, 12, 2022),
(120, 'fin d,anne moi de decembre', 60000, '2022-12-31 10:02:41', NULL, NULL, 1, 3, 2, 12, 2022),
(121, 'fin d,anne moi de decembre', 145000, '2022-12-31 10:03:05', NULL, NULL, 1, 3, 5, 12, 2022),
(122, 'SNE', 100000, '2023-01-27 16:20:07', NULL, NULL, 1, 3, 1, 1, 2023);

-- --------------------------------------------------------

--
-- Structure de la table `deptypes`
--

CREATE TABLE `deptypes` (
  `id` int(11) NOT NULL,
  `name` varchar(200) NOT NULL
) ENGINE=InnoDB DEFAULT CHARSET=latin1;

--
-- Déchargement des données de la table `deptypes`
--

INSERT INTO `deptypes` (`id`, `name`) VALUES
(1, 'ACHATS'),
(2, 'LOYER BOUTIQUE'),
(3, 'LOYER MAISON + DEPOT'),
(4, 'SNE'),
(5, 'SALAIRE'),
(6, 'GLACERI'),
(7, ' PAIEMENT TAXE'),
(8, 'frair scolaire'),
(9, 'TRANAPORT ');

-- --------------------------------------------------------

--
-- Structure de la table `entrees`
--

CREATE TABLE `entrees` (
  `id` int(11) NOT NULL,
  `name` varchar(50) NOT NULL,
  `created` date NOT NULL,
  `client_id` int(11) NOT NULL,
  `moi_id` int(11) DEFAULT NULL,
  `annee` int(11) DEFAULT NULL
) ENGINE=InnoDB DEFAULT CHARSET=latin1;

--
-- Déchargement des données de la table `entrees`
--

INSERT INTO `entrees` (`id`, `name`, `created`, `client_id`, `moi_id`, `annee`) VALUES
(1, 'CHTV008/2018', '2018-10-16', 0, 10, 2018),
(2, 'CHTV009/2018', '2018-12-04', 0, 12, 2018),
(3, 'CHTV0010/2018', '2018-12-04', 0, 12, 2018),
(4, 'CHTV0011/2018', '2018-12-22', 0, 12, 2018),
(5, 'CHTV0012/2019', '2019-01-17', 0, 1, 2019),
(6, 'CHTV0013/2019', '2019-02-19', 0, 2, 2019),
(7, 'CHTV0014/2019', '2019-02-19', 0, 2, 2019),
(8, 'CHTV0015/2019', '2019-05-16', 63, 5, 2019),
(9, 'CHTV0016/2019', '2019-05-16', 63, 5, 2019),
(10, 'CHTV0017/2019', '2019-05-27', 63, 5, 2019),
(11, 'CHTV0018/2019', '2019-06-04', 0, 6, 2019),
(12, 'CHTV0019/2019', '2019-08-03', 76, 8, 2019),
(13, 'CHTV0020/2019', '2019-08-03', 0, 8, 2019),
(14, 'CHTV0021/2019', '2019-08-05', 0, 8, 2019),
(15, 'CHTV0022/2019', '2019-08-05', 77, 8, 2019),
(16, 'CHTV0023/2019', '2019-08-06', 78, 8, 2019),
(17, 'CHTV0024/2019', '2019-08-08', 66, 8, 2019),
(18, 'CHTV0025/2019', '2019-08-08', 79, 8, 2019),
(19, 'CHTV0026/2019', '2019-08-08', 79, 8, 2019),
(20, 'CHTV0027/2019', '2019-08-09', 80, 8, 2019),
(21, 'CHTV0028/2019', '2019-08-13', 65, 8, 2019),
(22, 'CHTV0029/2019', '2019-08-27', 66, 8, 2019),
(23, 'CHTV0030/2019', '2019-08-27', 86, 8, 2019),
(25, 'CHTV0032/2019', '2019-08-30', 81, 8, 2019),
(26, 'CHTV0033/2019', '2019-09-07', 65, 9, 2019),
(27, 'CHTV0034/2019', '2019-09-10', 66, 9, 2019),
(28, 'CHTV0035/2019', '2019-09-13', 66, 9, 2019),
(29, 'CHTV0036/2019', '2019-09-18', 97, 9, 2019),
(30, 'CHTV0037/2019', '2019-09-20', 66, 9, 2019),
(31, 'CHTV0038/2019', '2019-10-22', 63, 10, 2019),
(32, 'CHTV0039/2019', '2019-10-26', 109, 10, 2019),
(33, 'CHTV0040/2019', '2019-11-06', 97, 11, 2019),
(34, 'CHTV0041/2019', '2019-11-14', 97, 11, 2019),
(35, 'CHTV0042/2019', '2019-11-14', 112, 11, 2019),
(36, 'CHTV0043/2019', '2019-11-27', 114, 11, 2019),
(37, 'CHTV0044/2019', '2019-11-28', 71, 11, 2019),
(38, 'CHTV0045/2019', '2019-12-06', 118, 12, 2019),
(39, 'CHTV0046/2019', '2019-12-17', 119, 12, 2019),
(40, 'CHTV0047/2019', '2019-12-17', 119, 12, 2019),
(41, 'CHTV0048/2019', '2019-12-24', 65, 12, 2019),
(42, 'CHTV0049/2019', '2019-12-28', 112, 12, 2019),
(43, 'CHTV0050/2020', '2020-02-26', 106, 2, 2020),
(44, 'CHTV0051/2020', '2020-03-27', 97, 3, 2020),
(45, 'CHTV0052/2020', '2020-03-27', 118, 3, 2020),
(46, 'CHTV0053/2020', '2020-03-27', 112, 3, 2020),
(47, 'CHTV0054/2020', '2020-03-31', 106, 3, 2020),
(48, 'CHTV0055/2020', '2020-04-27', 66, 4, 2020),
(49, 'CHTV0056/2020', '2020-04-29', 106, 4, 2020),
(50, 'CHTV0057/2020', '2020-05-23', 97, 5, 2020),
(51, 'CHTV0058/2020', '2020-05-23', 66, 5, 2020),
(52, 'CHTV0059/2020', '2020-05-30', 130, 5, 2020),
(53, 'CHTV0060/2020', '2020-06-03', 71, 6, 2020),
(54, 'CHTV0061/2020', '2020-06-03', 71, 6, 2020),
(55, 'CHTV0062/2020', '2020-06-04', 112, 6, 2020),
(56, 'CHTV0063/2020', '2020-06-06', 81, 6, 2020),
(57, 'CHTV0064/2020', '2020-06-06', 131, 6, 2020),
(58, 'CHTV0065/2020', '2020-06-20', 131, 6, 2020),
(59, 'CHTV0066/2020', '2020-06-27', 106, 6, 2020),
(60, 'CHTV0067/2020', '2020-06-29', 132, 6, 2020),
(61, 'CHTV0068/2020', '2020-07-08', 131, 7, 2020),
(62, 'CHTV0069/2020', '2020-08-15', 106, 8, 2020),
(63, 'CHTV0070/2020', '2020-08-20', 112, 8, 2020),
(64, 'CHTV0071/2020', '2020-09-27', 71, 9, 2020),
(65, 'CHTV0072/2020', '2020-09-27', 71, 9, 2020),
(66, 'CHTV0073/2020', '2020-10-14', 109, 10, 2020),
(67, 'CHTV0074/2020', '2020-11-16', 71, 11, 2020),
(68, 'CHTV0075/2020', '2020-12-08', 112, 12, 2020),
(69, 'CHTV0076/2021', '2021-03-04', 71, 3, 2021),
(70, 'CHTV0077/2021', '2021-03-29', 112, 3, 2021),
(71, 'CHTV0078/2021', '2021-04-02', 71, 4, 2021),
(72, 'CHTV0079/2021', '2021-05-12', 145, 5, 2021),
(73, 'CHTV0080/2021', '2021-06-30', 112, 6, 2021),
(74, 'CHTV0081/2021', '2021-06-30', 147, 6, 2021),
(75, 'CHTV0082/2021', '2021-06-30', 71, 6, 2021),
(76, 'CHTV0083/2021', '2021-07-13', 97, 7, 2021),
(77, 'CHTV0084/2021', '2021-08-03', 65, 8, 2021),
(78, 'CHTV0085/2021', '2021-08-18', 71, 8, 2021),
(79, 'CHTV0086/2021', '2021-08-28', 65, 8, 2021),
(80, 'CHTV0087/2021', '2021-09-07', 71, 9, 2021),
(81, 'CHTV0088/2021', '2021-09-09', 71, 9, 2021),
(82, 'CHTV0089/2021', '2021-09-30', 149, 9, 2021),
(83, 'CHTV0090/2021', '2021-12-24', 71, 12, 2021),
(84, 'CHTV0091/2021', '2021-12-28', 0, 12, 2021),
(85, 'CHTV0092/2021', '2021-12-28', 71, 12, 2021),
(86, 'CHTV0093/2021', '2021-12-28', 71, 12, 2021),
(87, 'CHTV0094/2021', '2021-12-29', 130, 12, 2021),
(88, 'CHTV0095/2021', '2021-12-31', 71, 12, 2021),
(89, 'CHTV0096/2022', '2022-01-06', 130, 1, 2022),
(90, 'CHTV0097/2022', '2022-01-06', 71, 1, 2022),
(91, 'CHTV0098/2022', '2022-01-22', 71, 1, 2022),
(92, 'CHTV0099/2022', '2022-01-25', 71, 1, 2022),
(93, 'CHTV00100/2022', '2022-02-05', 97, 2, 2022),
(94, 'CHTV00101/2022', '2022-02-10', 130, 2, 2022),
(95, 'CHTV00102/2022', '2022-02-19', 152, 2, 2022),
(96, 'CHTV00103/2022', '2022-02-22', 153, 2, 2022),
(97, 'CHTV00104/2022', '2022-03-01', 153, 3, 2022),
(98, 'CHTV00105/2022', '2022-03-08', 112, 3, 2022),
(99, 'CHTV00106/2022', '2022-03-10', 71, 3, 2022),
(100, 'CHTV00107/2022', '2022-03-10', 71, 3, 2022),
(101, 'CHTV00108/2022', '2022-03-17', 97, 3, 2022),
(102, 'CHTV00109/2022', '2022-03-28', 97, 3, 2022),
(103, 'CHTV00110/2022', '2022-04-11', 71, 4, 2022),
(104, 'CHTV00111/2022', '2022-04-12', 97, 4, 2022),
(105, 'CHTV00112/2022', '2022-04-28', 0, 4, 2022),
(106, 'CHTV00113/2022', '2022-04-28', 153, 4, 2022),
(107, 'CHTV00114/2022', '2022-04-29', 81, 4, 2022),
(108, 'CHTV00115/2022', '2022-04-29', 97, 4, 2022),
(109, 'CHTV00116/2022', '2022-05-02', 71, 5, 2022),
(110, 'CHTV00117/2022', '2022-05-03', 153, 5, 2022),
(111, 'CHTV00118/2022', '2022-05-03', 155, 5, 2022),
(112, 'CHTV00119/2022', '2022-05-30', 97, 5, 2022),
(113, 'CHTV00120/2022', '2022-05-31', 158, 5, 2022),
(114, 'CHTV00121/2022', '2022-06-03', 153, 6, 2022),
(115, 'CHTV00122/2022', '2022-06-17', 97, 6, 2022),
(116, 'CHTV00123/2022', '2022-07-04', 97, 7, 2022),
(117, 'CHTV00124/2022', '2022-07-18', 97, 7, 2022),
(118, 'CHTV00125/2022', '2022-07-22', 147, 7, 2022),
(119, 'CHTV00126/2022', '2022-07-26', 97, 7, 2022),
(120, 'CHTV00127/2022', '2022-10-07', 97, 10, 2022),
(121, 'CHTV00128/2022', '2022-12-02', 147, 12, 2022),
(122, 'CHTV00129/2022', '2022-12-03', 153, 12, 2022),
(123, 'CHTV00130/2022', '2022-12-28', 147, 12, 2022),
(124, 'CHTV00131/2022', '2022-12-29', 130, 12, 2022),
(125, 'CHTV00132/2023', '2023-01-14', 155, 1, 2023),
(126, 'CHTV00133/2023', '2023-01-14', 145, 1, 2023),
(127, 'CHTV00134/2023', '2023-01-27', 65, 1, 2023);

-- --------------------------------------------------------

--
-- Structure de la table `f19actures`
--

CREATE TABLE `f19actures` (
  `id` int(11) NOT NULL,
  `reference` varchar(100) NOT NULL,
  `created` datetime NOT NULL,
  `client_id` int(11) NOT NULL,
  `statut` tinyint(1) NOT NULL,
  `notes` text NOT NULL,
  `user_id` int(11) NOT NULL,
  `delai_id` int(11) NOT NULL,
  `remise` int(11) NOT NULL,
  `client_name` varchar(100) NOT NULL,
  `paye` tinyint(1) NOT NULL,
  `fournisseur` tinyint(1) NOT NULL DEFAULT 0,
  `moi_id` int(11) DEFAULT NULL,
  `annee` int(11) DEFAULT NULL
) ENGINE=InnoDB DEFAULT CHARSET=latin1;

--
-- Déchargement des données de la table `f19actures`
--

INSERT INTO `f19actures` (`id`, `reference`, `created`, `client_id`, `statut`, `notes`, `user_id`, `delai_id`, `remise`, `client_name`, `paye`, `fournisseur`, `moi_id`, `annee`) VALUES
(88, 'CHTV001/2019', '2019-01-02 08:50:18', 2, 1, '', 3, 1, 0, '', 1, 0, 1, 2019),
(89, 'CHTV002/2019', '2019-01-02 13:38:36', 10, 1, '', 3, 0, 0, '', 1, 0, 1, 2019),
(90, 'CHTV003/2019', '2019-01-02 17:02:16', 22, 0, '', 3, 0, 0, '', 0, 0, 1, 2019),
(91, 'CHTV004/2019', '2019-01-04 12:32:13', 1, 1, '', 3, 4, 0, '', 0, 0, 1, 2019),
(92, 'CHTV005/2019', '2019-01-05 12:53:16', 10, 1, '', 3, 0, 0, '', 1, 0, 1, 2019),
(93, 'CHTV006/2019', '2019-01-05 16:23:38', 10, 1, '', 3, 0, 0, '', 1, 0, 1, 2019),
(94, 'CHTV007/2019', '2019-01-07 07:31:29', 10, 1, '', 3, 0, 0, '', 1, 0, 1, 2019),
(95, 'CHTV008/2019', '2019-01-07 10:02:39', 1, 1, '', 3, 4, 0, '', 0, 0, 1, 2019),
(96, 'CHTV009/2019', '2019-01-07 12:58:23', 10, 1, '', 3, 0, 0, '', 1, 0, 1, 2019),
(97, 'CHTV0010/2019', '2019-01-07 14:56:50', 15, 1, '', 3, 4, 0, '', 0, 0, 1, 2019),
(98, 'CHTV0011/2019', '2019-01-09 07:19:49', 10, 1, '', 3, 0, 0, '', 1, 0, 1, 2019),
(99, 'CHTV0012/2019', '2019-01-09 12:09:43', 15, 1, '', 3, 0, 0, '', 1, 0, 1, 2019),
(100, 'CHTV0013/2019', '2019-01-10 15:56:02', 12, 1, '', 3, 0, 47, '', 1, 0, 1, 2019),
(101, 'CHTV0014/2019', '2019-01-10 16:18:09', 5, 1, '', 3, 0, 0, '', 1, 0, 1, 2019),
(102, 'CHTV0015/2019', '2019-01-11 10:15:54', 10, 1, '', 3, 0, 0, '', 1, 0, 1, 2019),
(103, 'CHTV0016/2019', '2019-01-12 10:11:08', 15, 1, '', 3, 0, 0, '', 0, 0, 1, 2019),
(104, 'CHTV0017/2019', '2019-01-12 13:25:18', 10, 1, '', 3, 0, 0, '', 1, 0, 1, 2019),
(105, 'CHTV0018/2019', '2019-01-14 11:05:21', 3, 1, '', 3, 2, 0, '', 1, 0, 1, 2019),
(106, 'CHTV0019/2019', '2019-01-14 11:12:30', 10, 1, '', 3, 0, 0, '', 1, 0, 1, 2019),
(107, 'CHTV0020/2019', '2019-01-15 14:19:51', 10, 1, '', 3, 0, 0, '', 1, 0, 1, 2019),
(108, 'CHTV0021/2019', '2019-01-16 09:58:36', 1, 1, '', 3, 4, 0, '', 1, 0, 1, 2019),
(109, 'CHTV0022/2019', '2019-01-16 16:21:51', 10, 1, '', 3, 0, 0, '', 1, 0, 1, 2019),
(110, 'CHTV0023/2019', '2019-01-16 16:58:13', 3, 1, '', 3, 2, 0, '', 1, 0, 1, 2019),
(111, 'CHTV0024/2019', '2019-01-17 08:09:41', 5, 1, '', 3, 0, 0, '', 1, 0, 1, 2019),
(112, 'CHTV0025/2019', '2019-01-17 14:52:50', 10, 1, '', 3, 0, 0, '', 1, 0, 1, 2019),
(113, 'CHTV0026/2019', '2019-01-18 12:10:43', 1, 1, '', 3, 4, 0, '', 0, 0, 1, 2019),
(114, 'CHTV0027/2019', '2019-01-18 12:29:10', 0, 1, '', 3, 0, 0, 'SITRAD', 1, 0, 1, 2019),
(115, 'CHTV0028/2019', '2019-01-18 12:30:59', 32, 0, '', 3, 0, 0, '', 0, 0, 1, 2019),
(116, 'CHTV0029/2019', '2019-01-18 15:56:50', 10, 1, '', 3, 0, 0, '', 1, 0, 1, 2019),
(117, 'CHTV0030/2019', '2019-01-19 16:44:28', 10, 1, '', 3, 0, 0, '', 1, 0, 1, 2019),
(118, 'CHTV0031/2019', '2019-01-19 16:46:36', 1, 1, '', 3, 0, 0, '', 1, 0, 1, 2019),
(119, 'CHTV0032/2019', '2019-01-21 07:54:03', 10, 1, '', 3, 0, 0, '', 1, 0, 1, 2019),
(120, 'CHTV0033/2019', '2019-01-21 13:27:33', 10, 1, '', 3, 0, 0, '', 1, 0, 1, 2019),
(121, 'CHTV0034/2019', '2019-01-23 07:59:56', 33, 1, '', 3, 0, 0, '', 0, 0, 1, 2019),
(122, 'CHTV0035/2019', '2019-01-23 17:15:03', 10, 1, '', 3, 0, 0, '', 1, 0, 1, 2019),
(123, 'CHTV0036/2019', '2019-01-23 17:15:04', 10, 1, '', 3, 0, 0, '', 1, 0, 1, 2019),
(124, 'CHTV0038/2019', '2019-01-24 16:07:28', 14, 0, '', 3, 0, 0, '', 0, 0, 1, 2019),
(125, 'CHTV0039/2019', '2019-01-25 11:28:19', 1, 1, '', 3, 0, 0, '', 0, 0, 1, 2019),
(126, 'CHTV0040/2019', '2019-01-25 14:06:35', 34, 1, '', 3, 0, 0, '', 1, 0, 1, 2019),
(127, 'CHTV0047/2019', '2019-01-25 14:08:12', 10, 1, '', 3, 0, 0, '', 1, 0, 1, 2019),
(128, 'CHTV0048/2019', '2019-01-26 09:19:14', 10, 1, '', 3, 0, 0, '', 1, 0, 1, 2019),
(129, 'CHTV0049/2019', '2019-01-26 12:12:57', 10, 1, '', 3, 0, 0, '', 1, 0, 1, 2019),
(130, 'CHTV0050/2019', '2019-01-29 08:15:44', 15, 1, '', 3, 0, 0, '', 1, 0, 1, 2019),
(131, 'CHTV0051/2019', '2019-01-30 07:25:21', 22, 0, '', 3, 0, 0, '', 0, 0, 1, 2019),
(132, 'CHTV0052/2019', '2019-01-31 08:02:21', 10, 1, '', 3, 0, 0, '', 1, 0, 1, 2019),
(133, 'CHTV0053/2019', '2019-01-31 09:08:32', 10, 1, '', 3, 0, 0, '', 1, 0, 1, 2019),
(134, 'CHTV0054/2019', '2019-01-31 15:25:30', 10, 1, '', 3, 0, 0, '', 1, 0, 1, 2019),
(135, 'CHTV0055/2019', '2019-02-02 10:18:21', 2, 1, '', 3, 1, 0, '', 1, 0, 2, 2019),
(136, 'CHTV0056/2019', '2019-02-02 11:47:47', 31, 1, '', 3, 0, 0, '', 1, 0, 2, 2019),
(137, 'CHTV0057/2019', '2019-02-04 07:26:18', 10, 1, '', 3, 0, 0, '', 1, 0, 2, 2019),
(138, 'CHTV0061/2019', '2019-02-04 09:59:38', 7, 0, '', 3, 4, 0, '', 0, 0, 2, 2019),
(139, 'CHTV0062/2019', '2019-02-04 16:36:24', 10, 1, '', 3, 0, 0, '', 1, 0, 2, 2019),
(140, 'CHTV0063/2019', '2019-02-05 10:29:32', 10, 1, '', 3, 0, 0, '', 1, 0, 2, 2019),
(141, 'CHTV0064/2019', '2019-02-05 17:07:59', 10, 1, '', 3, 0, 0, '', 1, 0, 2, 2019),
(142, 'CHTV0065/2019', '2019-02-06 09:28:03', 35, 1, '', 3, 0, 0, '', 1, 0, 2, 2019),
(143, 'CHTV0066/2019', '2019-02-06 10:21:08', 7, 0, '', 3, 0, 0, '', 0, 0, 2, 2019),
(144, 'CHTV0067/2019', '2019-02-07 07:39:51', 2, 1, '', 3, 1, 0, '', 1, 0, 2, 2019),
(145, 'CHTV0068/2019', '2019-02-07 08:42:50', 5, 1, '', 3, 0, 0, '', 1, 0, 2, 2019),
(146, 'CHTV0070/2019', '2019-02-07 09:05:05', 1, 1, '', 3, 4, 0, '', 1, 0, 2, 2019),
(147, 'CHTV0071/2019', '2019-02-07 09:15:36', 1, 1, '', 3, 4, 0, '', 0, 0, 2, 2019),
(148, 'CHTV0072/2019', '2019-02-07 12:29:19', 36, 1, '', 3, 0, 0, '', 1, 0, 2, 2019),
(149, 'CHTV0073/2019', '2019-02-07 13:43:10', 10, 1, '', 3, 0, 0, '', 1, 0, 2, 2019),
(150, 'CHTV0074/2019', '2019-02-07 14:24:41', 11, 1, '', 3, 0, 0, '', 1, 0, 2, 2019),
(151, 'CHTV0075/2019', '2019-02-07 16:22:36', 5, 1, '', 3, 0, 0, '', 1, 0, 2, 2019),
(152, 'CHTV0076/2019', '2019-02-08 08:19:28', 3, 1, '', 3, 2, 0, '', 1, 0, 2, 2019),
(153, 'CHTV0077/2019', '2019-02-08 09:48:44', 37, 1, '', 3, 0, 0, '', 1, 0, 2, 2019),
(154, 'CHTV0078/2019', '2019-02-11 13:40:30', 22, 1, '', 3, 0, 0, '', 1, 0, 2, 2019),
(155, 'CHTV0079/2019', '2019-02-11 13:45:24', 10, 1, '', 3, 0, 0, '', 1, 0, 2, 2019),
(156, 'CHTV0080/2019', '2019-02-12 07:22:15', 1, 1, '', 3, 4, 0, '', 0, 0, 2, 2019),
(157, 'CHTV0081/2019', '2019-02-12 08:26:42', 38, 0, '', 3, 0, 0, '', 0, 0, 2, 2019),
(158, 'CHTV0082/2019', '2019-02-12 10:33:34', 10, 1, '', 3, 0, 0, '', 1, 0, 2, 2019),
(159, 'CHTV0083/2019', '2019-02-12 11:15:01', 39, 1, '', 3, 0, 0, '', 1, 0, 2, 2019),
(160, 'CHTV0085/2019', '2019-02-12 11:31:14', 5, 1, '', 3, 0, 0, '', 1, 0, 2, 2019),
(161, 'CHTV0086/2019', '2019-02-12 12:01:52', 5, 1, '', 3, 0, 0, '', 1, 0, 2, 2019),
(162, 'CHTV0087/2019', '2019-02-12 13:16:01', 40, 1, '', 3, 0, 0, '', 1, 0, 2, 2019),
(163, 'CHTV0088/2019', '2019-02-12 15:56:48', 10, 1, '', 3, 0, 0, '', 1, 0, 2, 2019),
(164, 'CHTV0089/2019', '2019-02-14 07:07:04', 10, 1, '', 3, 0, 1, '', 1, 0, 2, 2019),
(165, 'CHTV0090/2019', '2019-02-14 14:34:46', 11, 1, '', 3, 0, 0, '', 0, 0, 2, 2019),
(166, 'CHTV0091/2019', '2019-02-15 09:39:34', 10, 1, '', 3, 0, 0, '', 1, 0, 2, 2019),
(167, 'CHTV0092/2019', '2019-02-15 09:48:53', 22, 1, '', 3, 1, 0, '', 0, 0, 2, 2019),
(168, 'CHTV0093/2019', '2019-02-16 13:26:23', 25, 1, '', 3, 0, 0, '', 1, 0, 2, 2019),
(169, 'CHTV0094/2019', '2019-02-16 13:42:07', 10, 1, '', 3, 0, 0, '', 1, 0, 2, 2019),
(170, 'CHTV0095/2019', '2019-02-18 09:51:27', 1, 1, '', 3, 4, 0, '', 0, 0, 2, 2019),
(171, 'CHTV0096/2019', '2019-02-18 09:56:59', 11, 1, '', 3, 0, 0, '', 0, 0, 2, 2019),
(172, 'CHTV0097/2019', '2019-02-18 16:30:43', 10, 1, '', 3, 0, 0, '', 1, 0, 2, 2019),
(173, 'CHTV0098/2019', '2019-02-19 09:59:39', 1, 1, '', 3, 0, 0, '', 0, 0, 2, 2019),
(174, 'CHTV0099/2019', '2019-02-19 11:55:43', 41, 1, '', 3, 2, 0, '', 1, 0, 2, 2019),
(177, 'CHTV00102/2019', '2019-02-19 18:35:50', 0, 1, '', 3, 2, 15, 'Basil', 0, 0, 2, 2019),
(178, 'CHTV00103/2019', '2019-02-20 07:33:33', 1, 1, '', 3, 0, 0, '', 1, 0, 2, 2019),
(179, 'CHTV00106/2019', '2019-02-20 08:37:00', 1, 1, '', 3, 4, 0, '', 0, 0, 2, 2019),
(180, 'CHTV00107/2019', '2019-02-20 12:00:20', 10, 1, '', 3, 0, 0, '', 1, 0, 2, 2019),
(181, 'CHTV00108/2019', '2019-02-20 15:06:53', 10, 1, '', 3, 0, 0, '', 1, 0, 2, 2019),
(182, 'CHTV00109/2019', '2019-02-21 07:58:26', 15, 1, '', 3, 1, 0, '', 0, 0, 2, 2019),
(183, 'CHTV00110/2019', '2019-02-21 12:49:24', 10, 1, '', 3, 0, 0, '', 1, 0, 2, 2019),
(184, 'CHTV00112/2019', '2019-02-22 08:27:09', 22, 1, '', 3, 0, 0, '', 0, 0, 2, 2019),
(185, 'CHTV00113/2019', '2019-02-23 11:43:02', 22, 1, '', 3, 0, 1, '', 0, 0, 2, 2019),
(186, 'CHTV00114/2019', '2019-02-23 14:56:19', 11, 0, '', 3, 0, 0, '', 0, 0, 2, 2019),
(187, 'CHTV00115/2019', '2019-02-23 16:21:21', 10, 1, '', 3, 0, 0, '', 1, 0, 2, 2019),
(188, 'CHTV00116/2019', '2019-02-23 16:40:11', 10, 1, '', 3, 0, 0, '', 1, 0, 2, 2019),
(189, 'CHTV00117/2019', '2019-02-25 14:48:41', 42, 1, '', 3, 0, 0, '', 1, 0, 2, 2019),
(190, 'CHTV00121/2019', '2019-02-26 08:00:42', 37, 1, '', 3, 0, 0, '', 1, 0, 2, 2019),
(191, 'CHTV00123/2019', '2019-02-26 08:19:21', 37, 0, '', 3, 0, 0, '', 0, 0, 2, 2019),
(192, 'CHTV00125/2019', '2019-02-26 14:11:09', 1, 0, '', 3, 0, 0, '', 0, 0, 2, 2019),
(193, 'CHTV00126/2019', '2019-02-27 13:40:34', 43, 1, '', 3, 0, 0, '', 1, 0, 2, 2019),
(194, 'CHTV00127/2019', '2019-02-28 14:11:38', 44, 1, '', 3, 0, 0, '', 1, 0, 2, 2019),
(195, 'CHTV00128/2019', '2019-02-28 14:11:39', 44, 1, '', 3, 0, 0, '', 1, 0, 2, 2019),
(196, 'CHTV00129/2019', '2019-02-28 16:36:05', 1, 1, '', 3, 4, 0, '', 0, 0, 11, 2019),
(197, 'CHTV00130/2019', '2019-03-01 10:47:04', 3, 1, '', 3, 0, 0, '', 1, 0, 3, 2019),
(198, 'CHTV00131/2019', '2019-03-01 15:54:52', 10, 1, '', 3, 0, 0, '', 1, 0, 3, 2019),
(199, 'CHTV00132/2019', '2019-03-02 10:10:58', 10, 1, '', 3, 0, 0, '', 1, 0, 3, 2019),
(200, 'CHTV00133/2019', '2019-03-02 14:07:02', 0, 1, '', 3, 0, 0, 'MOUKAKOU', 1, 0, 3, 2019),
(201, 'CHTV00138/2019', '2019-03-02 14:11:31', 45, 1, '', 3, 0, 0, '', 1, 0, 3, 2019),
(202, 'CHTV00139/2019', '2019-03-02 14:15:40', 45, 1, '', 3, 0, 0, '', 1, 0, 3, 2019),
(203, 'CHTV00140/2019', '2019-03-04 12:05:08', 5, 1, '', 3, 1, 0, '', 0, 0, 3, 2019),
(204, 'CHTV00142/2019', '2019-03-05 09:32:40', 1, 1, '', 3, 4, 0, '', 0, 0, 3, 2019),
(205, 'CHTV00143/2019', '2019-03-08 14:14:10', 46, 1, '', 3, 0, 0, '', 1, 0, 3, 2019),
(206, 'CHTV00145/2019', '2019-03-09 08:51:26', 3, 1, '', 3, 2, 0, '', 1, 0, 3, 2019),
(207, 'CHTV00146/2019', '2019-03-12 13:31:49', 1, 1, '', 3, 4, 0, '', 0, 0, 3, 2019),
(208, 'CHTV00157/2019', '2019-03-27 08:49:56', 3, 1, '', 3, 2, 0, '', 1, 0, 3, 2019),
(209, 'CHTV00158/2019', '2019-04-04 09:16:05', 2, 1, '', 3, 2, 0, '', 1, 0, 4, 2019),
(210, 'CHTV00159/2019', '2019-04-04 09:16:09', 2, 1, '', 3, 2, 0, '', 1, 0, 4, 2019),
(211, 'CHTV00160/2019', '2019-04-04 09:20:10', 1, 1, '', 3, 4, 0, '', 0, 0, 4, 2019),
(212, 'CHTV00161/2019', '2019-04-04 09:24:35', 1, 1, '', 3, 4, 0, '', 0, 0, 4, 2019),
(213, 'CHTV00162/2019', '2019-04-08 14:54:55', 2, 1, '', 3, 2, 0, '', 0, 0, 4, 2019),
(214, 'CHTV00163/2019', '2019-04-08 16:47:05', 3, 1, '', 3, 2, 0, '', 0, 0, 4, 2019),
(215, 'CHTV00164/2019', '2019-04-09 14:40:49', 1, 1, '', 3, 4, 0, '', 0, 0, 4, 2019),
(216, 'CHTV00165/2019', '2019-04-09 16:39:54', 1, 1, '', 3, 4, 0, '', 0, 0, 4, 2019),
(217, 'CHTV00166/2019', '2019-04-09 16:54:32', 38, 1, '', 3, 0, 0, '', 1, 0, 4, 2019),
(218, 'CHTV00167/2019', '2019-04-10 14:36:10', 10, 1, '', 3, 0, 0, '', 1, 0, 4, 2019),
(219, 'CHTV00168/2019', '2019-04-12 15:18:34', 10, 1, '', 3, 0, 0, '', 1, 0, 4, 2019),
(220, 'CHTV00169/2019', '2019-04-13 09:55:31', 5, 1, '', 3, 0, 0, '', 0, 0, 4, 2019),
(221, 'CHTV00170/2019', '2019-04-13 10:06:41', 48, 1, '', 3, 0, 0, '', 0, 0, 4, 2019),
(222, 'CHTV00171/2019', '2019-04-15 07:18:42', 2, 1, '', 3, 2, 0, '', 1, 0, 4, 2019),
(223, 'CHTV00172/2019', '2019-04-17 07:17:44', 1, 1, '', 3, 4, 0, '', 0, 0, 4, 2019),
(224, 'CHTV00173/2019', '2019-04-17 07:22:47', 1, 1, '', 3, 4, 0, '', 0, 0, 4, 2019),
(225, 'CHTV00174/2019', '2019-04-18 10:29:58', 49, 1, '', 3, 0, 0, '', 1, 0, 4, 2019),
(226, 'CHTV00175/2019', '2019-04-19 07:49:18', 1, 1, '', 3, 4, 0, '', 0, 0, 4, 2019),
(227, 'CHTV00176/2019', '2019-04-19 11:04:03', 50, 1, '', 3, 0, 0, '', 1, 0, 4, 2019),
(228, 'CHTV00177/2019', '2019-04-19 11:50:06', 10, 1, '', 3, 0, 0, '', 1, 0, 4, 2019),
(229, 'CHTV00178/2019', '2019-04-19 13:50:55', 10, 1, '', 3, 0, 0, '', 1, 0, 4, 2019),
(230, 'CHTV00179/2019', '2019-04-23 13:26:17', 0, 1, '', 3, 0, 0, 'JESUS', 1, 0, 4, 2019),
(231, 'CHTV00180/2019', '2019-04-23 16:30:32', 36, 0, '', 3, 0, 0, '', 0, 0, 4, 2019),
(232, 'CHTV00181/2019', '2019-04-24 07:35:55', 1, 1, '', 3, 4, 0, '', 0, 0, 4, 2019),
(233, 'CHTV00182/2019', '2019-04-24 13:51:57', 2, 1, '', 3, 2, 1, '', 1, 0, 4, 2019),
(234, 'CHTV00183/2019', '2019-04-24 13:55:11', 2, 1, '', 3, 2, 0, '', 0, 0, 4, 2019),
(235, 'CHTV00184/2019', '2019-04-24 14:28:18', 0, 1, '', 3, 0, 0, 'TATY', 1, 0, 4, 2019),
(236, 'CHTV00191/2019', '2019-04-24 15:17:08', 13, 0, '', 3, 0, 0, '', 0, 0, 4, 2019),
(237, 'CHTV00192/2019', '2019-04-25 14:10:36', 43, 1, '', 3, 0, 0, '', 1, 0, 4, 2019),
(238, 'CHTV00193/2019', '2019-04-25 15:37:00', 48, 1, '', 3, 0, 0, '', 1, 0, 4, 2019),
(239, 'CHTV00194/2019', '2019-04-26 14:29:40', 2, 1, '', 3, 2, 0, '', 0, 0, 4, 2019),
(240, 'CHTV00195/2019', '2019-04-29 09:38:04', 1, 1, '', 3, 4, 0, '', 0, 0, 4, 2019),
(241, 'CHTV00196/2019', '2019-04-29 15:29:14', 25, 1, '', 3, 0, 0, '', 1, 0, 4, 2019),
(242, 'CHTV00197/2019', '2019-04-29 15:44:35', 52, 1, '', 3, 0, 0, '', 1, 0, 4, 2019),
(243, 'CHTV00198/2019', '2019-04-29 16:01:10', 15, 1, '', 3, 0, 0, '', 0, 0, 4, 2019),
(244, 'CHTV00199/2019', '2019-04-30 11:15:31', 22, 0, '', 3, 0, 0, '', 0, 0, 4, 2019),
(245, 'CHTV00200/2019', '2019-04-30 11:21:03', 22, 1, '', 3, 0, 0, '', 0, 0, 4, 2019),
(246, 'CHTV00201/2019', '2019-04-30 11:25:26', 22, 1, '', 3, 0, 0, '', 0, 0, 4, 2019),
(247, 'CHTV00202/2019', '2019-05-02 08:56:28', 3, 1, '', 3, 4, 0, '', 0, 0, 5, 2019),
(248, 'CHTV00203/2019', '2019-05-02 14:42:27', 19, 1, '', 3, 0, 0, '', 1, 0, 5, 2019),
(249, 'CHTV00204/2019', '2019-05-03 09:52:49', 1, 1, '', 3, 4, 0, '', 0, 0, 5, 2019),
(250, 'CHTV00205/2019', '2019-05-06 10:06:09', 2, 1, '', 3, 2, 0, '', 0, 0, 5, 2019),
(251, 'CHTV00206/2019', '2019-05-06 10:33:50', 3, 1, '', 3, 2, 0, '', 0, 0, 5, 2019),
(252, 'CHTV00207/2019', '2019-05-06 11:11:28', 19, 1, '', 3, 0, 0, '', 0, 0, 5, 2019),
(253, 'CHTV00208/2019', '2019-05-08 07:32:12', 2, 1, '', 3, 2, 0, '', 0, 0, 5, 2019),
(254, 'CHTV00209/2019', '2019-05-08 11:06:21', 53, 1, '', 3, 0, 0, '', 0, 0, 5, 2019),
(255, 'CHTV00210/2019', '2019-05-08 13:14:57', 54, 1, '', 3, 0, 0, '', 0, 0, 5, 2019),
(256, 'CHTV00211/2019', '2019-05-08 15:32:37', 41, 1, '', 3, 2, 0, '', 0, 0, 11, 2019),
(257, 'CHTV00212/2019', '2019-05-10 08:53:48', 55, 1, '', 3, 0, 0, '', 0, 0, 5, 2019),
(258, 'CHTV00213/2019', '2019-05-10 11:07:00', 10, 1, '', 3, 0, 0, '', 0, 0, 5, 2019),
(259, 'CHTV00214/2019', '2019-05-10 11:19:02', 56, 1, '', 3, 4, 0, '', 0, 0, 5, 2019),
(260, 'CHTV00215/2019', '2019-05-10 12:07:11', 10, 1, '', 3, 0, 0, '', 0, 0, 5, 2019),
(261, 'CHTV00216/2019', '2019-05-10 14:21:08', 58, 1, '', 3, 0, 0, 'PRINCE', 0, 0, 5, 2019),
(262, 'CHTV00222/2019', '2019-05-10 14:39:26', 10, 1, '', 3, 0, 0, '', 0, 0, 5, 2019),
(263, 'CHTV00223/2019', '2019-05-10 15:20:27', 57, 1, '', 3, 2, 0, '', 0, 0, 5, 2019),
(264, 'CHTV00225/2019', '2019-05-13 11:26:24', 10, 1, '', 3, 0, 0, '', 0, 0, 5, 2019),
(265, 'CHTV00226/2019', '2019-05-13 14:48:17', 3, 1, '', 3, 2, 0, '', 0, 0, 5, 2019),
(266, 'CHTV00227/2019', '2019-05-13 16:16:34', 59, 1, '', 3, 2, 0, '', 0, 0, 5, 2019),
(267, 'CHTV00228/2019', '2019-05-13 16:31:11', 60, 1, '', 3, 0, 0, '', 0, 0, 5, 2019),
(268, 'CHTV00229/2019', '2019-05-14 07:11:06', 15, 1, '', 3, 0, 0, '', 0, 0, 5, 2019),
(269, 'CHTV00230/2019', '2019-05-15 08:20:17', 1, 1, '', 3, 0, 0, '', 0, 0, 5, 2019),
(270, 'CHTV00231/2019', '2019-05-15 08:28:36', 62, 1, '', 3, 0, 0, '', 0, 0, 5, 2019),
(271, 'CHTV00232/2019', '2019-05-15 11:16:35', 62, 1, '', 3, 0, 0, '', 0, 0, 5, 2019),
(272, 'CHTV00233/2019', '2019-05-15 11:22:32', 53, 1, '', 3, 0, 0, '', 0, 0, 5, 2019),
(273, 'CHTV00234/2019', '2019-05-15 14:42:28', 22, 1, '', 3, 0, 0, '', 0, 0, 9, 2019),
(274, 'CHTV00235/2019', '2019-05-16 15:45:09', 11, 1, '', 3, 0, 0, '', 0, 0, 5, 2019),
(275, 'CHTV00236/2019', '2019-05-17 11:10:02', 36, 0, '', 3, 0, 0, '', 0, 0, 5, 2019),
(276, 'CHTV00238/2019', '2019-05-23 09:40:03', 1, 1, '', 3, 4, 0, '', 0, 0, 5, 2019),
(277, 'CHTV00239/2019', '2019-05-29 12:29:47', 5, 1, '', 3, 4, 0, '', 0, 0, 5, 2019),
(278, 'CHTV00240/2019', '2019-05-29 14:12:50', 15, 1, '', 3, 0, 0, '', 0, 0, 5, 2019),
(279, 'CHTV00241/2019', '2019-05-30 09:10:55', 67, 1, '', 3, 1, 0, '', 0, 0, 8, 2019),
(280, 'CHTV00242/2019', '2019-05-30 12:32:23', 22, 1, '', 3, 0, 0, '', 0, 0, 9, 2019),
(281, 'CHTV00243/2019', '2019-05-31 09:33:20', 10, 1, '', 3, 0, 0, '', 0, 0, 5, 2019),
(282, 'CHTV00244/2019', '2019-05-31 09:33:25', 10, 1, '', 3, 0, 0, '', 0, 0, 5, 2019),
(283, 'CHTV00272/2019', '2019-05-31 12:22:34', 34, 1, '', 3, 0, 0, '', 0, 0, 5, 2019),
(284, 'CHTV00273/2019', '2019-05-31 15:22:40', 68, 0, '', 3, 0, 0, '', 0, 0, 5, 2019),
(285, 'CHTV00274/2019', '2019-06-01 15:45:31', 15, 1, '', 3, 0, 0, '', 0, 0, 6, 2019),
(286, 'CHTV00276/2019', '2019-06-03 11:47:48', 69, 1, '', 3, 0, 0, '', 0, 0, 6, 2019),
(287, 'CHTV00277/2019', '2019-10-04 08:27:53', 2, 1, '', 3, 2, 0, '', 0, 0, 10, 2019),
(288, 'CHTV00278/2019', '2019-06-04 08:05:48', 70, 1, '', 3, 0, 0, '', 0, 0, 6, 2019),
(289, 'CHTV00279/2019', '2019-06-04 08:56:34', 3, 1, '', 3, 0, 0, '', 0, 0, 7, 2019),
(290, 'CHTV00280/2019', '2019-06-04 11:06:47', 69, 1, '', 3, 0, 0, '', 0, 0, 6, 2019),
(291, 'CHTV00281/2019', '2019-06-04 13:04:58', 60, 1, '', 3, 0, 0, '', 0, 0, 7, 2019),
(292, 'CHTV00282/2019', '2019-06-04 15:47:43', 19, 1, '', 3, 1, 0, '', 0, 0, 6, 2019),
(293, 'CHTV00283/2019', '2019-06-05 15:27:30', 3, 1, '', 3, 0, 0, '', 0, 0, 7, 2019),
(294, 'CHTV00284/2019', '2019-06-05 15:59:47', 2, 0, '', 3, 2, 0, '', 0, 0, 8, 2019),
(295, 'CHTV00285/2019', '2019-06-13 13:06:34', 1, 1, '', 3, 4, 0, '', 0, 0, 6, 2019),
(296, 'CHTV00286/2019', '2019-06-13 13:12:29', 1, 1, '', 3, 4, 0, '', 0, 0, 6, 2019),
(297, 'CHTV00287/2019', '2019-06-14 13:14:03', 11, 1, '', 3, 0, 0, '', 0, 0, 7, 2019),
(298, 'CHTV00288/2019', '2019-06-28 08:50:02', 1, 1, '', 3, 4, 0, '', 0, 0, 6, 2019),
(299, 'CHTV00289/2019', '2019-06-28 08:59:08', 2, 1, '', 3, 2, 0, '', 0, 0, 6, 2019),
(300, 'CHTV00290/2019', '2019-06-28 13:11:26', 22, 1, '', 3, 0, 0, '', 0, 0, 6, 2019),
(301, 'CHTV00291/2019', '2019-06-29 13:09:54', 15, 1, '', 3, 0, 0, '', 0, 0, 6, 2019),
(302, 'CHTV00292/2019', '2019-07-20 12:54:25', 71, 1, '', 3, 0, 0, '', 0, 0, 7, 2019),
(303, 'CHTV00293/2019', '2019-07-01 15:26:20', 2, 1, '', 3, 2, 0, '', 0, 0, 7, 2019),
(304, 'CHTV00294/2019', '2019-07-02 14:20:28', 54, 1, '', 3, 0, 0, '', 0, 0, 7, 2019),
(305, 'CHTV00295/2019', '2019-10-04 08:23:59', 54, 1, '', 3, 0, 0, '', 0, 0, 10, 2019),
(306, 'CHTV00296/2019', '2019-07-03 10:21:41', 2, 1, '', 3, 2, 0, '', 0, 0, 7, 2019),
(307, 'CHTV00297/2019', '2019-07-04 10:54:49', 6, 1, '', 3, 7, 50, '', 0, 0, 9, 2019),
(308, 'CHTV00298/2019', '2019-07-05 11:58:01', 41, 1, '', 3, 2, 0, '', 0, 0, 7, 2019),
(309, 'CHTV00299/2019', '2019-07-10 11:16:52', 54, 0, '', 3, 0, 0, '', 0, 0, 7, 2019),
(310, 'CHTV00300/2019', '2019-07-11 12:23:41', 1, 1, '', 3, 4, 0, '', 0, 0, 7, 2019),
(311, 'CHTV00301/2019', '2019-07-12 13:40:57', 41, 1, '', 3, 2, 0, '', 0, 0, 7, 2019),
(312, 'CHTV00302/2019', '2019-07-19 16:29:34', 26, 1, '', 3, 2, 0, '', 0, 0, 7, 2019),
(313, 'CHTV00303/2019', '2019-07-18 14:15:43', 1, 1, '', 3, 0, 0, '', 0, 0, 7, 2019),
(314, 'CHTV00304/2019', '2019-07-20 10:37:46', 72, 1, '', 3, 0, 0, '', 0, 0, 7, 2019),
(315, 'CHTV00305/2019', '2019-07-22 10:09:08', 2, 1, '', 3, 2, 0, '', 0, 0, 7, 2019),
(316, 'CHTV00306/2019', '2019-07-22 11:48:31', 5, 1, '', 3, 2, 0, '', 0, 0, 7, 2019),
(317, 'CHTV00307/2019', '2019-07-26 11:22:00', 1, 0, '', 3, 0, 0, '', 0, 0, 11, 2019),
(318, 'CHTV00308/2019', '2019-07-26 12:34:10', 25, 1, '', 3, 0, 0, '', 0, 0, 7, 2019),
(319, 'CHTV00309/2019', '2019-07-27 08:45:41', 19, 1, '', 3, 1, 0, '', 0, 0, 7, 2019),
(320, 'CHTV00310/2019', '2019-07-27 14:27:15', 73, 1, '', 3, 0, 0, '', 0, 0, 7, 2019),
(321, 'CHTV00311/2019', '2019-07-27 14:33:44', 71, 1, '', 3, 0, 0, '', 0, 0, 7, 2019),
(322, 'CHTV00312/2019', '2019-07-27 17:15:07', 62, 1, '', 3, 0, 0, '', 0, 0, 7, 2019),
(323, 'CHTV00313/2019', '2019-07-29 11:22:00', 73, 1, '', 3, 0, 0, '', 0, 0, 7, 2019),
(324, 'CHTV00314/2019', '2019-07-31 12:28:36', 25, 1, '', 3, 0, 0, '', 0, 0, 7, 2019),
(325, 'CHTV00315/2019', '2019-08-01 08:24:02', 2, 1, '', 3, 2, 0, '', 0, 0, 8, 2019),
(326, 'CHTV00316/2019', '2019-08-01 14:38:37', 71, 1, '', 3, 0, 0, '', 0, 0, 8, 2019),
(327, 'CHTV00317/2019', '2019-08-02 11:00:18', 74, 1, '', 3, 1, 0, '', 0, 0, 8, 2019),
(328, 'CHTV00319/2019', '2019-08-03 10:16:13', 0, 1, '', 3, 0, 0, 'VIP JULIA', 0, 0, 8, 2019),
(329, 'CHTV00320/2019', '2019-08-03 10:44:00', 75, 1, '', 3, 0, 0, '', 0, 0, 8, 2019),
(330, 'CHTVF0019/2019', '2019-08-03 16:03:44', 76, 1, '', 3, 0, 0, '', 0, 1, 8, 2019),
(331, 'CHTVF0020/2019', '2019-08-03 16:04:33', 66, 1, '', 3, 0, 0, '', 0, 1, 8, 2019),
(332, 'CHTV00321/2019', '2019-08-03 16:27:41', 66, 1, '', 3, 0, 0, '', 0, 0, 8, 2019),
(333, 'CHTVF0021/2019', '2019-08-05 14:42:46', 0, 1, '', 3, 0, 0, '', 0, 1, 8, 2019),
(334, 'CHTVF0022/2019', '2019-08-05 14:44:47', 77, 1, '', 3, 0, 0, '', 0, 1, 8, 2019),
(335, 'CHTV00322/2019', '2019-08-06 11:44:11', 11, 1, '', 3, 0, 0, '', 0, 0, 8, 2019),
(336, 'CHTV00323/2019', '2019-08-06 14:28:13', 25, 1, '', 3, 0, 0, '', 0, 0, 8, 2019),
(337, 'CHTVF0023/2019', '2019-08-06 15:07:51', 78, 1, '', 3, 0, 0, '', 0, 1, 8, 2019),
(338, 'CHTV00324/2019', '2019-08-06 15:47:46', 25, 1, '', 3, 0, 0, '', 0, 0, 12, 2019),
(339, 'CHTVF0024/2019', '2019-08-08 11:04:26', 66, 1, '', 3, 0, 0, '', 0, 1, 8, 2019),
(340, 'CHTVF0025/2019', '2019-08-08 11:09:06', 79, 1, '', 3, 0, 0, '', 0, 1, 8, 2019),
(341, 'CHTVF0026/2019', '2019-08-08 11:59:53', 79, 1, '', 3, 0, 0, '', 0, 1, 8, 2019),
(342, 'CHTV00325/2019', '2019-08-08 12:01:59', 5, 1, '', 3, 0, 0, '', 0, 0, 8, 2019),
(343, 'CHTVF0027/2019', '2019-08-09 11:19:02', 80, 1, '', 3, 0, 0, '', 0, 1, 8, 2019),
(344, 'CHTV00326/2019', '2019-08-12 09:21:35', 2, 1, '', 3, 2, 0, '', 0, 0, 8, 2019),
(345, 'CHTV00327/2019', '2019-08-13 08:14:46', 14, 1, '', 3, 2, 0, '', 0, 0, 8, 2019),
(346, 'CHTV00328/2019', '2019-08-13 12:26:24', 71, 1, '', 3, 0, 1, '', 0, 0, 8, 2019),
(347, 'CHTVF0028/2019', '2019-08-13 15:22:08', 65, 1, '', 3, 0, 0, '', 0, 1, 8, 2019),
(348, 'CHTV00329/2019', '2019-08-13 15:54:32', 43, 1, '', 3, 0, 0, '', 0, 0, 8, 2019),
(349, 'CHTV00330/2019', '2019-08-14 14:21:29', 25, 1, '', 3, 1, 0, '', 0, 0, 8, 2019),
(350, 'CHTV00331/2019', '2019-08-14 14:29:02', 9, 1, '', 3, 1, 0, '', 0, 0, 8, 2019),
(351, 'CHTV00332/2019', '2019-08-16 07:53:20', 3, 1, '', 3, 2, 0, '', 0, 0, 8, 2019),
(352, 'CHTV00333/2019', '2019-08-16 15:43:44', 71, 1, '', 3, 0, 0, '', 0, 0, 8, 2019),
(353, 'CHTV00334/2019', '2019-08-20 09:27:13', 1, 1, '', 3, 4, 0, '', 0, 0, 8, 2019),
(354, 'CHTV00335/2019', '2019-08-20 13:37:20', 82, 1, '', 3, 0, 0, '', 0, 0, 8, 2019),
(355, 'CHTV00336/2019', '2019-08-20 14:24:08', 1, 1, '', 3, 4, 0, '', 0, 0, 8, 2019),
(356, 'CHTV00361/2019', '2019-08-21 09:50:18', 1, 1, '', 3, 0, 0, '', 0, 0, 8, 2019),
(357, 'CHTV00362/2019', '2019-08-22 11:48:24', 71, 1, '', 3, 0, 0, '', 0, 0, 8, 2019),
(358, 'CHTV00363/2019', '2019-10-04 08:21:48', 83, 1, '', 3, 0, 0, '', 0, 0, 10, 2019),
(359, 'CHTV00364/2019', '2019-08-26 08:31:41', 1, 1, '', 3, 4, 0, '', 0, 0, 8, 2019),
(360, 'CHTV00365/2019', '2019-08-26 10:32:51', 2, 1, '', 3, 2, 0, '', 0, 0, 8, 2019),
(361, 'CHTVF0029/2019', '2019-08-27 11:39:56', 66, 1, '', 3, 0, 0, '', 0, 1, 8, 2019),
(362, 'CHTV00366/2019', '2019-08-27 13:21:29', 84, 1, '', 3, 0, 0, '', 0, 0, 9, 2019),
(363, 'CHTVF0030/2019', '2019-08-27 15:12:55', 86, 1, '', 3, 0, 0, '', 0, 1, 8, 2019),
(364, 'CHTV00367/2019', '2019-08-28 07:37:42', 1, 1, '', 3, 4, 0, '', 0, 0, 8, 2019),
(365, 'CHTV00368/2019', '2019-08-28 16:17:04', 10, 1, '', 3, 0, 0, '', 0, 0, 8, 2019),
(366, 'CHTV00370/2019', '2019-08-29 10:47:49', 87, 1, '', 3, 0, 0, '', 0, 0, 9, 2019),
(367, 'CHTV00371/2019', '2019-08-29 13:04:58', 88, 1, '', 3, 0, 0, '', 0, 0, 8, 2019),
(369, 'CHTVF0032/2019', '2019-08-30 08:24:34', 81, 1, '', 3, 0, 0, '', 0, 1, 8, 2019),
(370, 'CHTV00372/2019', '2019-09-02 12:14:54', 89, 1, '', 3, 0, 0, '', 0, 0, 9, 2019),
(371, 'CHTV00373/2019', '2019-09-02 12:32:55', 10, 1, '', 3, 0, 0, '', 0, 0, 9, 2019),
(372, 'CHTV00374/2019', '2019-09-02 15:33:51', 26, 1, '', 3, 2, 0, '', 0, 0, 9, 2019),
(373, 'CHTV00375/2019', '2019-09-03 12:26:51', 14, 1, '', 3, 2, 0, '', 0, 0, 9, 2019),
(374, 'CHTV00376/2019', '2019-09-03 12:32:21', 71, 1, '', 3, 0, 0, '', 0, 0, 9, 2019),
(375, 'CHTV00377/2019', '2019-09-03 15:45:55', 1, 1, '', 3, 0, 0, '', 0, 0, 9, 2019),
(376, 'CHTV00379/2019', '2019-09-03 15:52:20', 90, 1, '', 3, 0, 0, '', 0, 0, 9, 2019),
(377, 'CHTV00380/2019', '2019-09-04 08:55:39', 71, 1, '', 3, 0, 0, '', 0, 0, 9, 2019),
(378, 'CHTV00381/2019', '2019-09-04 09:29:11', 0, 1, '', 3, 0, 0, '', 0, 0, 9, 2019),
(379, 'CHTV00382/2019', '2019-09-04 14:59:20', 71, 1, '', 3, 0, 0, '', 0, 0, 9, 2019),
(380, 'CHTV00383/2019', '2019-10-04 08:20:04', 91, 1, '', 3, 2, 0, '', 0, 0, 10, 2019),
(381, 'CHTV00393/2019', '2019-09-06 11:31:02', 1, 1, '', 3, 4, 0, '', 0, 0, 9, 2019),
(382, 'CHTV00394/2019', '2019-09-06 17:16:16', 25, 1, '', 3, 0, 0, '', 0, 0, 10, 2019),
(383, 'CHTVF0033/2019', '2019-09-07 10:22:29', 65, 1, '', 3, 0, 0, '', 0, 1, 9, 2019),
(384, 'CHTV00395/2019', '2019-09-09 16:24:03', 10, 0, '', 3, 0, 0, '', 0, 0, 9, 2019),
(385, 'CHTV00396/2019', '2019-09-09 15:01:07', 49, 1, '', 3, 0, 0, '', 0, 0, 9, 2019),
(386, 'CHTV00397/2019', '2019-09-10 08:32:19', 92, 1, '', 3, 0, 0, '', 0, 0, 9, 2019),
(387, 'CHTV00398/2019', '2019-09-10 09:24:58', 2, 1, '', 3, 0, 0, '', 0, 0, 9, 2019),
(388, 'CHTV00399/2019', '2019-09-10 10:52:59', 93, 0, '', 3, 0, 0, '', 0, 0, 9, 2019),
(389, 'CHTV00400/2019', '2019-09-10 11:22:48', 10, 1, '', 3, 0, 0, '', 0, 0, 9, 2019),
(390, 'CHTVF0034/2019', '2019-09-10 11:26:13', 66, 1, '', 3, 0, 0, '', 0, 1, 9, 2019),
(391, 'CHTV00402/2019', '2019-09-10 12:12:42', 94, 0, '', 3, 0, 0, '', 0, 0, 9, 2019),
(392, 'CHTV00403/2019', '2019-09-11 07:34:03', 1, 1, '', 3, 4, 0, '', 0, 0, 9, 2019),
(393, 'CHTV00404/2019', '2019-09-11 15:53:21', 71, 1, '', 3, 0, 0, '', 0, 0, 9, 2019),
(395, 'CHTV00406/2019', '2019-09-13 07:28:38', 25, 0, '', 3, 0, 0, '', 0, 0, 9, 2019),
(396, 'CHTV00407/2019', '2019-09-13 11:25:04', 1, 1, '', 3, 4, 0, '', 0, 0, 9, 2019),
(397, 'CHTV00408/2019', '2019-09-13 11:28:40', 1, 1, '', 3, 4, 0, '', 0, 0, 10, 2019),
(398, 'CHTV00409/2019', '2019-09-13 14:57:01', 71, 1, '', 3, 0, 0, '', 0, 0, 9, 2019),
(399, 'CHTV00410/2019', '2019-09-13 16:36:12', 71, 1, '', 3, 0, 0, '', 0, 0, 2, 2020),
(400, 'CHTVF0035/2019', '2019-09-13 16:37:47', 66, 1, '', 3, 0, 0, '', 0, 1, 9, 2019),
(401, 'CHTV00411/2019', '2019-09-14 09:11:44', 10, 1, '', 3, 0, 0, '', 0, 0, 9, 2019),
(402, 'CHTV00414/2019', '2019-09-14 09:13:31', 96, 1, '', 3, 0, 0, '', 0, 0, 9, 2019),
(403, 'CHTV00415/2019', '2019-09-14 12:15:47', 25, 1, '', 3, 0, 0, '', 0, 0, 9, 2019),
(404, 'CHTV00416/2019', '2019-09-16 08:55:20', 15, 1, '', 3, 0, 0, '', 0, 0, 9, 2019),
(405, 'CHTV00417/2019', '2019-09-16 09:10:24', 2, 1, '', 3, 2, 0, '', 0, 0, 9, 2019),
(406, 'CHTVF0036/2019', '2019-09-18 08:49:10', 97, 1, '', 3, 0, 0, '', 0, 1, 9, 2019),
(407, 'CHTV00418/2019', '2019-09-19 11:04:13', 9, 1, '', 3, 0, 0, '', 0, 0, 9, 2019),
(408, 'CHTV00419/2019', '2019-09-19 15:15:13', 61, 1, '', 3, 0, 0, '', 0, 0, 9, 2019),
(409, 'CHTV00420/2019', '2019-09-20 07:37:42', 1, 1, '', 3, 4, 0, '', 0, 0, 9, 2019),
(410, 'CHTVF0037/2019', '2019-09-20 07:43:45', 66, 1, '', 3, 0, 0, '', 0, 1, 9, 2019),
(411, 'CHTV00421/2019', '2019-09-20 08:07:03', 98, 1, '', 3, 0, 0, '', 0, 0, 9, 2019),
(412, 'CHTV00422/2019', '2019-09-20 16:13:43', 14, 1, '', 3, 0, 0, '', 0, 0, 9, 2019),
(413, 'CHTV00423/2019', '2019-09-23 11:42:56', 1, 1, '', 3, 4, 0, '', 0, 0, 9, 2019),
(414, 'CHTV00424/2019', '2019-09-23 11:42:44', 1, 1, '', 3, 4, 0, '', 0, 0, 9, 2019),
(415, 'CHTV00425/2019', '2019-09-23 11:28:42', 26, 1, '', 3, 2, 0, '', 0, 0, 9, 2019),
(416, 'CHTV00426/2019', '2019-09-23 11:51:48', 60, 1, '', 3, 0, 0, '', 0, 0, 9, 2019),
(417, 'CHTV00427/2019', '2019-09-24 15:59:43', 2, 1, '', 3, 2, 0, '', 0, 0, 9, 2019),
(418, 'CHTV00428/2019', '2019-09-24 16:00:49', 41, 1, '', 3, 0, 0, '', 0, 0, 9, 2019),
(419, 'CHTV00429/2019', '2019-09-28 09:50:13', 99, 1, '', 3, 0, 0, '', 0, 0, 9, 2019),
(420, 'CHTV00430/2019', '2019-09-28 09:49:15', 2, 1, '', 3, 2, 0, '', 0, 0, 9, 2019),
(421, 'CHTV00431/2019', '2019-09-26 09:02:48', 1, 1, '', 3, 4, 0, '', 0, 0, 9, 2019),
(422, 'CHTV00432/2019', '2019-09-26 12:01:43', 71, 1, '', 3, 0, 0, '', 0, 0, 9, 2019),
(423, 'CHTV00433/2019', '2019-09-26 12:19:24', 14, 1, '', 3, 0, 0, '', 0, 0, 9, 2019),
(424, 'CHTV00434/2019', '2019-09-28 08:41:10', 71, 1, '', 3, 0, 0, '', 0, 0, 9, 2019),
(425, 'CHTV00435/2019', '2019-11-20 13:47:46', 100, 1, '', 3, 0, 0, '', 0, 0, 11, 2019),
(426, 'CHTV00436/2019', '2019-10-02 07:41:34', 2, 1, '', 3, 2, 0, '', 0, 0, 10, 2019),
(427, 'CHTV00437/2019', '2019-09-30 15:57:20', 101, 1, '', 3, 0, 0, '', 0, 0, 9, 2019),
(428, 'CHTV00438/2019', '2019-10-02 07:59:24', 26, 1, '', 3, 2, 10, '', 0, 0, 10, 2019),
(429, 'CHTV00439/2019', '2019-10-02 08:01:24', 26, 0, '', 3, 2, 10, '', 0, 0, 10, 2019),
(430, 'CHTV00443/2019', '2019-10-17 09:29:10', 103, 1, '', 3, 0, 0, '', 0, 0, 10, 2019),
(431, 'CHTV00444/2019', '2019-10-16 14:27:41', 90, 1, '', 3, 0, 0, '', 0, 0, 10, 2019),
(432, 'CHTV00445/2019', '2019-10-10 07:25:21', 0, 1, '', 3, 0, 0, '', 0, 0, 10, 2019),
(433, 'CHTV00446/2019', '2019-10-11 13:54:09', 103, 1, '', 3, 0, 0, '', 0, 0, 10, 2019),
(434, 'CHTV00447/2019', '2019-10-10 07:33:03', 103, 0, '', 3, 0, 0, '', 0, 0, 10, 2019),
(435, 'CHTV00448/2019', '2019-10-11 13:58:25', 103, 1, '', 3, 0, 0, '', 0, 0, 10, 2019),
(436, 'CHTV00449/2019', '2019-10-10 07:43:41', 60, 1, '', 3, 0, 0, '', 0, 0, 10, 2019),
(437, 'CHTV00450/2019', '2019-10-11 09:43:49', 1, 1, '', 3, 4, 0, '', 0, 0, 10, 2019),
(438, 'CHTV00451/2019', '2019-10-12 11:07:54', 1, 1, '', 3, 4, 0, '', 0, 0, 10, 2019),
(439, 'CHTV00452/2019', '2019-10-12 16:40:01', 15, 1, '', 3, 0, 0, '', 0, 0, 10, 2019),
(440, 'CHTV00454/2019', '2019-10-19 15:17:36', 15, 1, '', 3, 0, 0, '', 0, 0, 10, 2019),
(441, 'CHTV00455/2019', '2019-10-19 15:18:14', 15, 1, '', 3, 0, 0, '', 0, 0, 10, 2019),
(442, 'CHTV00456/2019', '2019-10-19 15:18:52', 15, 1, '', 3, 0, 0, '', 0, 0, 10, 2019),
(443, 'CHTV00457/2019', '2019-10-19 15:17:13', 15, 1, '', 3, 0, 0, '', 0, 0, 10, 2019),
(444, 'CHTV00458/2019', '2019-10-19 15:10:28', 15, 1, '', 3, 0, 0, '', 0, 0, 10, 2019),
(445, 'CHTV00459/2019', '2019-10-19 15:08:34', 15, 1, '', 3, 0, 0, '', 0, 0, 10, 2019),
(446, 'CHTV00461/2019', '2019-10-21 12:15:11', 104, 0, '', 3, 0, 0, '', 0, 0, 10, 2019),
(447, 'CHTV00462/2019', '2019-10-22 13:16:03', 1, 1, '', 3, 0, 0, '', 0, 0, 10, 2019),
(448, 'CHTV00463/2019', '2019-10-21 13:27:33', 71, 1, '', 3, 0, 0, '', 0, 0, 10, 2019),
(449, 'CHTV00464/2019', '2019-10-22 13:17:35', 99, 1, '', 3, 0, 0, '', 0, 0, 10, 2019),
(450, 'CHTV00465/2019', '2019-10-22 13:18:07', 99, 1, '', 3, 0, 0, '', 0, 0, 10, 2019),
(451, 'CHTV00466/2019', '2019-10-22 13:17:49', 99, 1, '', 3, 0, 0, '', 0, 0, 10, 2019),
(452, 'CHTV00467/2019', '2019-10-22 13:14:09', 99, 1, '', 3, 0, 0, '', 0, 0, 10, 2019),
(453, 'CHTV00468/2019', '2019-10-22 11:38:26', 105, 1, '', 3, 0, 0, '', 0, 0, 10, 2019),
(454, 'CHTVF0038/2019', '2019-10-22 13:15:45', 63, 1, '', 3, 0, 0, '', 0, 1, 10, 2019),
(455, 'CHTV00469/2019', '2019-10-23 12:13:31', 107, 1, '', 3, 2, 0, '', 0, 0, 10, 2019),
(456, 'CHTV00470/2019', '2019-10-24 15:33:43', 108, 0, '', 3, 0, 0, '', 0, 0, 10, 2019),
(457, 'CHTV00471/2019', '2019-10-26 09:43:21', 104, 1, '', 3, 0, 0, '', 0, 0, 10, 2019),
(458, 'CHTV00472/2019', '2019-10-25 08:26:06', 60, 1, '', 3, 1, 0, '', 0, 0, 11, 2019),
(459, 'CHTV00473/2019', '2019-10-26 09:44:18', 15, 1, '', 3, 0, 0, '', 0, 0, 10, 2019),
(460, 'CHTV00474/2019', '2019-10-26 15:52:45', 110, 1, '', 3, 0, 0, '', 0, 0, 11, 2019),
(461, 'CHTVF0039/2019', '2019-10-26 15:50:47', 109, 1, '', 3, 0, 0, '', 0, 1, 10, 2019),
(462, 'CHTV00475/2019', '2019-10-29 10:34:36', 111, 1, '', 3, 0, 0, '', 0, 0, 10, 2019),
(463, 'CHTV00476/2019', '2019-10-29 10:36:04', 1, 1, '', 3, 4, 0, '', 0, 0, 10, 2019),
(464, 'CHTV00477/2019', '2019-10-30 11:43:37', 26, 1, '', 3, 2, 0, '', 0, 0, 11, 2019),
(465, 'CHTV00478/2019', '2019-10-30 12:18:10', 0, 1, '', 3, 0, 0, 'ACHIL', 0, 0, 10, 2019),
(466, 'CHTV00479/2019', '2019-11-06 09:34:58', 26, 1, '', 3, 2, 0, '', 0, 0, 11, 2019),
(467, 'CHTV00480/2019', '2019-11-02 09:18:42', 26, 1, '', 3, 2, 0, '', 0, 0, 11, 2019),
(468, 'CHTV00481/2019', '2019-11-06 09:45:26', 41, 1, '', 3, 2, 0, '', 0, 0, 11, 2019),
(469, 'CHTV00482/2019', '2019-11-06 09:44:48', 41, 1, '', 3, 2, 0, '', 0, 0, 11, 2019),
(470, 'CHTV00483/2019', '2019-11-06 09:38:18', 41, 1, '', 3, 2, 0, '', 0, 0, 11, 2019),
(471, 'CHTV00484/2019', '2019-11-06 09:40:20', 41, 1, '', 3, 2, 0, '', 0, 0, 11, 2019),
(472, 'CHTV00485/2019', '2019-11-06 09:36:45', 41, 1, '', 3, 2, 0, '', 0, 0, 11, 2019),
(473, 'CHTV00486/2019', '2019-11-04 15:17:10', 15, 1, '', 3, 0, 0, '', 0, 0, 11, 2019),
(474, 'CHTVF0040/2019', '2019-11-06 08:57:53', 97, 1, '', 3, 0, 0, '', 0, 1, 11, 2019),
(475, 'CHTV00487/2019', '2019-11-06 09:30:46', 43, 1, '', 3, 0, 0, '', 0, 0, 11, 2019),
(476, 'CHTV00488/2019', '2019-11-07 10:23:29', 2, 1, '', 3, 2, 0, '', 0, 0, 11, 2019),
(477, 'CHTV00489/2019', '2019-11-11 14:27:44', 60, 1, '', 3, 0, 0, '', 0, 0, 11, 2019),
(478, 'CHTV00492/2019', '2019-11-11 15:10:05', 62, 1, '', 3, 0, 0, '', 0, 0, 11, 2019),
(479, 'CHTV00493/2019', '2019-11-11 15:30:23', 6, 1, '', 3, 0, 0, '', 0, 0, 11, 2019),
(480, 'CHTV00494/2019', '2019-11-12 14:49:14', 15, 1, '', 3, 0, 0, '', 0, 0, 11, 2019),
(481, 'CHTV00496/2019', '2019-11-14 16:52:45', 2, 1, '', 3, 2, 0, '', 0, 0, 11, 2019),
(482, 'CHTV00497/2019', '2019-11-14 08:21:41', 2, 1, '', 3, 2, 0, '', 0, 0, 11, 2019),
(483, 'CHTVF0041/2019', '2019-11-14 16:36:21', 97, 1, '', 3, 0, 0, '', 0, 1, 11, 2019),
(484, 'CHTVF0042/2019', '2019-11-14 16:41:04', 112, 1, '', 3, 0, 0, '', 0, 1, 11, 2019),
(485, 'CHTV00498/2019', '2019-11-14 17:03:20', 99, 0, '', 3, 0, 0, '', 0, 0, 11, 2019),
(486, 'CHTV00499/2019', '2019-11-15 08:10:29', 2, 1, '', 3, 2, 0, '', 0, 0, 11, 2019),
(487, 'CHTV00500/2019', '2019-11-15 08:10:16', 2, 1, '', 3, 2, 0, '', 0, 0, 11, 2019),
(488, 'CHTV00501/2019', '2019-11-15 12:40:37', 35, 1, '', 3, 0, 0, '', 0, 0, 11, 2019),
(489, 'CHTV00502/2019', '2019-11-16 08:09:57', 5, 1, '', 3, 0, 0, '', 0, 0, 11, 2019),
(490, 'CHTV00503/2019', '2019-11-18 09:37:49', 2, 1, '', 3, 2, 0, '', 0, 0, 11, 2019),
(491, 'CHTV00504/2019', '2019-11-25 15:44:56', 1, 1, '', 3, 4, 0, '', 0, 0, 11, 2019),
(492, 'CHTV00505/2019', '2019-11-26 07:34:13', 107, 1, '', 3, 2, 0, '', 0, 0, 11, 2019),
(493, 'CHTV00506/2019', '2019-11-27 08:33:42', 15, 1, '', 3, 0, 0, '', 0, 0, 11, 2019),
(494, 'CHTV00507/2019', '2019-11-27 08:55:10', 10, 1, '', 3, 0, 0, '', 0, 0, 11, 2019),
(495, 'CHTV00510/2019', '2019-11-27 09:17:15', 5, 1, '', 3, 0, 0, '', 0, 0, 11, 2019),
(496, 'CHTVF0043/2019', '2019-11-27 18:09:00', 114, 1, '', 3, 0, 0, '', 0, 1, 11, 2019),
(497, 'CHTV00511/2019', '2019-11-27 18:13:40', 115, 1, '', 3, 4, 0, '', 0, 0, 11, 2019),
(498, 'CHTV00512/2019', '2019-11-28 08:42:43', 10, 1, '', 3, 0, 0, '', 0, 0, 11, 2019),
(499, 'CHTV00513/2019', '2019-11-28 09:36:01', 36, 1, '', 3, 0, 0, '', 0, 0, 11, 2019),
(500, 'CHTVF0044/2019', '2019-11-28 16:38:55', 71, 1, '', 3, 0, 0, '', 0, 1, 11, 2019),
(501, 'CHTV00514/2019', '2019-12-27 11:54:58', 2, 1, '', 3, 2, 0, '', 0, 0, 12, 2019),
(502, 'CHTV00515/2019', '2019-12-03 15:43:03', 116, 1, '', 3, 0, 0, '', 0, 0, 12, 2019),
(503, 'CHTV00516/2019', '2019-12-03 15:42:29', 11, 1, '', 3, 0, 0, '', 0, 0, 12, 2019),
(504, 'CHTV00518/2019', '2019-12-03 15:45:06', 10, 1, '', 3, 0, 0, '', 0, 0, 12, 2019),
(505, 'CHTV00521/2019', '2019-12-04 13:54:50', 0, 1, '', 3, 0, 0, 'CARLOS', 0, 0, 12, 2019),
(506, 'CHTV00522/2019', '2019-12-04 15:44:37', 117, 0, '', 3, 0, 0, '', 0, 0, 12, 2019),
(507, 'CHTV00523/2019', '2019-12-05 08:25:15', 2, 1, '', 3, 2, 0, '', 0, 0, 12, 2019),
(508, 'CHTVF0045/2019', '2019-12-06 17:06:12', 118, 1, '', 3, 0, 0, '', 0, 1, 12, 2019),
(509, 'CHTV00524/2019', '2019-12-06 17:38:21', 3, 1, '', 3, 0, 0, '', 0, 0, 12, 2019),
(510, 'CHTV00525/2019', '2019-12-07 16:34:04', 10, 1, '', 3, 0, 0, '', 0, 0, 12, 2019),
(511, 'CHTV00528/2019', '2019-12-09 15:09:31', 2, 1, '', 3, 2, 0, '', 0, 0, 12, 2019),
(512, 'CHTV00529/2019', '2019-12-09 15:45:02', 2, 0, '', 3, 2, 0, '', 0, 0, 12, 2019),
(513, 'CHTV00530/2019', '2019-12-09 15:45:03', 2, 0, '', 3, 2, 0, '', 0, 0, 12, 2019),
(514, 'CHTV00531/2019', '2019-12-10 08:23:27', 2, 1, '', 3, 2, 0, '', 0, 0, 12, 2019),
(515, 'CHTV00532/2019', '2019-12-13 14:03:19', 14, 1, '', 3, 0, 0, '', 0, 0, 12, 2019),
(516, 'CHTV00533/2019', '2019-12-10 15:27:17', 10, 0, '', 3, 0, 0, '', 0, 0, 12, 2019),
(517, 'CHTV00534/2019', '2019-12-12 10:55:45', 3, 1, '', 3, 2, 0, '', 0, 0, 12, 2019),
(518, 'CHTV00535/2019', '2019-12-13 13:48:38', 3, 1, '', 3, 2, 0, '', 0, 0, 12, 2019),
(519, 'CHTV00536/2019', '2019-12-16 08:20:25', 100, 1, '', 3, 0, 0, '', 0, 0, 12, 2019),
(520, 'CHTV00537/2019', '2019-12-16 09:24:22', 14, 1, '', 3, 0, 0, '', 0, 0, 12, 2019),
(521, 'CHTV00540/2019', '2019-12-17 09:59:47', 3, 1, '', 3, 2, 0, '', 0, 0, 12, 2019),
(522, 'CHTV00541/2019', '2019-12-17 09:31:56', 3, 1, '', 3, 2, 0, '', 0, 0, 12, 2019),
(523, 'CHTVF0046/2019', '2019-12-17 13:13:48', 119, 1, '', 3, 0, 0, '', 0, 1, 12, 2019),
(524, 'CHTVF0047/2019', '2019-12-17 13:13:49', 119, 1, '', 3, 0, 0, '', 0, 1, 12, 2019),
(525, 'CHTV00542/2019', '2019-12-20 13:52:29', 26, 1, '', 3, 2, 0, '', 0, 0, 12, 2019),
(526, 'CHTV00555/2019', '2019-12-26 12:45:15', 121, 1, '', 3, 0, 0, '', 0, 0, 3, 2020),
(527, 'CHTV00556/2019', '2019-12-26 14:11:37', 120, 1, '', 3, 0, 0, '', 0, 0, 12, 2019),
(528, 'CHTV00557/2019', '2019-12-26 12:53:51', 121, 1, '', 3, 0, 0, '', 0, 0, 12, 2019),
(529, 'CHTV00558/2019', '2019-12-21 08:40:18', 14, 1, '', 3, 0, 0, '', 0, 0, 12, 2019),
(530, 'CHTV00559/2019', '2019-12-23 09:56:27', 122, 1, '', 3, 0, 0, '', 0, 0, 12, 2019),
(531, 'CHTV00560/2019', '2019-12-23 12:42:20', 122, 1, '', 3, 0, 0, '', 0, 0, 12, 2019),
(532, 'CHTV00561/2019', '2019-12-23 09:45:24', 1, 1, '', 3, 4, 0, '', 0, 0, 12, 2019),
(533, 'CHTV00562/2019', '2019-12-23 12:56:03', 123, 1, '', 3, 2, 0, '', 0, 0, 12, 2019),
(534, 'CHTV00563/2019', '2019-12-23 15:40:10', 123, 1, '', 3, 2, 0, '', 0, 0, 12, 2019),
(535, 'CHTV00564/2019', '2019-12-24 08:20:38', 1, 1, '', 3, 4, 0, '', 0, 0, 12, 2019),
(536, 'CHTVF0048/2019', '2019-12-24 17:03:02', 65, 1, '', 3, 0, 0, '', 0, 1, 12, 2019),
(537, 'CHTV00565/2019', '2019-12-27 14:33:54', 1, 1, '', 3, 4, 20, '', 0, 0, 12, 2019),
(538, 'CHTV00571/2019', '2019-12-27 14:32:56', 2, 1, '', 3, 2, 0, '', 0, 0, 12, 2019),
(539, 'CHTVF0049/2019', '2019-12-28 08:12:48', 112, 1, '', 3, 0, 0, '', 0, 1, 12, 2019),
(540, 'CHTV00572/2019', '2019-12-30 15:47:01', 2, 1, '', 3, 2, 0, '', 0, 0, 12, 2019);

-- --------------------------------------------------------

--
-- Structure de la table `factures`
--

CREATE TABLE `factures` (
  `id` int(11) NOT NULL,
  `reference` varchar(100) NOT NULL,
  `created_at` datetime NOT NULL,
  `updated_at` datetime DEFAULT NULL,
  `client_id` int(11) NOT NULL,
  `statut` tinyint(1) DEFAULT 1,
  `notes` text DEFAULT NULL,
  `user_id` int(11) NOT NULL DEFAULT 0,
  `delai_id` int(11) NOT NULL DEFAULT 0,
  `remise` int(11) NOT NULL DEFAULT 0,
  `client_name` varchar(100) DEFAULT NULL,
  `paye` tinyint(1) NOT NULL DEFAULT 0,
  `fournisseur` tinyint(1) NOT NULL DEFAULT 0,
  `moi_id` int(11) DEFAULT NULL,
  `annee` int(11) DEFAULT NULL,
  `bc` varchar(100) DEFAULT NULL
) ENGINE=InnoDB DEFAULT CHARSET=latin1;

--
-- Déchargement des données de la table `factures`
--

INSERT INTO `factures` (`id`, `reference`, `created_at`, `updated_at`, `client_id`, `statut`, `notes`, `user_id`, `delai_id`, `remise`, `client_name`, `paye`, `fournisseur`, `moi_id`, `annee`, `bc`) VALUES
(541, 'CHTV001/2020', '2020-10-13 07:16:35', NULL, 2, 1, '', 3, 1, 0, '', 0, 0, 10, 2020, NULL),
(542, 'CHTV003/2020', '2020-01-06 16:59:39', NULL, 49, 1, '', 3, 0, 0, '', 0, 0, 1, 2020, NULL),
(543, 'CHTV004/2020', '2020-01-06 17:05:14', NULL, 49, 1, '', 3, 0, 0, '', 0, 0, 1, 2020, NULL),
(544, 'CHTV005/2020', '2020-01-06 17:03:24', NULL, 10, 1, '', 3, 0, 0, '', 0, 0, 1, 2020, NULL),
(545, 'CHTV006/2020', '2020-06-25 10:48:08', NULL, 1, 1, '', 3, 0, 0, '', 0, 0, 6, 2020, NULL),
(546, 'CHTV007/2020', '2020-07-29 07:17:27', NULL, 1, 1, '', 3, 0, 0, '', 0, 0, 7, 2020, NULL),
(547, 'CHTV008/2020', '2020-01-07 10:51:27', NULL, 15, 1, '', 3, 0, 50, '', 0, 0, 1, 2020, NULL),
(548, 'CHTV009/2020', '2020-01-07 15:37:08', NULL, 0, 1, '', 3, 0, 0, '', 0, 0, 1, 2020, NULL),
(549, 'CHTV0010/2020', '2020-02-11 07:41:15', NULL, 2, 1, '', 3, 2, 0, '', 0, 0, 2, 2020, NULL),
(550, 'CHTV0011/2020', '2020-02-11 09:56:24', NULL, 15, 1, '', 3, 0, 0, '', 0, 0, 2, 2020, NULL),
(551, 'CHTV0012/2020', '2020-02-11 10:00:42', NULL, 125, 1, '', 3, 0, 0, '', 0, 0, 2, 2020, NULL),
(552, 'CHTV0013/2020', '2020-02-19 12:36:20', NULL, 126, 1, '', 3, 0, 0, '', 0, 0, 2, 2020, NULL),
(553, 'CHTV0014/2020', '2020-02-14 17:05:26', NULL, 107, 1, '', 3, 0, 0, '', 0, 0, 2, 2020, NULL),
(554, 'CHTV0015/2020', '2020-02-19 07:40:59', NULL, 1, 1, '', 3, 4, 0, '', 0, 0, 2, 2020, NULL),
(555, 'CHTV0017/2020', '2020-02-19 14:39:18', NULL, 125, 1, '', 3, 0, 0, '', 0, 0, 4, 2020, NULL),
(556, 'CHTV0018/2020', '2020-02-19 14:40:34', NULL, 1, 1, '', 3, 4, 0, '', 0, 0, 2, 2020, NULL),
(557, 'CHTV0019/2020', '2020-02-20 07:27:15', NULL, 1, 1, '', 3, 4, 0, '', 0, 0, 2, 2020, NULL),
(558, 'CHTV0021/2020', '2020-02-20 11:29:30', NULL, 1, 1, '', 3, 4, 0, '', 0, 0, 2, 2020, NULL),
(559, 'CHTV0022/2020', '2020-02-21 13:39:59', NULL, 3, 1, '', 3, 0, 0, '', 0, 0, 2, 2020, NULL),
(560, 'CHTV0023/2020', '2020-02-20 15:46:39', NULL, 127, 1, '', 3, 0, 0, '', 0, 0, 2, 2020, NULL),
(561, 'CHTV0024/2020', '2020-02-24 08:06:50', NULL, 1, 1, '', 3, 0, 20, '', 0, 0, 2, 2020, NULL),
(562, 'CHTV0025/2020', '2020-02-20 17:35:26', NULL, 10, 1, '', 3, 0, 0, '', 0, 0, 2, 2020, NULL),
(563, 'CHTV0026/2020', '2020-02-21 14:17:52', NULL, 83, 0, '', 3, 0, 0, '', 0, 0, 2, 2020, NULL),
(564, 'CHTV0027/2020', '2020-02-25 15:42:14', NULL, 1, 1, '', 3, 4, 0, '', 0, 0, 2, 2020, NULL),
(565, 'CHTV0028/2020', '2020-02-25 15:42:37', NULL, 14, 1, '', 3, 0, 0, '', 0, 0, 3, 2020, NULL),
(566, 'CHTV0029/2020', '2020-02-26 07:54:36', NULL, 1, 1, '', 3, 4, 0, '', 0, 0, 2, 2020, NULL),
(567, 'CHTV0030/2020', '2020-02-25 15:45:14', NULL, 3, 1, '', 3, 2, 0, '', 0, 0, 3, 2020, NULL),
(568, 'CHTVF0050/2020', '2020-02-26 14:03:38', NULL, 106, 1, '', 3, 0, 0, '', 0, 1, 2, 2020, NULL),
(569, 'CHTV0031/2020', '2020-02-28 10:52:02', NULL, 5, 1, '', 3, 0, 0, '', 0, 0, 2, 2020, NULL),
(570, 'CHTV0032/2020', '2020-02-28 11:32:07', NULL, 85, 1, '', 3, 0, 0, '', 0, 0, 2, 2020, NULL),
(571, 'CHTV0035/2020', '2020-03-18 08:33:01', NULL, 1, 1, '', 3, 4, 0, '', 0, 0, 3, 2020, NULL),
(572, 'CHTV0036/2020', '2020-03-18 08:32:39', NULL, 10, 1, '', 3, 4, 20, '', 0, 0, 3, 2020, NULL),
(573, 'CHTV0037/2020', '2020-03-18 08:28:37', NULL, 1, 1, '', 3, 4, 20, '', 0, 0, 3, 2020, NULL),
(574, 'CHTV0038/2020', '2020-03-19 10:13:58', NULL, 1, 1, '', 3, 4, 0, '', 0, 0, 3, 2020, NULL),
(575, 'CHTV0039/2020', '2020-03-19 11:37:38', NULL, 2, 1, '', 3, 1, 0, '', 0, 0, 3, 2020, NULL),
(576, 'CHTV0040/2020', '2020-03-23 17:29:06', NULL, 2, 1, '', 3, 0, 0, '', 0, 0, 3, 2020, NULL),
(577, 'CHTV0041/2020', '2020-11-05 09:07:12', NULL, 33, 1, '', 3, 1, 0, '', 0, 0, 11, 2020, NULL),
(578, 'CHTV0042/2020', '2020-03-24 14:10:52', NULL, 14, 1, '', 3, 0, 0, '', 0, 0, 3, 2020, NULL),
(579, 'CHTV0043/2020', '2020-03-25 08:53:32', '2023-02-19 10:20:20', 164, 1, '', 3, 0, 0, '', 0, 0, 3, 2020, NULL),
(580, 'CHTV0044/2020', '2020-03-26 08:14:02', NULL, 107, 1, '', 3, 2, 0, '', 0, 0, 3, 2020, NULL),
(581, 'CHTVF0051/2020', '2020-03-27 09:55:15', NULL, 97, 1, '', 3, 0, 0, '', 0, 1, 3, 2020, NULL),
(582, 'CHTVF0052/2020', '2020-03-27 09:55:53', NULL, 97, 1, '', 3, 0, 0, '', 0, 1, 3, 2020, NULL),
(583, 'CHTVF0053/2020', '2020-03-27 11:52:34', NULL, 112, 1, '', 3, 0, 0, '', 0, 1, 3, 2020, NULL),
(584, 'CHTV0045/2020', '2020-03-28 16:27:51', NULL, 129, 1, '', 3, 0, 0, '', 0, 0, 3, 2020, NULL),
(585, 'CHTV0046/2020', '2020-03-29 09:43:21', NULL, 10, 1, '', 3, 0, 0, '', 0, 0, 3, 2020, NULL),
(586, 'CHTV0047/2020', '2020-03-29 09:57:29', NULL, 25, 1, '', 3, 0, 0, '', 0, 0, 3, 2020, NULL),
(587, 'CHTVF0054/2020', '2020-03-31 16:48:43', NULL, 106, 1, '', 3, 0, 0, '', 0, 1, 3, 2020, NULL),
(588, 'CHTV0048/2020', '2020-04-16 12:48:31', NULL, 2, 1, '', 3, 2, 0, '', 0, 0, 4, 2020, NULL),
(589, 'CHTV0049/2020', '2020-04-27 10:33:35', NULL, 121, 1, '', 3, 0, 0, '', 0, 0, 4, 2020, NULL),
(590, 'CHTV0050/2020', '2020-04-27 12:44:17', NULL, 10, 1, '', 3, 0, 0, '', 0, 0, 4, 2020, NULL),
(591, 'CHTVF0055/2020', '2020-04-27 12:56:48', NULL, 66, 1, '', 3, 0, 0, '', 0, 1, 4, 2020, NULL),
(592, 'CHTV0051/2020', '2020-04-27 13:38:15', NULL, 1, 1, '', 3, 4, 0, '', 0, 0, 5, 2020, NULL),
(593, 'CHTV0052/2020', '2020-04-27 13:35:57', NULL, 3, 1, '', 3, 2, 0, '', 0, 0, 5, 2020, NULL),
(594, 'CHTV0053/2020', '2020-04-29 09:10:26', NULL, 1, 1, '', 3, 4, 0, '', 0, 0, 4, 2020, NULL),
(595, 'CHTVF0056/2020', '2020-04-29 09:52:29', NULL, 106, 1, '', 3, 0, 0, '', 0, 1, 4, 2020, NULL),
(596, 'CHTV0054/2020', '2020-05-04 12:07:11', NULL, 1, 1, '', 3, 4, 0, '', 0, 0, 5, 2020, NULL),
(597, 'CHTV0055/2020', '2020-05-18 11:45:36', NULL, 107, 1, '', 3, 0, 0, '', 0, 0, 5, 2020, NULL),
(598, 'CHTVF0057/2020', '2020-05-23 12:37:24', NULL, 97, 1, '', 3, 0, 0, '', 0, 1, 5, 2020, NULL),
(599, 'CHTVF0058/2020', '2020-05-23 12:26:30', NULL, 66, 1, '', 3, 0, 0, '', 0, 1, 5, 2020, NULL),
(600, 'CHTV0056/2020', '2020-05-25 07:53:44', NULL, 15, 1, '', 3, 0, 0, '', 0, 0, 5, 2020, NULL),
(601, 'CHTV0057/2020', '2020-05-25 08:05:35', NULL, 2, 1, '', 3, 1, 0, '', 0, 0, 6, 2020, NULL),
(602, 'CHTV0058/2020', '2020-05-26 07:52:40', NULL, 2, 1, '', 3, 1, 0, '', 0, 0, 6, 2020, NULL),
(603, 'CHTV0059/2020', '2020-05-27 07:30:03', NULL, 2, 1, '', 3, 2, 0, '', 0, 0, 5, 2020, NULL),
(604, 'CHTV0060/2020', '2020-05-29 12:27:05', NULL, 1, 1, '', 3, 4, 0, '', 0, 0, 5, 2020, NULL),
(605, 'CHTV0061/2020', '2020-06-29 11:56:58', NULL, 1, 1, '', 3, 4, 0, '', 0, 0, 6, 2020, NULL),
(606, 'CHTV0063/2020', '2020-05-30 07:26:15', NULL, 2, 1, '', 3, 2, 0, '', 0, 0, 5, 2020, NULL),
(607, 'CHTVF0059/2020', '2020-05-30 08:43:17', NULL, 130, 1, '', 3, 0, 0, '', 0, 1, 6, 2020, NULL),
(608, 'CHTV0064/2020', '2020-05-30 09:48:51', NULL, 5, 1, '', 3, 0, 0, '', 0, 0, 5, 2020, NULL),
(609, 'CHTV0065/2020', '2020-06-27 11:31:07', NULL, 34, 1, '', 3, 4, 0, '', 0, 0, 6, 2020, NULL),
(610, 'CHTVF0060/2020', '2020-06-03 11:22:06', NULL, 71, 1, '', 3, 0, 0, '', 0, 1, 6, 2020, NULL),
(611, 'CHTVF0061/2020', '2020-06-03 11:24:02', NULL, 71, 1, '', 3, 0, 0, '', 0, 1, 6, 2020, NULL),
(612, 'CHTVF0062/2020', '2020-06-04 07:03:59', NULL, 112, 1, '', 3, 0, 0, '', 0, 1, 6, 2020, NULL),
(613, 'CHTVF0063/2020', '2020-06-06 08:11:35', NULL, 81, 1, '', 3, 0, 0, '', 0, 1, 6, 2020, NULL),
(614, 'CHTV0066/2020', '2020-06-06 09:26:15', NULL, 37, 1, '', 3, 0, 0, '', 0, 0, 6, 2020, NULL),
(615, 'CHTV0067/2020', '2020-06-06 10:00:12', NULL, 59, 1, '', 3, 0, 0, '', 0, 0, 6, 2020, NULL),
(616, 'CHTVF0064/2020', '2020-06-06 10:23:52', NULL, 131, 1, '', 3, 0, 0, '', 0, 1, 6, 2020, NULL),
(617, 'CHTV0068/2020', '2020-06-13 09:50:29', NULL, 1, 1, '', 3, 4, 20, '', 0, 0, 6, 2020, NULL),
(618, 'CHTV0069/2020', '2020-06-15 09:16:06', NULL, 88, 1, '', 3, 0, 0, '', 0, 0, 6, 2020, NULL),
(619, 'CHTV0070/2020', '2020-06-18 10:06:27', NULL, 2, 1, '', 3, 1, 0, '', 0, 0, 6, 2020, NULL),
(620, 'CHTVF0065/2020', '2020-06-20 10:00:21', NULL, 131, 1, '', 3, 0, 0, '', 0, 1, 6, 2020, NULL),
(621, 'CHTV0071/2020', '2020-06-25 12:07:38', NULL, 125, 1, '', 3, 0, 0, '', 0, 0, 6, 2020, NULL),
(622, 'CHTV0072/2020', '2020-06-26 07:36:07', NULL, 2, 1, '', 3, 1, 0, '', 0, 0, 6, 2020, NULL),
(623, 'CHTV0073/2020', '2020-06-26 08:16:07', NULL, 49, 1, '', 3, 2, 0, '', 0, 0, 4, 2022, NULL),
(624, 'CHTV0074/2020', '2020-06-26 08:46:24', NULL, 37, 1, '', 3, 0, 15, '', 0, 0, 6, 2020, NULL),
(625, 'CHTVF0066/2020', '2020-06-27 10:25:29', NULL, 106, 1, '', 3, 0, 0, '', 0, 1, 7, 2020, NULL),
(626, 'CHTVF0067/2020', '2020-06-29 08:42:36', NULL, 132, 1, '', 3, 0, 0, '', 0, 1, 6, 2020, NULL),
(627, 'CHTV0075/2020', '2020-06-29 08:47:49', NULL, 0, 1, '', 3, 0, 0, '', 0, 0, 6, 2020, NULL),
(628, 'CHTV0076/2020', '2020-07-03 14:56:11', NULL, 107, 1, '', 3, 2, 0, '', 0, 0, 7, 2020, NULL),
(629, 'CHTV0077/2020', '2020-10-27 09:27:04', NULL, 10, 1, '', 3, 0, 0, '', 0, 0, 11, 2020, NULL),
(630, 'CHTV0078/2020', '2020-07-03 13:21:30', NULL, 10, 1, '', 3, 0, 0, '', 0, 0, 7, 2020, NULL),
(631, 'CHTV0079/2020', '2020-07-04 09:21:37', NULL, 10, 1, '', 3, 0, 0, '', 0, 0, 7, 2020, NULL),
(632, 'CHTV0080/2020', '2020-07-04 10:20:06', NULL, 49, 1, '', 3, 0, 0, '', 0, 0, 4, 2022, NULL),
(633, 'CHTV0081/2020', '2020-07-06 13:30:12', NULL, 14, 1, '', 3, 0, 0, '', 0, 0, 7, 2020, NULL),
(634, 'CHTV0082/2020', '2020-07-07 07:20:33', NULL, 2, 1, '', 3, 2, 0, '', 0, 0, 7, 2020, NULL),
(635, 'CHTV0083/2020', '2020-07-08 09:44:57', NULL, 10, 1, '', 3, 0, 0, '', 0, 0, 7, 2020, NULL),
(636, 'CHTVF0068/2020', '2020-07-08 09:44:25', NULL, 131, 1, '', 3, 0, 0, '', 0, 1, 7, 2020, NULL),
(637, 'CHTV0084/2020', '2020-07-09 08:57:48', NULL, 49, 1, '', 3, 0, 0, '', 0, 0, 4, 2022, NULL),
(638, 'CHTV0085/2020', '2020-07-11 12:46:26', NULL, 107, 1, '', 3, 2, 0, '', 0, 0, 7, 2020, NULL),
(639, 'CHTV0086/2020', '2020-07-13 07:19:06', NULL, 1, 1, '', 3, 4, 0, '', 0, 0, 7, 2020, NULL),
(640, 'CHTV0087/2020', '2020-07-18 09:56:38', NULL, 37, 1, '', 3, 0, 0, '', 0, 0, 7, 2020, NULL),
(641, 'CHTV0088/2020', '2020-07-18 09:52:34', NULL, 2, 1, '', 3, 2, 0, '', 0, 0, 7, 2020, NULL),
(642, 'CHTV0089/2020', '2020-07-18 10:12:52', NULL, 3, 1, '', 3, 2, 0, '', 0, 0, 7, 2020, NULL),
(643, 'CHTV0090/2020', '2020-07-22 08:21:47', NULL, 2, 1, '', 3, 1, 0, '', 0, 0, 7, 2020, NULL),
(644, 'CHTV0091/2020', '2020-07-22 09:10:54', NULL, 10, 1, '', 3, 0, 0, '', 0, 0, 7, 2020, NULL),
(645, 'CHTV0092/2020', '2020-07-24 13:59:44', NULL, 26, 1, '', 3, 0, 0, '', 0, 0, 7, 2020, NULL),
(646, 'CHTV0093/2020', '2020-08-21 07:22:45', NULL, 107, 1, '', 3, 2, 0, '', 0, 0, 8, 2020, NULL),
(647, 'CHTV0095/2020', '2020-07-28 08:54:59', NULL, 134, 1, '', 3, 0, 0, '', 0, 0, 8, 2020, NULL),
(648, 'CHTV0096/2020', '2020-07-29 08:28:18', NULL, 2, 1, '', 3, 2, 0, '', 0, 0, 7, 2020, NULL),
(649, 'CHTV0097/2020', '2020-07-29 09:28:58', NULL, 107, 1, '', 3, 0, 0, '', 0, 0, 7, 2020, NULL),
(650, 'CHTV0098/2020', '2020-07-30 10:41:46', NULL, 71, 1, '', 3, 0, 0, '', 0, 0, 7, 2020, NULL),
(651, 'CHTV0099/2020', '2020-07-30 10:55:37', NULL, 83, 0, '', 3, 0, 0, '', 0, 0, 7, 2020, NULL),
(652, 'CHTV00100/2020', '2020-07-31 08:00:59', NULL, 1, 1, '', 3, 4, 0, '', 0, 0, 7, 2020, NULL),
(653, 'CHTV00101/2020', '2020-07-31 08:07:11', NULL, 1, 1, '', 3, 4, 0, '', 0, 0, 7, 2020, NULL),
(654, 'CHTV00102/2020', '2020-08-03 08:51:32', NULL, 9, 1, '', 3, 0, 0, '', 0, 0, 8, 2020, NULL),
(655, 'CHTV00103/2020', '2020-08-03 08:47:07', NULL, 10, 1, '', 3, 0, 0, '', 0, 0, 8, 2020, NULL),
(656, 'CHTV00104/2020', '2020-08-03 09:49:25', NULL, 10, 1, '', 3, 0, 0, '', 0, 0, 8, 2020, NULL),
(657, 'CHTV00105/2020', '2020-08-05 08:42:36', NULL, 5, 1, '', 3, 0, 0, '', 0, 0, 8, 2020, NULL),
(658, 'CHTV00107/2020', '2020-08-07 08:56:20', NULL, 134, 1, '', 3, 0, 0, '', 0, 0, 8, 2020, NULL),
(659, 'CHTV00108/2020', '2020-08-10 08:46:57', NULL, 135, 1, '', 3, 0, 0, '', 0, 0, 8, 2020, NULL),
(660, 'CHTV00109/2020', '2020-08-11 09:04:33', NULL, 83, 0, '', 3, 0, 0, '', 0, 0, 8, 2020, NULL),
(661, 'CHTV00110/2020', '2020-08-11 09:11:15', NULL, 135, 1, '', 3, 0, 0, '', 0, 0, 8, 2020, NULL),
(662, 'CHTV00111/2020', '2020-08-12 08:18:01', NULL, 3, 1, '', 3, 0, 0, '', 0, 0, 8, 2020, NULL),
(663, 'CHTV00112/2020', '2020-08-15 09:30:53', NULL, 10, 1, '', 3, 0, 0, '', 0, 0, 8, 2020, NULL),
(664, 'CHTVF0069/2020', '2020-08-15 11:03:09', NULL, 106, 1, '', 3, 0, 0, '', 0, 1, 12, 2020, NULL),
(665, 'CHTV00113/2020', '2020-08-20 10:54:10', NULL, 109, 1, '', 3, 4, 0, '', 0, 0, 8, 2020, NULL),
(666, 'CHTVF0070/2020', '2020-08-20 13:10:16', NULL, 112, 1, '', 3, 0, 0, '', 0, 1, 8, 2020, NULL),
(667, 'CHTV00118/2020', '2020-11-02 14:00:13', NULL, 32, 1, '', 3, 0, 0, '', 0, 0, 11, 2020, NULL),
(668, 'CHTV00119/2020', '2020-08-22 13:46:48', NULL, 83, 0, '', 3, 0, 0, '', 0, 0, 8, 2020, NULL),
(669, 'CHTV00120/2020', '2020-08-24 07:58:53', NULL, 14, 1, '', 3, 0, 0, '', 0, 0, 8, 2020, NULL),
(670, 'CHTV00121/2020', '2020-08-24 11:05:45', NULL, 137, 1, '', 3, 0, 0, '', 0, 0, 8, 2020, NULL),
(671, 'CHTV00122/2020', '2020-08-24 11:12:39', NULL, 3, 1, '', 3, 2, 0, '', 0, 0, 8, 2020, NULL),
(672, 'CHTV00123/2020', '2020-08-25 08:31:54', NULL, 41, 1, '', 3, 0, 0, '', 0, 0, 8, 2020, NULL),
(673, 'CHTV00124/2020', '2020-08-26 09:23:55', NULL, 10, 1, '', 3, 0, 0, '', 0, 0, 8, 2020, NULL),
(674, 'CHTV00125/2020', '2020-08-27 10:23:37', NULL, 2, 1, '', 3, 0, 0, '', 0, 0, 8, 2020, NULL),
(675, 'CHTV00126/2020', '2020-10-12 13:01:15', NULL, 10, 1, '', 3, 0, 0, '', 0, 0, 10, 2020, NULL),
(676, 'CHTV00127/2020', '2020-08-27 10:26:07', NULL, 5, 1, '', 3, 0, 0, '', 0, 0, 8, 2020, NULL),
(677, 'CHTV00128/2020', '2020-08-27 10:31:30', NULL, 100, 1, '', 3, 0, 0, '', 0, 0, 8, 2020, NULL),
(678, 'CHTV00129/2020', '2020-08-28 09:59:20', NULL, 10, 1, '', 3, 2, 0, '', 0, 0, 8, 2020, NULL),
(679, 'CHTV00130/2020', '2020-08-28 09:26:37', NULL, 2, 1, '', 3, 2, 0, '', 0, 0, 8, 2020, NULL),
(680, 'CHTV00131/2020', '2020-10-03 06:57:51', NULL, 2, 1, '', 3, 2, 0, '', 0, 0, 10, 2020, NULL),
(681, 'CHTV00132/2020', '2020-09-01 13:26:37', NULL, 14, 1, '', 3, 0, 0, '', 0, 0, 9, 2020, NULL),
(682, 'CHTV00134/2020', '2020-09-02 14:58:20', NULL, 55, 1, '', 3, 0, 0, '', 0, 0, 9, 2020, NULL),
(683, 'CHTV00135/2020', '2020-09-04 08:13:47', NULL, 88, 1, '', 3, 0, 0, '', 0, 0, 9, 2020, NULL),
(684, 'CHTV00136/2020', '2020-09-04 09:26:11', NULL, 71, 1, '', 3, 0, 0, '', 0, 0, 9, 2020, NULL),
(685, 'CHTV00137/2020', '2020-09-05 09:03:09', NULL, 88, 1, '', 3, 0, 0, '', 0, 0, 9, 2020, NULL),
(686, 'CHTV00138/2020', '2020-09-05 10:01:10', NULL, 5, 1, '', 3, 0, 0, '', 0, 0, 9, 2020, NULL),
(687, 'CHTV00139/2020', '2020-09-08 08:14:44', NULL, 1, 1, '', 3, 4, 0, '', 0, 0, 9, 2020, NULL),
(688, 'CHTV00140/2020', '2020-09-08 11:55:16', NULL, 71, 1, '', 3, 0, 0, '', 0, 0, 9, 2020, NULL),
(689, 'CHTV00141/2020', '2020-09-09 07:24:14', NULL, 88, 1, '', 3, 0, 0, '', 0, 0, 9, 2020, NULL),
(690, 'CHTV00142/2020', '2020-09-09 14:06:00', NULL, 139, 1, '', 3, 0, 0, '', 0, 0, 9, 2020, NULL),
(691, 'CHTV00143/2020', '2020-09-15 07:15:26', NULL, 1, 1, '', 3, 4, 0, '', 0, 0, 9, 2020, NULL),
(692, 'CHTV00144/2020', '2020-09-10 10:27:15', NULL, 71, 1, '', 3, 0, 0, '', 0, 0, 9, 2020, NULL),
(693, 'CHTV00145/2020', '2020-09-11 07:25:38', NULL, 3, 1, '', 3, 2, 0, '', 0, 0, 9, 2020, NULL),
(694, 'CHTV00146/2020', '2020-09-11 07:09:45', NULL, 71, 1, '', 3, 0, 0, '', 0, 0, 9, 2020, NULL),
(695, 'CHTV00147/2020', '2020-09-12 07:48:42', NULL, 88, 1, '', 3, 0, 0, '', 0, 0, 9, 2020, NULL),
(696, 'CHTV00148/2020', '2020-09-16 14:19:40', NULL, 1, 1, '', 3, 0, 0, '', 0, 0, 9, 2020, NULL),
(697, 'CHTV00149/2020', '2020-09-19 07:20:35', NULL, 10, 1, '', 3, 0, 0, '', 0, 0, 9, 2020, NULL),
(698, 'CHTV00150/2020', '2020-09-17 07:12:22', NULL, 3, 1, '', 3, 2, 30, '', 0, 0, 11, 2020, NULL),
(699, 'CHTV00151/2020', '2020-09-22 08:08:45', NULL, 1, 1, '', 3, 4, 20, '', 0, 0, 9, 2020, NULL),
(700, 'CHTV00153/2020', '2020-09-22 08:16:06', NULL, 1, 1, '', 3, 4, 0, '', 0, 0, 9, 2020, NULL),
(701, 'CHTV00154/2020', '2020-09-23 09:09:04', NULL, 25, 1, '', 3, 0, 0, '', 0, 0, 9, 2020, NULL),
(702, 'CHTV00155/2020', '2020-09-25 07:05:24', NULL, 1, 1, '', 3, 4, 0, '', 0, 0, 9, 2020, NULL),
(703, 'CHTV00156/2020', '2020-09-26 07:35:42', NULL, 1, 1, '', 3, 0, 0, '', 0, 0, 9, 2020, NULL),
(704, 'CHTV00157/2020', '2020-09-25 14:43:59', NULL, 140, 1, '', 3, 2, 0, '', 0, 0, 9, 2020, NULL),
(705, 'CHTVF0071/2020', '2020-09-27 07:19:52', NULL, 71, 1, '', 3, 0, 0, '', 0, 1, 9, 2020, NULL),
(706, 'CHTVF0072/2020', '2020-09-27 07:37:32', NULL, 71, 1, '', 3, 0, 0, '', 0, 1, 9, 2020, NULL),
(707, 'CHTV00158/2020', '2020-09-27 08:30:22', NULL, 0, 1, '', 3, 0, 0, '', 0, 0, 9, 2020, NULL),
(708, 'CHTV00159/2020', '2020-09-27 08:35:59', NULL, 0, 1, '', 3, 0, 0, '', 0, 0, 9, 2020, NULL),
(709, 'CHTV00160/2020', '2020-09-27 10:06:52', NULL, 35, 1, '', 3, 0, 0, '', 0, 0, 9, 2020, NULL),
(710, 'CHTV00161/2020', '2020-10-02 07:12:19', NULL, 1, 1, '', 3, 4, 0, '', 0, 0, 10, 2020, NULL),
(711, 'CHTV00162/2020', '2020-10-02 08:22:13', NULL, 63, 1, '', 3, 0, 0, '', 0, 0, 10, 2020, NULL),
(712, 'CHTV00163/2020', '2020-10-05 09:07:58', NULL, 71, 1, '', 3, 0, 0, '', 0, 0, 10, 2020, NULL),
(713, 'CHTV00164/2020', '2020-10-08 07:32:25', NULL, 1, 1, '', 3, 4, 0, '', 0, 0, 10, 2020, NULL),
(714, 'CHTV00165/2020', '2020-10-06 07:42:48', NULL, 1, 1, '', 3, 4, 0, '', 0, 0, 10, 2020, NULL),
(715, 'CHTV00167/2020', '2020-10-06 07:51:33', NULL, 71, 1, '', 3, 0, 0, '', 0, 0, 10, 2020, NULL),
(716, 'CHTV00168/2020', '2020-10-19 12:57:39', NULL, 33, 1, '', 3, 0, 0, '', 0, 0, 10, 2020, NULL),
(717, 'CHTV00169/2020', '2020-10-08 14:50:52', NULL, 2, 1, '', 3, 2, 0, '', 0, 0, 10, 2020, NULL),
(718, 'CHTV00170/2020', '2020-10-10 08:25:55', NULL, 71, 1, '', 3, 0, 0, '', 0, 0, 10, 2020, NULL),
(719, 'CHTVF0073/2020', '2020-10-14 07:07:17', NULL, 109, 1, '', 3, 0, 0, '', 0, 1, 10, 2020, NULL),
(720, 'CHTV00171/2020', '2020-10-19 07:17:34', NULL, 96, 1, '', 3, 0, 0, '', 0, 0, 10, 2020, NULL),
(721, 'CHTV00172/2020', '2020-10-19 13:23:39', NULL, 125, 1, '', 3, 0, 0, '', 0, 0, 10, 2020, NULL),
(722, 'CHTV00173/2020', '2020-10-19 14:45:19', NULL, 66, 1, '', 3, 0, 0, '', 0, 0, 10, 2020, NULL),
(723, 'CHTV00174/2020', '2020-10-22 08:49:22', NULL, 107, 1, '', 3, 0, 0, '', 0, 0, 10, 2020, NULL),
(724, 'CHTV00175/2020', '2020-10-23 07:39:28', NULL, 1, 1, '', 3, 4, 0, '', 0, 0, 10, 2020, NULL),
(725, 'CHTV00176/2020', '2020-10-23 07:58:17', NULL, 1, 1, '', 3, 4, 0, '', 0, 0, 10, 2020, NULL),
(726, 'CHTV00177/2020', '2020-10-26 07:26:56', NULL, 19, 1, '', 3, 0, 0, '', 0, 0, 10, 2020, NULL),
(727, 'CHTV00178/2020', '2020-10-26 07:28:57', NULL, 2, 1, '', 3, 1, 0, '', 0, 0, 10, 2020, NULL),
(728, 'CHTV00179/2020', '2020-12-01 09:48:03', NULL, 126, 1, '', 3, 0, 0, '', 0, 0, 12, 2020, NULL),
(729, 'CHTV00180/2020', '2020-10-26 08:10:35', NULL, 0, 1, '', 3, 2, 0, '', 0, 0, 10, 2020, NULL),
(730, 'CHTV00181/2020', '2020-10-27 08:29:33', NULL, 3, 1, '', 3, 2, 0, '', 0, 0, 10, 2020, NULL),
(731, 'CHTV00182/2020', '2020-10-26 09:45:38', NULL, 1, 0, '', 3, 0, 0, '', 0, 0, 10, 2020, NULL),
(732, 'CHTV00183/2020', '2020-10-27 08:26:24', NULL, 1, 1, '', 3, 4, 20, '', 0, 0, 10, 2020, NULL),
(733, 'CHTV00184/2020', '2020-10-27 08:50:14', NULL, 83, 0, '', 3, 0, 0, '', 0, 0, 10, 2020, NULL),
(734, 'CHTV00185/2020', '2020-10-27 09:01:26', NULL, 10, 1, '', 3, 0, 0, '', 0, 0, 1, 2021, NULL),
(735, 'CHTV00186/2020', '2020-10-27 09:37:49', NULL, 14, 1, '', 3, 0, 0, '', 0, 0, 10, 2020, NULL),
(736, 'CHTV00187/2020', '2020-10-29 07:54:39', NULL, 2, 1, '', 3, 1, 0, '', 0, 0, 10, 2020, NULL),
(737, 'CHTV00188/2020', '2020-11-04 11:38:37', NULL, 1, 1, '', 3, 4, 0, '', 0, 0, 11, 2020, NULL),
(738, 'CHTV00189/2020', '2020-11-04 12:55:02', NULL, 141, 1, '', 3, 0, 15, '', 0, 0, 11, 2020, NULL),
(739, 'CHTV00190/2020', '2020-11-04 11:36:39', NULL, 1, 1, '', 3, 4, 0, '', 0, 0, 11, 2020, NULL),
(740, 'CHTV00191/2020', '2020-11-05 07:59:31', NULL, 73, 0, '', 3, 0, 0, '', 0, 0, 11, 2020, NULL),
(741, 'CHTV00192/2020', '2020-11-07 11:40:09', NULL, 25, 0, '', 3, 0, 0, '', 0, 0, 11, 2020, NULL),
(742, 'CHTV00193/2020', '2020-11-07 17:24:28', NULL, 65, 1, '', 3, 0, 0, '', 0, 0, 11, 2020, NULL),
(743, 'CHTV00194/2020', '2020-11-16 08:49:51', NULL, 1, 1, '', 3, 4, 0, '', 0, 0, 11, 2020, NULL),
(744, 'CHTV00195/2020', '2020-11-10 09:28:49', NULL, 140, 1, '', 3, 2, 0, '', 0, 0, 11, 2020, NULL),
(745, 'CHTV00196/2020', '2020-11-11 08:33:11', NULL, 2, 1, '', 3, 2, 0, '', 0, 0, 11, 2020, NULL),
(746, 'CHTV00197/2020', '2020-11-12 08:37:00', NULL, 141, 1, '', 3, 0, 15, '', 0, 0, 11, 2020, NULL),
(747, 'CHTV00198/2020', '2020-11-12 08:47:54', NULL, 2, 1, '', 3, 2, 0, '', 0, 0, 11, 2020, NULL),
(748, 'CHTV00199/2020', '2020-11-16 09:35:09', NULL, 141, 1, '', 3, 0, 0, '', 0, 0, 11, 2020, NULL),
(749, 'CHTV00200/2020', '2020-11-13 08:44:41', NULL, 125, 1, '', 3, 0, 0, '', 0, 0, 11, 2020, NULL),
(750, 'CHTV00201/2020', '2020-11-20 10:20:40', NULL, 41, 1, '', 3, 2, 0, '', 0, 0, 11, 2020, NULL),
(751, 'CHTV00202/2020', '2020-11-16 09:08:15', NULL, 19, 1, '', 3, 0, 0, '', 0, 0, 11, 2020, NULL),
(752, 'CHTVF0074/2020', '2020-11-16 09:38:19', NULL, 71, 1, '', 3, 0, 0, '', 0, 1, 11, 2020, NULL),
(753, 'CHTV00204/2020', '2020-11-18 09:07:39', NULL, 10, 1, '', 3, 0, 0, '', 0, 0, 11, 2020, NULL),
(754, 'CHTV00205/2020', '2020-11-18 12:29:01', NULL, 3, 1, '', 3, 2, 0, '', 0, 0, 11, 2020, NULL),
(755, 'CHTV00206/2020', '2020-11-20 10:21:23', NULL, 41, 1, '', 3, 2, 0, '', 0, 0, 11, 2020, NULL),
(756, 'CHTV00207/2020', '2020-11-25 08:04:01', NULL, 10, 1, '', 3, 2, 0, '', 0, 0, 12, 2020, NULL),
(757, 'CHTV00208/2020', '2020-11-21 07:51:46', NULL, 2, 1, '', 3, 1, 0, '', 0, 0, 11, 2020, NULL),
(758, 'CHTV00209/2020', '2021-01-15 08:25:50', NULL, 83, 1, '', 3, 2, 0, '', 0, 0, 1, 2021, NULL),
(759, 'CHTV00210/2020', '2020-11-23 09:03:49', NULL, 100, 1, '', 3, 0, 0, '', 0, 0, 11, 2020, NULL),
(760, 'CHTV00211/2020', '2020-11-25 09:35:47', NULL, 41, 1, '', 3, 0, 0, '', 0, 0, 11, 2020, NULL),
(761, 'CHTV00212/2020', '2021-08-20 12:30:32', NULL, 23, 1, '', 3, 2, 10, '', 0, 0, 8, 2021, NULL),
(762, 'CHTV00213/2020', '2020-11-26 09:50:49', NULL, 1, 1, '', 3, 4, 0, '', 0, 0, 11, 2020, NULL),
(763, 'CHTV00214/2020', '2021-01-30 10:18:01', NULL, 71, 1, '', 3, 0, 15, '', 0, 0, 1, 2021, NULL),
(764, 'CHTV00215/2020', '2020-12-02 10:27:32', NULL, 71, 1, '', 3, 2, 15, '', 0, 0, 12, 2020, NULL),
(765, 'CHTV00216/2020', '2020-12-02 10:24:42', NULL, 141, 1, '', 3, 0, 15, '', 0, 0, 12, 2020, NULL),
(766, 'CHTV00218/2020', '2020-12-02 10:33:42', NULL, 3, 1, '', 3, 2, 0, '', 0, 0, 12, 2020, NULL),
(767, 'CHTV00219/2020', '2020-12-08 08:43:04', NULL, 1, 1, '', 3, 4, 20, '', 0, 0, 12, 2020, NULL),
(768, 'CHTV00221/2020', '2020-12-08 09:08:29', NULL, 3, 1, '', 3, 2, 0, '', 0, 0, 12, 2020, NULL),
(769, 'CHTV00222/2020', '2020-12-08 08:46:22', NULL, 41, 1, '', 3, 1, 0, '', 0, 0, 12, 2020, NULL),
(770, 'CHTV00223/2020', '2020-12-08 09:07:45', NULL, 107, 1, '', 3, 1, 0, '', 0, 0, 12, 2020, NULL),
(771, 'CHTVF0075/2020', '2020-12-08 09:10:04', NULL, 112, 1, '', 3, 0, 0, '', 0, 1, 12, 2020, NULL),
(772, 'CHTV00224/2020', '2020-12-10 11:19:29', NULL, 76, 1, '', 3, 0, 0, '', 0, 0, 12, 2020, NULL),
(773, 'CHTV00225/2020', '2020-12-11 10:24:22', NULL, 1, 1, '', 3, 4, 0, '', 0, 0, 12, 2020, NULL),
(774, 'CHTV00226/2020', '2020-12-11 12:40:41', NULL, 3, 1, '', 3, 2, 0, '', 0, 0, 2, 2021, NULL),
(775, 'CHTV00227/2020', '2020-12-16 08:04:43', NULL, 1, 1, '', 3, 4, 0, '', 0, 0, 12, 2020, NULL),
(776, 'CHTV00228/2020', '2020-12-16 08:03:03', NULL, 1, 1, '', 3, 4, 0, '', 0, 0, 12, 2020, NULL),
(777, 'CHTV00229/2020', '2020-12-31 17:09:32', NULL, 15, 1, '', 3, 0, 0, '', 0, 0, 12, 2020, NULL),
(778, 'CHTV00230/2020', '2020-12-17 08:31:26', NULL, 3, 1, '', 3, 2, 0, '', 0, 0, 12, 2020, NULL),
(779, 'CHTV00231/2020', '2020-12-18 09:38:51', NULL, 1, 1, '', 3, 4, 0, '', 0, 0, 12, 2020, NULL),
(780, 'CHTV00236/2020', '2021-12-24 08:47:54', NULL, 41, 1, '', 3, 0, 0, '', 0, 0, 3, 2022, NULL),
(781, 'CHTV00237/2020', '2021-01-15 08:45:42', NULL, 1, 1, '', 3, 4, 0, '', 0, 0, 1, 2021, NULL),
(782, 'CHTV001/2021', '2021-01-04 13:49:34', NULL, 3, 1, '', 3, 2, 0, '', 0, 0, 1, 2021, NULL),
(783, 'CHTV002/2021', '2021-01-13 13:39:00', NULL, 1, 1, '', 3, 4, 0, '', 0, 0, 1, 2021, NULL),
(784, 'CHTV003/2021', '2021-01-18 08:13:58', NULL, 1, 1, '', 3, 4, 20, '', 0, 0, 1, 2021, NULL),
(785, 'CHTV004/2021', '2021-01-25 10:44:59', NULL, 2, 1, '', 3, 1, 0, '', 0, 0, 1, 2021, NULL),
(786, 'CHTV005/2021', '2021-01-28 10:09:00', NULL, 1, 1, '', 3, 4, 0, '', 0, 0, 1, 2021, NULL),
(787, 'CHTV006/2021', '2021-01-28 09:45:03', NULL, 2, 1, '', 3, 1, 0, '', 0, 0, 1, 2021, NULL),
(788, 'CHTV007/2021', '2021-04-01 13:41:33', NULL, 117, 1, '', 3, 0, 0, '', 0, 0, 4, 2021, NULL),
(789, 'CHTV008/2021', '2021-02-02 10:43:27', NULL, 1, 1, '', 3, 4, 0, '', 0, 0, 2, 2021, NULL),
(790, 'CHTV009/2021', '2021-02-04 10:04:14', NULL, 1, 1, '', 3, 4, 0, '', 0, 0, 2, 2021, NULL),
(791, 'CHTV0010/2021', '2021-02-04 10:58:07', NULL, 49, 1, '', 3, 0, 0, '', 0, 0, 2, 2021, NULL),
(792, 'CHTV0011/2021', '2021-02-05 12:51:35', NULL, 1, 1, '', 3, 0, 0, '', 0, 0, 2, 2021, NULL),
(793, 'CHTV0012/2021', '2021-02-05 12:58:24', NULL, 1, 1, '', 3, 4, 0, '', 0, 0, 2, 2021, NULL),
(794, 'CHTV0013/2021', '2021-02-12 11:10:49', NULL, 3, 1, '', 3, 2, 0, '', 0, 0, 2, 2021, NULL),
(795, 'CHTV0014/2021', '2021-09-16 11:40:45', NULL, 1, 1, '', 3, 2, 0, '', 0, 0, 9, 2021, NULL),
(796, 'CHTV0015/2021', '2021-02-15 09:26:35', NULL, 1, 1, '', 3, 4, 0, '', 0, 0, 2, 2021, NULL),
(797, 'CHTV0016/2021', '2021-02-15 12:06:48', NULL, 1, 1, '', 3, 4, 0, '', 0, 0, 2, 2021, NULL),
(798, 'CHTV0017/2021', '2021-02-17 10:02:40', NULL, 1, 1, '', 3, 4, 0, '', 0, 0, 2, 2021, NULL),
(799, 'CHTV0018/2021', '2021-02-16 08:40:32', NULL, 107, 1, '', 3, 2, 0, '', 0, 0, 3, 2021, NULL),
(800, 'CHTV0019/2021', '2021-08-17 10:13:28', NULL, 1, 1, '', 3, 2, 0, '', 0, 0, 8, 2021, NULL),
(801, 'CHTV0020/2021', '2021-02-16 11:30:32', NULL, 1, 1, '', 3, 4, 0, '', 0, 0, 2, 2021, NULL),
(802, 'CHTV0022/2021', '2021-02-19 13:54:46', NULL, 2, 1, '', 3, 1, 0, '', 0, 0, 2, 2021, NULL),
(803, 'CHTV0023/2021', '2021-02-22 12:36:42', NULL, 3, 1, '', 3, 2, 0, '', 0, 0, 2, 2021, NULL),
(804, 'CHTV0024/2021', '2021-02-23 11:02:43', NULL, 1, 1, '', 3, 4, 20, '', 0, 0, 2, 2021, NULL),
(805, 'CHTV0025/2021', '2021-02-26 10:29:03', NULL, 1, 1, '', 3, 4, 0, '', 0, 0, 2, 2021, NULL),
(806, 'CHTVF0076/2021', '2021-03-04 11:47:18', NULL, 71, 1, '', 3, 0, 0, '', 0, 1, 3, 2021, NULL),
(807, 'CHTV0026/2021', '2021-03-04 13:17:48', NULL, 2, 1, '', 3, 2, 0, '', 0, 0, 3, 2021, NULL),
(808, 'CHTV0027/2021', '2021-03-04 13:21:55', NULL, 3, 1, '', 3, 2, 0, '', 0, 0, 3, 2021, NULL),
(809, 'CHTV0028/2021', '2021-03-11 08:39:03', NULL, 2, 1, '', 3, 2, 0, '', 0, 0, 3, 2021, NULL),
(810, 'CHTV0029/2021', '2021-03-15 11:35:40', NULL, 88, 1, '', 3, 0, 0, '', 0, 0, 3, 2021, NULL),
(811, 'CHTV0030/2021', '2021-03-20 11:30:37', NULL, 3, 1, '', 3, 2, 0, '', 0, 0, 3, 2021, NULL),
(812, 'CHTV0031/2021', '2021-03-24 16:30:10', NULL, 107, 1, '', 3, 2, 0, '', 0, 0, 4, 2021, NULL),
(813, 'CHTV0032/2021', '2021-03-20 11:59:51', NULL, 41, 1, '', 3, 0, 0, '', 0, 0, 3, 2021, NULL),
(814, 'CHTV0033/2021', '2021-03-24 16:23:50', NULL, 1, 1, '', 3, 4, 0, '', 0, 0, 3, 2021, NULL),
(815, 'CHTV0034/2021', '2021-03-25 12:57:48', NULL, 1, 1, '', 3, 4, 0, '', 0, 0, 3, 2021, NULL),
(816, 'CHTV0035/2021', '2021-03-26 10:34:34', NULL, 1, 1, '', 3, 4, 0, '', 0, 0, 3, 2021, NULL),
(817, 'CHTVF0077/2021', '2021-03-29 11:44:36', NULL, 112, 1, '', 3, 0, 0, '', 0, 1, 3, 2021, NULL),
(818, 'CHTV0036/2021', '2021-03-29 12:04:14', NULL, 1, 1, '', 3, 4, 0, '', 0, 0, 3, 2021, NULL),
(819, 'CHTV0037/2021', '2021-04-01 15:04:00', NULL, 1, 1, '', 3, 4, 0, '', 0, 0, 4, 2021, NULL),
(820, 'CHTV0038/2021', '2021-04-01 15:13:08', NULL, 1, 1, '', 3, 4, 0, '', 0, 0, 4, 2021, NULL),
(821, 'CHTV0039/2021', '2021-04-01 15:16:54', NULL, 2, 1, '', 3, 2, 0, '', 0, 0, 4, 2021, NULL),
(822, 'CHTVF0078/2021', '2021-04-02 13:26:11', NULL, 71, 1, '', 3, 0, 0, '', 0, 1, 4, 2021, NULL),
(823, 'CHTV0040/2021', '2021-04-06 10:05:07', NULL, 41, 1, '', 3, 0, 0, '', 0, 0, 4, 2021, NULL),
(824, 'CHTV0041/2021', '2021-05-11 11:16:23', NULL, 117, 1, '', 3, 0, 0, '', 0, 0, 5, 2021, NULL),
(825, 'CHTV0042/2021', '2021-04-07 13:59:50', NULL, 117, 0, '', 3, 0, 0, '', 0, 0, 4, 2021, NULL),
(826, 'CHTV0043/2021', '2021-05-31 12:32:07', NULL, 1, 1, '', 3, 4, 0, '', 0, 0, 5, 2021, NULL),
(827, 'CHTV0044/2021', '2021-04-08 09:05:03', NULL, 143, 1, '', 3, 4, 0, '', 0, 0, 4, 2021, NULL),
(828, 'CHTV0045/2021', '2021-04-08 13:10:23', NULL, 1, 1, '', 3, 4, 0, '', 0, 0, 4, 2021, NULL),
(829, 'CHTV0046/2021', '2021-04-13 07:36:02', NULL, 1, 1, '', 3, 4, 0, '', 0, 0, 4, 2021, NULL),
(830, 'CHTV0047/2021', '2021-04-13 07:42:34', NULL, 1, 1, '', 3, 4, 20, '', 0, 0, 4, 2021, NULL),
(831, 'CHTV0048/2021', '2021-04-13 07:55:33', NULL, 1, 1, '', 3, 4, 0, '', 0, 0, 4, 2021, NULL),
(832, 'CHTV0049/2021', '2021-04-13 07:56:50', NULL, 0, 1, '', 3, 0, 0, '', 0, 0, 12, 2021, NULL),
(833, 'CHTV0050/2021', '2021-04-13 07:58:26', NULL, 1, 1, '', 3, 4, 0, '', 0, 0, 4, 2021, NULL),
(834, 'CHTV0051/2021', '2021-04-13 13:53:05', NULL, 3, 1, '', 3, 2, 0, '', 0, 0, 4, 2021, NULL),
(835, 'CHTV0052/2021', '2021-04-14 08:34:36', NULL, 1, 1, '', 3, 4, 0, '', 0, 0, 4, 2021, NULL),
(836, 'CHTV0053/2021', '2021-04-14 08:49:56', NULL, 1, 1, '', 3, 4, 20, '', 0, 0, 4, 2021, NULL),
(837, 'CHTV0054/2021', '2021-04-19 08:35:25', NULL, 10, 1, '', 3, 0, 0, '', 0, 0, 4, 2021, NULL),
(838, 'CHTV0055/2021', '2021-04-23 11:26:59', NULL, 2, 1, '', 3, 2, 0, '', 0, 0, 4, 2021, NULL),
(839, 'CHTV0056/2021', '2021-04-23 11:38:36', NULL, 3, 1, '', 3, 2, 0, '', 0, 0, 4, 2021, NULL),
(840, 'CHTV0057/2021', '2021-04-23 11:40:19', NULL, 1, 1, '', 3, 4, 0, '', 0, 0, 4, 2021, NULL),
(841, 'CHTV0058/2021', '2021-04-26 12:17:24', NULL, 2, 1, '', 3, 2, 0, '', 0, 0, 4, 2021, NULL),
(842, 'CHTV0059/2021', '2021-04-26 14:06:13', NULL, 41, 1, '', 3, 0, 0, '', 0, 0, 5, 2021, NULL),
(843, 'CHTV0061/2021', '2021-04-28 07:37:40', NULL, 2, 1, '', 3, 2, 0, '', 0, 0, 4, 2021, NULL),
(844, 'CHTV0062/2021', '2021-04-28 09:52:43', NULL, 99, 1, '', 3, 0, 20, '', 0, 0, 4, 2021, NULL),
(845, 'CHTV0063/2021', '2021-04-29 08:10:07', NULL, 1, 1, '', 3, 4, 0, '', 0, 0, 4, 2021, NULL),
(846, 'CHTV0064/2021', '2021-05-05 11:14:35', NULL, 1, 1, '', 3, 4, 0, '', 0, 0, 5, 2021, NULL),
(847, 'CHTV0065/2021', '2021-05-05 12:42:05', NULL, 3, 1, '', 3, 2, 0, '', 0, 0, 5, 2021, NULL),
(848, 'CHTV0066/2021', '2021-05-05 12:57:10', NULL, 2, 1, '', 3, 2, 0, '', 0, 0, 5, 2021, NULL),
(849, 'CHTV0067/2021', '2021-05-07 08:22:01', NULL, 7, 0, '', 3, 0, 0, '', 0, 0, 9, 2021, NULL),
(850, 'CHTV0068/2021', '2021-05-08 07:43:39', NULL, 41, 1, '', 3, 2, 0, '', 0, 0, 7, 2021, NULL),
(851, 'CHTV0069/2021', '2021-05-10 10:33:44', NULL, 2, 1, '', 3, 2, 0, '', 0, 0, 5, 2021, NULL),
(852, 'CHTV0070/2021', '2021-05-10 10:57:44', NULL, 1, 1, '', 3, 4, 0, '', 0, 0, 5, 2021, NULL),
(853, 'CHTVF0079/2021', '2021-05-12 14:03:16', NULL, 145, 1, '', 3, 0, 0, '', 0, 1, 5, 2021, NULL),
(854, 'CHTV0071/2021', '2021-05-20 12:18:42', NULL, 1, 1, '', 3, 4, 1, '', 0, 0, 7, 2021, NULL),
(855, 'CHTV0072/2021', '2021-05-31 08:24:58', NULL, 146, 1, '', 3, 4, 0, '', 0, 0, 5, 2021, NULL),
(856, 'CHTV0073/2021', '2021-05-31 08:37:42', NULL, 1, 1, '', 3, 4, 0, '', 0, 0, 5, 2021, NULL),
(857, 'CHTV0074/2021', '2021-06-04 14:27:29', NULL, 3, 1, '', 3, 2, 0, '', 0, 0, 6, 2021, NULL),
(858, 'CHTV0075/2021', '2021-06-07 07:25:34', NULL, 26, 1, '', 3, 0, 10, '', 0, 0, 6, 2021, NULL),
(859, 'CHTV0076/2021', '2021-06-07 07:51:06', NULL, 10, 1, '', 3, 2, 0, '', 0, 0, 8, 2021, NULL),
(860, 'CHTV0077/2021', '2021-06-15 08:40:24', NULL, 3, 1, '', 3, 2, 0, '', 0, 0, 6, 2021, NULL),
(861, 'CHTV0078/2021', '2021-06-18 09:29:31', NULL, 107, 1, '', 3, 4, 0, '', 0, 0, 6, 2021, NULL),
(862, 'CHTV0079/2021', '2021-07-13 13:07:28', NULL, 1, 1, '', 3, 4, 0, '', 0, 0, 7, 2021, NULL),
(863, 'CHTV0080/2021', '2021-06-26 07:37:04', NULL, 1, 1, '', 3, 4, 0, '', 0, 0, 6, 2021, NULL),
(864, 'CHTV0081/2021', '2021-06-28 08:08:41', NULL, 1, 1, '', 3, 4, 20, '', 0, 0, 7, 2021, NULL),
(865, 'CHTV0082/2021', '2021-06-28 13:16:15', NULL, 1, 1, '', 3, 0, 0, '', 0, 0, 6, 2021, NULL),
(866, 'CHTV0084/2021', '2021-06-30 09:07:00', NULL, 1, 1, '', 3, 4, 0, '', 0, 0, 6, 2021, NULL),
(867, 'CHTV0085/2021', '2021-06-30 09:24:24', NULL, 41, 1, '', 3, 0, 0, '', 0, 0, 7, 2021, NULL),
(868, 'CHTV0086/2021', '2021-06-30 10:07:21', NULL, 107, 1, '', 3, 0, 0, '', 0, 0, 7, 2021, NULL),
(869, 'CHTVF0080/2021', '2021-06-30 10:08:48', NULL, 112, 1, '', 3, 0, 0, '', 0, 1, 6, 2021, NULL),
(870, 'CHTVF0081/2021', '2021-06-30 10:11:50', NULL, 147, 1, '', 3, 0, 0, '', 0, 1, 6, 2021, NULL),
(871, 'CHTVF0082/2021', '2021-06-30 10:13:21', NULL, 71, 1, '', 3, 0, 0, '', 0, 1, 7, 2021, NULL),
(872, 'CHTV0087/2021', '2021-07-05 13:11:11', NULL, 1, 1, '', 3, 4, 0, '', 0, 0, 7, 2021, NULL),
(873, 'CHTV0088/2021', '2021-07-07 12:42:06', NULL, 108, 0, '', 3, 0, 0, '', 0, 0, 7, 2021, NULL),
(874, 'CHTV0089/2021', '2021-07-12 12:53:51', NULL, 1, 1, '', 3, 4, 0, '', 0, 0, 7, 2021, NULL),
(875, 'CHTV0090/2021', '2021-07-13 17:58:00', NULL, 1, 1, '', 3, 4, 0, '', 0, 0, 7, 2021, NULL),
(876, 'CHTVF0083/2021', '2021-07-13 19:22:19', NULL, 97, 1, '', 3, 0, 0, '', 0, 1, 7, 2021, NULL),
(877, 'CHTV0091/2021', '2021-07-13 20:23:15', NULL, 3, 1, '', 3, 2, 0, '', 0, 0, 7, 2021, NULL),
(878, 'CHTV0092/2021', '2021-07-13 20:50:14', NULL, 10, 1, '', 3, 2, 0, '', 0, 0, 7, 2021, NULL),
(879, 'CHTV0093/2021', '2021-07-26 12:12:12', NULL, 3, 1, '', 3, 2, 0, '', 0, 0, 7, 2021, NULL),
(880, 'CHTV0094/2021', '2021-07-31 09:43:26', NULL, 1, 1, '', 3, 4, 0, '', 0, 0, 7, 2021, NULL),
(881, 'CHTVF0084/2021', '2021-08-03 11:19:06', NULL, 65, 1, '', 3, 0, 0, '', 0, 1, 8, 2021, NULL),
(882, 'CHTV0095/2021', '2021-08-09 09:36:52', NULL, 138, 1, '', 3, 0, 0, '', 0, 0, 8, 2021, NULL),
(883, 'CHTV0096/2021', '2021-08-10 12:51:14', NULL, 2, 1, '', 3, 2, 0, '', 0, 0, 8, 2021, NULL),
(884, 'CHTV0097/2021', '2021-08-10 14:14:50', NULL, 107, 1, '', 3, 0, 0, '', 0, 0, 8, 2021, NULL),
(885, 'CHTV00101/2021', '2021-08-18 09:23:17', NULL, 25, 1, '', 3, 0, 0, '', 0, 0, 9, 2021, NULL),
(886, 'CHTV00102/2021', '2021-08-18 09:28:26', NULL, 25, 1, '', 3, 2, 0, '', 0, 0, 9, 2021, NULL),
(887, 'CHTVF0085/2021', '2021-08-18 09:43:29', NULL, 71, 1, '', 3, 0, 0, '', 0, 1, 8, 2021, NULL),
(888, 'CHTV00103/2021', '2021-08-20 12:34:17', NULL, 1, 1, '', 3, 2, 0, '', 0, 0, 8, 2021, NULL),
(889, 'CHTV00104/2021', '2021-08-23 08:49:21', NULL, 3, 1, '', 3, 2, 0, '', 0, 0, 8, 2021, NULL),
(890, 'CHTV00105/2021', '2021-08-23 15:23:59', NULL, 1, 1, '', 3, 2, 20, '', 0, 0, 8, 2021, NULL),
(891, 'CHTV00106/2021', '2021-08-28 11:00:51', NULL, 2, 1, '', 3, 0, 0, '', 0, 0, 8, 2021, NULL),
(892, 'CHTVF0086/2021', '2021-08-28 11:02:27', NULL, 65, 1, '', 3, 0, 0, '', 0, 1, 8, 2021, NULL),
(893, 'CHTV00107/2021', '2021-09-02 13:16:33', NULL, 1, 1, '', 3, 2, 0, '', 0, 0, 9, 2021, NULL),
(894, 'CHTV00108/2021', '2021-09-02 13:11:53', NULL, 1, 1, '', 3, 2, 0, '', 0, 0, 9, 2021, NULL),
(895, 'CHTV00109/2021', '2021-08-31 14:11:54', NULL, 148, 0, '', 3, 0, 0, '', 0, 0, 8, 2021, NULL),
(896, 'CHTV00111/2021', '2021-09-09 08:33:42', NULL, 147, 1, '', 3, 0, 0, '', 0, 0, 9, 2021, NULL),
(897, 'CHTV00112/2021', '2021-09-07 10:12:42', NULL, 35, 1, '', 3, 0, 0, '', 0, 0, 9, 2021, NULL),
(898, 'CHTV00113/2021', '2021-09-09 08:47:10', NULL, 141, 1, '', 3, 0, 0, '', 0, 0, 9, 2021, NULL),
(899, 'CHTV00114/2021', '2021-09-07 10:43:42', NULL, 2, 1, '', 3, 2, 0, '', 0, 0, 9, 2021, NULL),
(900, 'CHTV00115/2021', '2021-09-07 10:57:47', NULL, 3, 1, '', 3, 0, 0, '', 0, 0, 9, 2021, NULL),
(901, 'CHTV00116/2021', '2021-09-09 08:54:07', NULL, 1, 1, '', 3, 0, 0, '', 0, 0, 9, 2021, NULL),
(902, 'CHTVF0087/2021', '2021-09-07 11:12:09', NULL, 71, 1, '', 3, 0, 0, '', 0, 1, 9, 2021, NULL),
(903, 'CHTVF0088/2021', '2021-09-09 08:48:35', NULL, 81, 1, '', 3, 0, 0, '', 0, 1, 10, 2021, NULL),
(904, 'CHTV00117/2021', '2021-09-09 09:01:18', NULL, 2, 1, '', 3, 2, 0, '', 0, 0, 9, 2021, NULL),
(905, 'CHTV00118/2021', '2021-09-16 09:08:41', NULL, 2, 1, '', 3, 2, 0, '', 0, 0, 9, 2021, NULL),
(906, 'CHTV00119/2021', '2021-09-09 11:13:47', NULL, 1, 1, '', 3, 4, 0, '', 0, 0, 9, 2021, NULL),
(907, 'CHTV00120/2021', '2021-09-20 09:24:35', NULL, 1, 1, '', 3, 2, 0, '', 0, 0, 9, 2021, NULL),
(908, 'CHTV00121/2021', '2021-09-25 08:55:33', NULL, 2, 1, '', 3, 2, 0, '', 0, 0, 9, 2021, NULL),
(909, 'CHTV00122/2021', '2021-09-23 14:51:44', NULL, 2, 1, '', 3, 2, 0, '', 0, 0, 9, 2021, NULL),
(910, 'CHTV00123/2021', '2021-09-29 08:52:22', NULL, 107, 1, '', 3, 2, 0, '', 0, 0, 9, 2021, NULL),
(911, 'CHTVF0089/2021', '2021-09-30 11:20:54', NULL, 149, 1, '', 3, 0, 0, '', 0, 1, 9, 2021, NULL),
(912, 'CHTV00124/2021', '2021-11-15 09:59:55', NULL, 2, 1, '', 3, 2, 0, '', 0, 0, 11, 2021, NULL),
(913, 'CHTV00125/2021', '2021-09-30 13:47:58', NULL, 3, 1, '', 3, 2, 0, '', 0, 0, 9, 2021, NULL),
(914, 'CHTV00126/2021', '2021-10-05 15:50:34', NULL, 41, 1, '', 3, 2, 0, '', 0, 0, 11, 2021, NULL),
(915, 'CHTV00127/2021', '2021-10-07 10:15:06', NULL, 3, 1, '', 3, 2, 0, '', 0, 0, 10, 2021, NULL),
(916, 'CHTV00128/2021', '2021-11-05 12:26:34', NULL, 1, 1, '', 3, 4, 0, '', 0, 0, 11, 2021, NULL),
(917, 'CHTV00129/2021', '2021-12-24 11:48:18', NULL, 71, 1, '', 3, 0, 0, '', 0, 0, 12, 2021, NULL),
(918, 'CHTV00130/2021', '2021-11-12 13:45:14', NULL, 2, 1, '', 3, 1, 0, '', 0, 0, 11, 2021, NULL),
(919, 'CHTV00135/2021', '2021-11-15 10:11:43', NULL, 2, 1, '', 3, 2, 0, '', 0, 0, 11, 2021, NULL),
(920, 'CHTV00136/2021', '2021-11-16 11:27:10', NULL, 3, 1, '', 3, 0, 0, '', 0, 0, 11, 2021, NULL),
(921, 'CHTV00137/2021', '2021-11-18 08:15:11', NULL, 17, 1, '', 3, 0, 0, '', 0, 0, 11, 2021, NULL),
(922, 'CHTV00138/2021', '2021-11-20 08:38:54', NULL, 41, 1, '', 3, 0, 0, '', 0, 0, 11, 2021, NULL),
(923, 'CHTV00139/2021', '2021-11-22 08:04:17', NULL, 1, 1, '', 3, 4, 0, '', 0, 0, 11, 2021, NULL),
(924, 'CHTV00140/2021', '2021-11-22 08:08:26', NULL, 1, 1, '', 3, 4, 0, '', 0, 0, 11, 2021, NULL),
(925, 'CHTV00141/2021', '2021-11-26 08:27:18', NULL, 1, 1, '', 3, 4, 0, '', 0, 0, 11, 2021, NULL),
(926, 'CHTV00142/2021', '2021-11-26 09:41:05', NULL, 2, 1, '', 3, 0, 0, '', 0, 0, 11, 2021, NULL),
(927, 'CHTV00143/2021', '2021-11-26 13:10:12', NULL, 10, 1, '', 3, 0, 0, '', 0, 0, 11, 2021, NULL),
(928, 'CHTV00144/2021', '2021-12-02 11:22:24', NULL, 3, 1, '', 3, 2, 0, '', 0, 0, 12, 2021, NULL),
(929, 'CHTV00145/2021', '2021-12-24 11:46:28', NULL, 10, 1, '', 3, 0, 0, '', 0, 0, 12, 2021, NULL),
(930, 'CHTV00146/2021', '2021-12-10 13:06:31', NULL, 2, 1, '', 3, 2, 0, '', 0, 0, 12, 2021, NULL),
(931, 'CHTV00147/2021', '2021-12-10 13:20:29', NULL, 3, 1, '', 3, 2, 0, '', 0, 0, 12, 2021, NULL),
(932, 'CHTV00148/2021', '2021-12-13 11:43:06', NULL, 1, 1, '', 3, 4, 0, '', 0, 0, 12, 2021, NULL),
(933, 'CHTV00149/2021', '2021-12-14 13:06:12', NULL, 25, 1, '', 3, 1, 0, '', 0, 0, 12, 2021, NULL),
(934, 'CHTV00150/2021', '2021-12-15 12:29:07', NULL, 1, 1, '', 3, 4, 0, '', 0, 0, 12, 2021, NULL),
(935, 'CHTV00151/2021', '2021-12-17 16:03:49', NULL, 2, 1, '', 3, 2, 0, '', 0, 0, 12, 2021, NULL),
(936, 'CHTV00152/2021', '2021-12-21 10:02:49', NULL, 1, 1, '', 3, 4, 0, '', 0, 0, 12, 2021, NULL),
(937, 'CHTV00153/2021', '2021-12-21 10:35:52', NULL, 41, 1, '', 3, 2, 0, '', 0, 0, 3, 2022, NULL),
(938, 'CHTV00154/2021', '2021-12-21 13:35:20', NULL, 107, 1, '', 3, 2, 0, '', 0, 0, 12, 2021, NULL),
(939, 'CHTVF0090/2021', '2021-12-24 11:38:12', NULL, 71, 1, '', 3, 0, 0, '', 0, 1, 12, 2021, NULL),
(940, 'CHTV00155/2021', '2021-12-27 14:08:34', NULL, 1, 1, '', 3, 4, 0, '', 0, 0, 12, 2021, NULL),
(941, 'CHTV00156/2021', '2021-12-27 16:31:16', NULL, 1, 1, '', 3, 4, 0, '', 0, 0, 12, 2021, NULL),
(942, 'CHTV00157/2021', '2021-12-28 14:44:40', NULL, 71, 1, '', 3, 4, 0, '', 0, 0, 12, 2021, NULL),
(943, 'CHTV00158/2021', '2021-12-28 14:46:26', NULL, 1, 1, '', 3, 4, 0, '', 0, 0, 12, 2021, NULL),
(944, 'CHTVF0091/2021', '2021-12-28 14:47:55', NULL, 0, 1, '', 3, 0, 0, '', 0, 1, 12, 2021, NULL),
(945, 'CHTVF0092/2021', '2021-12-28 14:58:43', NULL, 71, 1, '', 3, 0, 0, '', 0, 1, 12, 2021, NULL),
(946, 'CHTVF0093/2021', '2021-12-28 14:59:43', NULL, 71, 1, '', 3, 0, 0, '', 0, 1, 12, 2021, NULL),
(947, 'CHTV00159/2021', '2021-12-29 11:21:39', NULL, 1, 1, '', 3, 4, 0, '', 0, 0, 12, 2021, NULL),
(948, 'CHTVF0094/2021', '2021-12-29 12:39:12', NULL, 130, 1, '', 3, 0, 0, '', 0, 1, 12, 2021, NULL),
(949, 'CHTV00160/2021', '2021-12-30 11:45:45', NULL, 2, 1, '', 3, 2, 0, '', 0, 0, 12, 2021, NULL),
(950, 'CHTVF0095/2021', '2021-12-31 11:41:29', NULL, 71, 1, '', 3, 0, 0, '', 0, 1, 12, 2021, NULL),
(951, 'CHTV001/2022', '2022-01-03 12:21:40', NULL, 107, 1, '', 3, 2, 0, '', 0, 0, 1, 2022, NULL),
(952, 'CHTV002/2022', '2022-01-04 10:17:38', NULL, 1, 1, '', 3, 4, 0, '', 0, 0, 1, 2022, NULL),
(953, 'CHTV003/2022', '2022-01-04 10:47:57', NULL, 1, 0, '', 3, 2, 0, '', 0, 0, 1, 2022, NULL),
(954, 'CHTV004/2022', '2022-01-06 11:20:18', NULL, 49, 1, '', 3, 1, 0, '', 0, 0, 1, 2022, NULL),
(955, 'CHTVF0096/2022', '2022-01-06 11:23:37', NULL, 130, 1, '', 3, 0, 0, '', 0, 1, 1, 2022, NULL),
(956, 'CHTVF0097/2022', '2022-01-06 16:05:25', NULL, 71, 1, '', 3, 0, 0, '', 0, 1, 1, 2022, NULL),
(957, 'CHTV005/2022', '2022-01-07 08:13:16', NULL, 1, 1, '', 3, 2, 0, '', 0, 0, 1, 2022, NULL),
(958, 'CHTV006/2022', '2022-01-11 15:45:54', NULL, 3, 1, '', 3, 2, 0, '', 0, 0, 1, 2022, NULL),
(959, 'CHTV007/2022', '2022-01-12 09:19:42', NULL, 3, 1, '', 3, 2, 0, '', 0, 0, 1, 2022, NULL),
(960, 'CHTV009/2022', '2022-01-13 09:16:19', NULL, 1, 1, '', 3, 2, 0, '', 0, 0, 1, 2022, NULL),
(961, 'CHTV0010/2022', '2022-01-14 08:32:01', NULL, 117, 1, '', 3, 0, 0, '', 0, 0, 1, 2022, NULL),
(962, 'CHTVF0098/2022', '2022-01-22 09:21:19', NULL, 71, 1, '', 3, 0, 0, '', 0, 1, 1, 2022, NULL),
(963, 'CHTV0011/2022', '2022-01-24 11:01:09', NULL, 141, 0, '', 3, 0, 0, '', 0, 0, 1, 2022, NULL),
(964, 'CHTVF0099/2022', '2022-01-25 13:21:56', NULL, 71, 1, '', 3, 0, 0, '', 0, 1, 1, 2022, NULL),
(965, 'CHTV0012/2022', '2022-01-26 07:52:51', NULL, 2, 1, '', 3, 2, 0, '', 0, 0, 1, 2022, NULL),
(966, 'CHTV0013/2022', '2022-01-26 07:56:59', NULL, 2, 1, '', 3, 2, 0, '', 0, 0, 1, 2022, NULL),
(967, 'CHTV0014/2022', '2022-01-27 14:21:00', NULL, 1, 1, '', 3, 2, 0, '', 0, 0, 1, 2022, NULL),
(968, 'CHTV0015/2022', '2022-02-03 08:57:29', NULL, 1, 1, '', 3, 2, 0, '', 0, 0, 3, 2022, ''),
(969, 'CHTV0016/2022', '2022-02-04 14:23:46', NULL, 150, 1, '', 3, 2, 0, '', 0, 0, 8, 2022, NULL),
(970, 'CHTVF0100/2022', '2022-02-05 09:48:49', NULL, 97, 1, '', 3, 0, 0, '', 0, 1, 2, 2022, NULL),
(971, 'CHTV0017/2022', '2022-02-05 13:21:53', NULL, 49, 1, '', 3, 1, 0, '', 0, 0, 4, 2022, NULL),
(972, 'CHTV0018/2022', '2022-02-08 10:29:08', NULL, 41, 1, '', 3, 2, 0, '', 0, 0, 2, 2022, NULL),
(973, 'CHTV0019/2022', '2022-02-09 13:32:10', NULL, 1, 1, '', 3, 2, 0, '', 0, 0, 2, 2022, NULL),
(974, 'CHTVF0101/2022', '2022-02-10 13:23:38', NULL, 130, 1, '', 3, 0, 0, '', 0, 1, 4, 2022, NULL),
(975, 'CHTV0020/2022', '2022-02-10 15:59:45', NULL, 1, 0, '', 3, 0, 0, '', 0, 0, 2, 2022, NULL),
(976, 'CHTV0021/2022', '2022-02-15 15:26:15', NULL, 1, 1, '', 3, 2, 0, '', 0, 0, 2, 2022, NULL),
(977, 'CHTV0022/2022', '2022-02-15 15:35:36', NULL, 3, 1, '', 3, 2, 0, '', 0, 0, 2, 2022, NULL),
(978, 'CHTV0023/2022', '2022-02-16 14:20:19', NULL, 20, 1, '', 3, 2, 0, '', 0, 0, 2, 2022, NULL),
(979, 'CHTV0024/2022', '2022-02-18 13:29:44', NULL, 20, 1, '', 3, 2, 0, '', 0, 0, 2, 2022, NULL),
(980, 'CHTV0025/2022', '2022-02-16 14:36:07', NULL, 20, 0, '', 3, 2, 0, '', 0, 0, 2, 2022, NULL),
(981, 'CHTV0026/2022', '2022-02-17 16:14:43', NULL, 1, 1, '', 3, 2, 0, '', 0, 0, 2, 2022, NULL),
(982, 'CHTV0027/2022', '2022-02-18 10:16:34', NULL, 3, 1, '', 3, 2, 0, '', 0, 0, 2, 2022, NULL),
(983, 'CHTV0028/2022', '2022-02-18 12:28:47', NULL, 2, 1, '', 3, 2, 0, '', 0, 0, 2, 2022, NULL),
(984, 'CHTV0029/2022', '2022-02-19 09:30:28', NULL, 20, 1, '', 3, 2, 0, '', 0, 0, 2, 2022, NULL),
(985, 'CHTV0030/2022', '2022-02-19 09:36:23', NULL, 20, 1, '', 3, 2, 0, '', 0, 0, 2, 2022, NULL),
(986, 'CHTV0031/2022', '2022-02-19 11:29:42', NULL, 41, 1, '', 3, 2, 0, '', 0, 0, 2, 2022, NULL),
(987, 'CHTVF0102/2022', '2022-02-19 14:11:03', NULL, 152, 1, '', 3, 0, 0, '', 0, 1, 2, 2022, NULL),
(988, 'CHTVF0103/2022', '2022-02-22 10:19:03', NULL, 153, 1, '', 3, 0, 0, '', 0, 1, 2, 2022, NULL),
(989, 'CHTV0032/2022', '2022-02-22 10:23:19', NULL, 153, 1, '', 3, 0, 0, '', 0, 0, 2, 2022, NULL),
(990, 'CHTV0034/2022', '2022-02-22 10:45:38', NULL, 20, 1, '', 3, 2, 0, '', 0, 0, 2, 2022, NULL),
(991, 'CHTV0035/2022', '2022-02-24 08:05:57', NULL, 2, 1, '', 3, 2, 0, '', 0, 0, 2, 2022, NULL),
(992, 'CHTV0036/2022', '2022-02-25 08:14:02', NULL, 20, 1, '', 3, 2, 0, '', 0, 0, 3, 2022, '46013'),
(993, 'CHTV0037/2022', '2022-02-25 07:57:12', NULL, 0, 1, '', 3, 2, 0, '', 0, 0, 2, 2022, NULL),
(994, 'CHTV0038/2022', '2022-02-25 08:13:50', NULL, 20, 1, '', 3, 2, 0, '', 0, 0, 3, 2022, 'FIT 175132'),
(995, 'CHTV0039/2022', '2022-02-25 08:13:42', NULL, 20, 1, '', 3, 2, 0, '', 0, 0, 3, 2022, '45842 REV1'),
(996, 'CHTV0040/2022', '2022-02-25 08:13:34', NULL, 20, 1, '', 3, 2, 0, '', 0, 0, 3, 2022, 'FIT164507'),
(997, 'CHTV0041/2022', '2022-02-25 08:13:28', NULL, 20, 1, '', 3, 2, 0, '', 0, 0, 3, 2022, '45902'),
(998, 'CHTV0042/2022', '2022-02-25 08:17:10', NULL, 1, 1, '', 3, 2, 0, '', 0, 0, 2, 2022, NULL),
(999, 'CHTV0043/2022', '2022-02-25 08:17:54', NULL, 1, 1, '', 3, 2, 0, '', 0, 0, 2, 2022, NULL),
(1000, 'CHTV0044/2022', '2022-02-28 09:32:34', NULL, 2, 1, '', 3, 2, 0, '', 0, 0, 2, 2022, NULL),
(1001, 'CHTV0045/2022', '2022-03-01 08:46:06', NULL, 2, 1, '', 3, 2, 0, '', 0, 0, 3, 2022, NULL),
(1002, 'CHTVF0104/2022', '2022-03-01 16:55:08', NULL, 153, 1, '', 3, 0, 0, '', 0, 1, 3, 2022, NULL),
(1003, 'CHTV0046/2022', '2022-03-02 14:54:37', NULL, 20, 0, '', 3, 2, 0, '', 0, 0, 3, 2022, ''),
(1004, 'CHTV0047/2022', '2022-03-04 12:31:15', NULL, 107, 1, '', 3, 2, 0, '', 0, 0, 3, 2022, NULL),
(1005, 'CHTV0048/2022', '2022-03-08 10:50:28', NULL, 20, 1, '', 3, 2, 0, '', 0, 0, 3, 2022, 'FIT172940'),
(1006, 'CHTV0049/2022', '2022-03-08 10:56:01', NULL, 20, 1, '', 3, 2, 0, '', 0, 0, 3, 2022, '45562 REV2'),
(1007, 'CHTV0050/2022', '2022-03-08 10:58:41', NULL, 20, 1, '', 3, 2, 0, '', 0, 0, 3, 2022, '46063'),
(1008, 'CHTV0051/2022', '2022-03-08 11:03:29', NULL, 20, 1, '', 3, 2, 0, '', 0, 0, 3, 2022, 'FIT 177623'),
(1009, 'CHTV0052/2022', '2022-03-08 11:04:47', NULL, 20, 1, '', 3, 2, 0, '', 0, 0, 3, 2022, '46054'),
(1010, 'CHTV0053/2022', '2022-03-08 11:08:03', NULL, 20, 1, '', 3, 2, 0, '', 0, 0, 3, 2022, 'FIT 180699'),
(1011, 'CHTV0054/2022', '2022-03-08 11:10:23', NULL, 20, 1, '', 3, 2, 0, '', 0, 0, 3, 2022, '45978'),
(1012, 'CHTV0055/2022', '2022-03-08 11:17:06', NULL, 20, 1, '', 3, 2, 0, '', 0, 0, 3, 2022, '180658'),
(1013, 'CHTV0056/2022', '2022-03-08 11:20:12', NULL, 20, 1, '', 3, 2, 0, '', 0, 0, 3, 2022, 'FIT 177619'),
(1014, 'CHTV0057/2022', '2022-03-08 11:23:28', NULL, 20, 1, '', 3, 2, 0, '', 0, 0, 3, 2022, '45978 TS'),
(1015, 'CHTVF0105/2022', '2022-03-08 15:50:24', NULL, 112, 1, '', 3, 0, 0, '', 0, 1, 3, 2022, NULL),
(1016, 'CHTV0058/2022', '2022-03-09 08:34:44', NULL, 76, 1, '', 3, 2, 0, '', 0, 0, 3, 2022, NULL),
(1017, 'CHTV0059/2022', '2022-03-09 08:39:14', NULL, 20, 1, '', 3, 2, 0, '', 0, 0, 3, 2022, 'FIT 17634'),
(1018, 'CHTVF0106/2022', '2022-03-10 09:32:24', NULL, 71, 1, '', 3, 0, 0, '', 0, 1, 3, 2022, NULL),
(1019, 'CHTVF0107/2022', '2022-03-10 09:36:15', NULL, 71, 1, '', 3, 0, 0, '', 0, 1, 3, 2022, NULL),
(1020, 'CHTV0060/2022', '2022-03-17 14:00:54', NULL, 2, 1, '', 3, 2, 0, '', 0, 0, 3, 2022, NULL),
(1021, 'CHTVF0108/2022', '2022-03-17 16:46:44', NULL, 97, 1, '', 3, 0, 0, '', 0, 1, 3, 2022, NULL),
(1022, 'CHTV0061/2022', '2022-03-21 13:55:52', NULL, 2, 1, '', 3, 2, 0, '', 0, 0, 3, 2022, NULL),
(1023, 'CHTV0062/2022', '2022-03-25 08:47:13', NULL, 41, 1, '', 3, 0, 0, '', 0, 0, 4, 2022, 'GABAIM'),
(1024, 'CHTV0063/2022', '2022-03-25 13:12:55', NULL, 20, 1, '', 3, 2, 0, '', 0, 0, 3, 2022, 'FIT 180729'),
(1025, 'CHTV0064/2022', '2022-03-25 13:13:15', NULL, 20, 1, '', 3, 0, 0, '', 0, 0, 3, 2022, ' FIT 173234'),
(1026, 'CHTV0065/2022', '2022-03-25 13:15:39', NULL, 20, 1, '', 3, 2, 0, '', 0, 0, 3, 2022, 'FIT 172902'),
(1027, 'CHTV0066/2022', '2022-03-25 13:15:32', NULL, 20, 1, '', 3, 2, 0, '', 0, 0, 3, 2022, 'FIT180652'),
(1028, 'CHTV0067/2022', '2022-03-25 13:15:14', NULL, 20, 1, '', 3, 2, 0, '', 0, 0, 3, 2022, 'FIT 181436'),
(1029, 'CHTV0068/2022', '2022-03-25 13:15:08', NULL, 20, 1, '', 3, 2, 0, '', 0, 0, 3, 2022, 'FIT 180731'),
(1030, 'CHTV0069/2022', '2022-03-25 13:15:02', NULL, 20, 1, '', 3, 2, 0, '', 0, 0, 3, 2022, 'FIT 172941'),
(1031, 'CHTV0070/2022', '2022-03-25 13:14:54', NULL, 20, 1, '', 3, 2, 0, '', 0, 0, 3, 2022, 'FIT 175124'),
(1032, 'CHTV0071/2022', '2022-03-25 13:14:41', NULL, 20, 1, '', 3, 2, 0, '', 0, 0, 3, 2022, '180728'),
(1033, 'CHTV0072/2022', '2022-03-25 13:14:32', NULL, 20, 1, '', 3, 2, 0, '', 0, 0, 3, 2022, '46092'),
(1034, 'CHTV0073/2022', '2022-03-25 13:14:20', NULL, 20, 1, '', 3, 2, 0, '', 0, 0, 3, 2022, '45562 REV2'),
(1035, 'CHTV0074/2022', '2022-03-25 13:14:13', NULL, 20, 1, '', 3, 2, 0, '', 0, 0, 3, 2022, 'FIT 170067'),
(1036, 'CHTV0075/2022', '2022-03-25 13:14:04', NULL, 20, 1, '', 3, 2, 0, '', 0, 0, 3, 2022, 'FIT 177638'),
(1037, 'CHTV0076/2022', '2022-03-25 13:13:57', NULL, 20, 1, '', 3, 2, 0, '', 0, 0, 3, 2022, '177636'),
(1038, 'CHTV0077/2022', '2022-03-25 13:13:51', NULL, 20, 1, '', 3, 2, 0, '', 0, 0, 3, 2022, '45803REV1'),
(1039, 'CHTV0078/2022', '2022-03-25 13:13:41', NULL, 20, 1, '', 3, 2, 0, '', 0, 0, 3, 2022, '46098'),
(1040, 'CHTV0079/2022', '2022-03-25 13:13:33', NULL, 20, 1, '', 3, 2, 0, '', 0, 0, 3, 2022, '46099'),
(1041, 'CHTV0080/2022', '2022-03-26 13:36:32', NULL, 20, 1, '', 3, 2, 0, '', 0, 0, 3, 2022, 'FIT177646'),
(1042, 'CHTV0081/2022', '2022-03-26 13:38:44', NULL, 20, 1, '', 3, 2, 0, '', 0, 0, 3, 2022, '45562'),
(1043, 'CHTVF0109/2022', '2022-03-28 11:49:14', NULL, 97, 1, '', 3, 0, 0, '', 0, 1, 3, 2022, NULL),
(1044, 'CHTV0082/2022', '2022-03-28 11:53:46', NULL, 57, 0, '', 3, 0, 0, '', 0, 0, 3, 2022, NULL),
(1045, 'CHTV0083/2022', '2022-04-05 08:38:13', NULL, 1, 1, '', 3, 4, 0, '', 0, 0, 4, 2022, NULL),
(1046, 'CHTV0084/2022', '2022-04-08 10:31:20', NULL, 1, 1, '', 3, 2, 0, '', 0, 0, 4, 2022, NULL),
(1047, 'CHTV0085/2022', '2022-04-09 12:55:01', NULL, 154, 1, '', 3, 0, 0, '', 0, 0, 4, 2022, NULL),
(1048, 'CHTVF0110/2022', '2022-04-11 16:43:34', NULL, 71, 1, '', 3, 0, 0, '', 0, 1, 4, 2022, NULL),
(1049, 'CHTVF0111/2022', '2022-04-12 16:14:44', NULL, 97, 1, '', 3, 0, 0, '', 0, 1, 4, 2022, NULL),
(1050, 'CHTV0086/2022', '2022-04-14 13:54:56', NULL, 20, 1, '', 3, 2, 0, '', 0, 0, 4, 2022, 'NIF181476'),
(1051, 'CHTV0087/2022', '2022-04-14 13:58:25', NULL, 20, 1, '', 3, 2, 0, '', 0, 0, 4, 2022, '46187 REV1'),
(1052, 'CHTV0088/2022', '2022-04-14 13:59:41', NULL, 20, 1, '', 3, 2, 0, '', 0, 0, 4, 2022, '46189'),
(1053, 'CHTV0089/2022', '2022-04-14 14:00:32', NULL, 20, 1, '', 3, 2, 0, '', 0, 0, 4, 2022, 'FIT 172929');
INSERT INTO `factures` (`id`, `reference`, `created_at`, `updated_at`, `client_id`, `statut`, `notes`, `user_id`, `delai_id`, `remise`, `client_name`, `paye`, `fournisseur`, `moi_id`, `annee`, `bc`) VALUES
(1054, 'CHTV0090/2022', '2022-04-14 14:01:25', NULL, 20, 1, '', 3, 2, 0, '', 0, 0, 4, 2022, '45591'),
(1055, 'CHTV0091/2022', '2022-04-14 14:03:57', NULL, 20, 1, '', 3, 2, 0, '', 0, 0, 4, 2022, 'FIT 181428'),
(1056, 'CHTV0092/2022', '2022-04-14 14:05:11', NULL, 20, 1, '', 3, 2, 0, '', 0, 0, 4, 2022, '46284'),
(1057, 'CHTV0093/2022', '2022-04-14 14:19:23', NULL, 1, 1, '', 3, 4, 0, '', 0, 0, 4, 2022, 'FIT172929'),
(1058, 'CHTV0094/2022', '2022-04-14 14:29:35', NULL, 3, 1, '', 3, 2, 0, '', 0, 0, 4, 2022, NULL),
(1059, 'CHTV0095/2022', '2022-04-14 14:30:56', NULL, 41, 1, '', 3, 0, 0, '', 0, 0, 4, 2022, NULL),
(1060, 'CHTV0096/2022', '2022-04-16 15:39:04', NULL, 154, 1, '', 3, 0, 0, '', 0, 0, 4, 2022, NULL),
(1061, 'CHTV0097/2022', '2022-04-16 15:50:12', NULL, 1, 1, '', 3, 4, 0, '', 0, 0, 7, 2022, NULL),
(1062, 'CHTV0098/2022', '2022-04-25 16:22:59', NULL, 41, 1, '', 3, 0, 0, '', 0, 0, 4, 2022, NULL),
(1063, 'CHTV0099/2022', '2022-04-27 08:19:08', NULL, 2, 1, '', 3, 2, 0, '', 0, 0, 4, 2022, NULL),
(1064, 'CHTV00100/2022', '2022-04-27 10:22:04', NULL, 2, 1, '', 3, 2, 0, '', 0, 0, 4, 2022, NULL),
(1065, 'CHTV00101/2022', '2022-04-28 08:48:51', NULL, 2, 1, '', 3, 2, 0, '', 0, 0, 4, 2022, NULL),
(1066, 'CHTV00102/2022', '2022-04-28 09:21:51', NULL, 41, 1, '', 3, 2, 0, '', 0, 0, 4, 2022, NULL),
(1067, 'CHTVF0112/2022', '2022-04-28 09:24:45', NULL, 0, 1, '', 3, 0, 0, '', 0, 1, 4, 2022, NULL),
(1068, 'CHTVF0113/2022', '2022-04-28 09:26:48', NULL, 153, 1, '', 3, 0, 0, '', 0, 1, 4, 2022, NULL),
(1069, 'CHTV00103/2022', '2022-05-02 08:35:30', NULL, 41, 1, '', 3, 2, 0, '', 0, 0, 5, 2022, NULL),
(1070, 'CHTVF0114/2022', '2022-04-29 17:32:21', NULL, 153, 1, '', 3, 0, 0, '', 0, 1, 4, 2022, ''),
(1071, 'CHTVF0115/2022', '2022-04-29 17:34:45', NULL, 97, 1, '', 3, 0, 0, '', 0, 1, 4, 2022, NULL),
(1072, 'CHTVF0116/2022', '2022-05-02 12:25:03', NULL, 71, 1, '', 3, 0, 0, '', 0, 1, 5, 2022, NULL),
(1073, 'CHTV00104/2022', '2022-05-03 09:44:24', NULL, 3, 1, '', 3, 2, 0, '', 0, 0, 5, 2022, '00163'),
(1074, 'CHTVF0117/2022', '2022-05-03 09:51:03', NULL, 153, 1, '', 3, 0, 0, '', 0, 1, 5, 2022, NULL),
(1075, 'CHTVF0118/2022', '2022-05-03 13:32:37', NULL, 155, 1, '', 3, 0, 0, '', 0, 1, 5, 2022, NULL),
(1076, 'CHTV00105/2022', '2022-05-24 09:40:16', NULL, 3, 1, '', 3, 2, 0, '', 0, 0, 5, 2022, '00283----ROLAND'),
(1077, 'CHTV00106/2022', '2022-05-24 09:45:39', NULL, 1, 1, '', 3, 4, 0, '', 0, 0, 5, 2022, '04921'),
(1078, 'CHTV00107/2022', '2022-05-24 09:48:32', NULL, 1, 1, '', 3, 4, 0, '', 0, 0, 5, 2022, '05096'),
(1079, 'CHTV00108/2022', '2022-05-24 13:20:40', NULL, 1, 1, '', 3, 4, 0, '', 0, 0, 5, 2022, '05132'),
(1080, 'CHTVF0119/2022', '2022-05-30 15:50:57', NULL, 97, 1, '', 3, 0, 0, '', 0, 1, 5, 2022, NULL),
(1081, 'CHTVF0120/2022', '2022-05-31 13:50:36', NULL, 158, 1, '', 3, 0, 0, '', 0, 1, 5, 2022, NULL),
(1082, 'CHTV00109/2022', '2022-06-03 13:16:34', NULL, 107, 1, '', 3, 2, 0, '', 0, 0, 6, 2022, NULL),
(1083, 'CHTV00110/2022', '2022-06-07 09:39:50', NULL, 3, 1, '', 3, 2, 0, '', 0, 0, 6, 2022, '00199'),
(1084, 'CHTV00111/2022', '2022-06-07 09:16:54', NULL, 41, 1, '', 3, 0, 0, '', 0, 0, 6, 2022, NULL),
(1085, 'CHTVF0121/2022', '2022-06-03 13:40:09', NULL, 153, 1, '', 3, 0, 0, '', 0, 1, 6, 2022, NULL),
(1086, 'CHTV00112/2022', '2022-07-12 09:19:15', NULL, 3, 1, '', 3, 2, 0, '', 0, 0, 7, 2022, NULL),
(1087, 'CHTV00113/2022', '2022-06-13 09:13:06', NULL, 122, 1, '', 3, 2, 0, '', 0, 0, 6, 2022, NULL),
(1088, 'CHTV00114/2022', '2022-06-13 09:55:43', NULL, 2, 1, '', 3, 2, 0, '', 0, 0, 6, 2022, NULL),
(1089, 'CHTV00115/2022', '2022-06-14 08:27:25', NULL, 1, 1, '', 3, 4, 0, '', 0, 0, 6, 2022, NULL),
(1090, 'CHTVF0122/2022', '2022-06-17 16:29:32', NULL, 97, 1, '', 3, 0, 0, '', 0, 1, 6, 2022, NULL),
(1091, 'CHTV00116/2022', '2022-06-20 10:53:35', NULL, 41, 1, '', 3, 2, 0, '', 0, 0, 6, 2022, NULL),
(1092, 'CHTV00117/2022', '2022-06-25 09:19:04', NULL, 3, 1, '', 3, 2, 0, '', 0, 0, 6, 2022, NULL),
(1093, 'CHTV00118/2022', '2022-07-08 16:45:08', NULL, 41, 1, '', 3, 0, 0, '', 0, 0, 7, 2022, NULL),
(1094, 'CHTVF0123/2022', '2022-07-04 08:55:58', NULL, 97, 1, '', 3, 0, 0, '', 0, 1, 7, 2022, NULL),
(1095, 'CHTV00119/2022', '2022-07-04 13:23:01', NULL, 2, 1, '', 3, 2, 0, '', 0, 0, 7, 2022, NULL),
(1096, 'CHTV00120/2022', '2022-07-08 11:04:49', NULL, 3, 1, '', 3, 2, 0, '', 0, 0, 7, 2022, '01711'),
(1097, 'CHTV00121/2022', '2022-07-12 09:16:17', NULL, 3, 1, '', 3, 2, 0, '', 0, 0, 7, 2022, NULL),
(1098, 'CHTV00122/2022', '2022-07-12 09:21:21', NULL, 3, 1, '', 3, 2, 0, '', 0, 0, 7, 2022, NULL),
(1099, 'CHTV00123/2022', '2022-07-13 12:33:23', NULL, 1, 1, '', 3, 2, 0, '', 0, 0, 7, 2022, '05504'),
(1100, 'CHTV00124/2022', '2022-07-13 12:35:24', NULL, 1, 1, '', 3, 4, 0, '', 0, 0, 7, 2022, NULL),
(1101, 'CHTV00131/2022', '2022-07-14 14:07:08', NULL, 2, 1, '', 3, 2, 0, '', 0, 0, 7, 2022, NULL),
(1102, 'CHTVF0124/2022', '2022-07-18 15:47:58', NULL, 97, 1, '', 3, 0, 0, '', 0, 1, 7, 2022, NULL),
(1103, 'CHTVF0125/2022', '2022-07-22 11:43:56', NULL, 147, 1, '', 3, 0, 0, '', 0, 1, 7, 2022, NULL),
(1104, 'CHTV00132/2022', '2022-07-22 13:42:35', NULL, 1, 1, '', 3, 4, 0, '', 0, 0, 7, 2022, '05557 '),
(1105, 'CHTV00133/2022', '2022-07-22 14:21:21', NULL, 2, 1, '', 3, 2, 0, '', 0, 0, 7, 2022, NULL),
(1106, 'CHTVF0126/2022', '2022-07-26 15:37:03', NULL, 97, 1, '', 3, 0, 0, '', 0, 1, 7, 2022, NULL),
(1107, 'CHTV00134/2022', '2022-07-29 11:27:25', NULL, 15, 1, '', 3, 0, 0, '', 0, 0, 7, 2022, NULL),
(1108, 'CHTV00135/2022', '2022-08-01 11:03:31', NULL, 132, 1, '', 3, 0, 0, '', 0, 0, 8, 2022, NULL),
(1109, 'CHTV00136/2022', '2022-08-01 15:28:11', NULL, 15, 1, '', 3, 0, 0, '', 0, 0, 8, 2022, NULL),
(1110, 'CHTV00137/2022', '2022-08-05 10:47:43', NULL, 25, 0, '', 3, 0, 0, '', 0, 0, 8, 2022, NULL),
(1111, 'CHTV00138/2022', '2022-08-08 15:39:04', NULL, 1, 1, '', 3, 2, 0, '', 0, 0, 8, 2022, NULL),
(1112, 'CHTV00139/2022', '2022-08-10 11:50:51', NULL, 3, 1, '', 3, 2, 0, '', 0, 0, 8, 2022, NULL),
(1113, 'CHTV00140/2022', '2022-08-11 14:59:28', NULL, 15, 0, '', 3, 0, 0, '', 0, 0, 8, 2022, NULL),
(1114, 'CHTV00141/2022', '2022-08-16 14:16:35', NULL, 1, 1, '', 3, 2, 0, '', 0, 0, 8, 2022, NULL),
(1115, 'CHTV00142/2022', '2022-08-19 10:08:32', NULL, 1, 1, '', 3, 2, 0, '', 0, 0, 9, 2022, NULL),
(1116, 'CHTV00143/2022', '2022-08-19 12:55:44', NULL, 3, 1, '', 3, 2, 0, '', 0, 0, 8, 2022, NULL),
(1117, 'CHTV00144/2022', '2022-08-22 08:57:06', NULL, 1, 1, '', 3, 2, 0, '', 0, 0, 8, 2022, NULL),
(1118, 'CHTV00145/2022', '2022-08-22 11:02:21', NULL, 147, 1, '', 3, 0, 0, '', 0, 0, 8, 2022, NULL),
(1119, 'CHTV00146/2022', '2022-08-30 09:54:44', NULL, 1, 1, '', 3, 4, 0, '', 0, 0, 9, 2022, NULL),
(1120, 'CHTV00147/2022', '2022-08-30 10:07:19', NULL, 25, 1, '', 3, 0, 0, '', 0, 0, 9, 2022, NULL),
(1121, 'CHTV00148/2022', '2022-08-30 10:16:26', NULL, 2, 1, '', 3, 0, 0, '', 0, 0, 8, 2022, NULL),
(1122, 'CHTV00149/2022', '2022-08-30 15:00:29', NULL, 1, 1, '', 3, 4, 0, '', 0, 0, 8, 2022, NULL),
(1123, 'CHTV00150/2022', '2022-09-22 15:09:03', NULL, 1, 1, '', 3, 4, 0, '', 0, 0, 9, 2022, NULL),
(1124, 'CHTV00151/2022', '2022-09-28 13:52:52', NULL, 1, 1, '', 3, 4, 0, '', 0, 0, 9, 2022, NULL),
(1125, 'CHTV00152/2022', '2022-09-29 07:41:33', NULL, 1, 1, '', 3, 4, 0, '', 0, 0, 9, 2022, NULL),
(1126, 'CHTV00153/2022', '2022-09-29 07:43:30', NULL, 3, 1, '', 3, 2, 0, '', 0, 0, 9, 2022, NULL),
(1127, 'CHTV00154/2022', '2022-09-30 14:03:19', NULL, 159, 1, '', 3, 0, 0, '', 0, 0, 2, 2023, NULL),
(1128, 'CHTV00155/2022', '2022-10-04 09:30:05', NULL, 82, 1, '', 3, 2, 0, '', 0, 0, 10, 2022, NULL),
(1129, 'CHTV00156/2022', '2022-10-05 10:17:21', NULL, 1, 1, '', 3, 4, 0, '', 0, 0, 10, 2022, NULL),
(1130, 'CHTV00157/2022', '2022-10-07 10:13:47', NULL, 14, 1, '', 3, 0, 0, '', 0, 0, 10, 2022, NULL),
(1131, 'CHTVF0127/2022', '2022-10-07 11:47:06', NULL, 97, 1, '', 3, 0, 0, '', 0, 1, 10, 2022, NULL),
(1132, 'CHTV00158/2022', '2022-10-17 17:28:36', NULL, 122, 1, '', 3, 0, 0, '', 0, 0, 10, 2022, NULL),
(1133, 'CHTV00160/2022', '2022-10-18 07:34:00', NULL, 41, 1, '', 3, 2, 0, '', 0, 0, 10, 2022, NULL),
(1134, 'CHTV00161/2022', '2022-10-21 11:50:31', NULL, 2, 1, '', 3, 0, 0, '', 0, 0, 10, 2022, NULL),
(1135, 'CHTV00162/2022', '2022-10-31 15:17:17', NULL, 1, 1, '', 3, 4, 0, '', 0, 0, 10, 2022, NULL),
(1136, 'CHTV00163/2022', '2022-10-31 15:20:09', NULL, 1, 1, '', 3, 4, 0, '', 0, 0, 10, 2022, NULL),
(1137, 'CHTV00164/2022', '2022-11-03 10:24:44', NULL, 82, 1, '', 3, 0, 0, '', 0, 0, 11, 2022, NULL),
(1138, 'CHTV00165/2022', '2022-11-03 15:03:30', NULL, 160, 1, '', 3, 0, 0, '', 0, 0, 11, 2022, NULL),
(1139, 'CHTV00166/2022', '2022-11-04 13:51:19', NULL, 160, 0, '', 3, 0, 0, '', 0, 0, 11, 2022, NULL),
(1140, 'CHTV00167/2022', '2022-11-08 17:12:26', NULL, 41, 1, '', 3, 0, 0, '', 0, 0, 11, 2022, NULL),
(1141, 'CHTV00168/2022', '2022-11-10 08:33:02', NULL, 2, 1, '', 3, 1, 0, '', 0, 0, 11, 2022, NULL),
(1142, 'CHTV00169/2022', '2022-11-10 13:39:36', NULL, 3, 1, '', 3, 2, 0, '', 0, 0, 11, 2022, NULL),
(1143, 'CHTV00170/2022', '2022-11-10 14:21:27', NULL, 1, 1, '', 3, 2, 0, '', 0, 0, 11, 2022, NULL),
(1144, 'CHTV00171/2022', '2022-11-14 09:07:46', NULL, 1, 1, '', 3, 2, 0, '', 0, 0, 11, 2022, NULL),
(1145, 'CHTV00172/2022', '2022-11-16 14:12:29', NULL, 1, 1, '', 3, 1, 1, '', 0, 0, 11, 2022, NULL),
(1146, 'CHTV00173/2022', '2022-11-16 14:14:06', NULL, 2, 1, '', 3, 1, 0, '', 0, 0, 11, 2022, NULL),
(1147, 'CHTV00174/2022', '2022-11-29 12:47:16', NULL, 3, 1, '', 3, 2, 0, '', 0, 0, 11, 2022, 'Mne carole'),
(1148, 'CHTV00175/2022', '2022-11-23 15:04:03', NULL, 2, 1, '', 3, 1, 0, '', 0, 0, 12, 2022, NULL),
(1149, 'CHTV00176/2022', '2022-11-23 14:58:32', NULL, 1, 1, '', 3, 2, 0, '', 0, 0, 11, 2022, NULL),
(1150, 'CHTV00177/2022', '2022-11-24 15:12:50', NULL, 1, 1, '', 3, 2, 0, '', 0, 0, 11, 2022, NULL),
(1151, 'CHTV00178/2022', '2022-12-01 11:05:11', NULL, 1, 1, '', 3, 2, 0, '', 0, 0, 12, 2022, NULL),
(1152, 'CHTV00179/2022', '2022-12-01 11:08:35', NULL, 1, 1, '', 3, 2, 0, '', 0, 0, 12, 2022, NULL),
(1153, 'CHTV00180/2022', '2022-12-05 12:12:30', NULL, 3, 1, '', 3, 2, 0, '', 0, 0, 12, 2022, NULL),
(1154, 'CHTVF0128/2022', '2022-12-02 17:04:55', NULL, 147, 1, '', 3, 0, 0, '', 0, 1, 12, 2022, NULL),
(1155, 'CHTVF0129/2022', '2022-12-03 09:15:43', NULL, 153, 1, '', 3, 0, 0, '', 0, 1, 12, 2022, NULL),
(1156, 'CHTV00181/2022', '2022-12-05 12:11:39', NULL, 3, 1, '', 3, 2, 0, '', 0, 0, 12, 2022, NULL),
(1157, 'CHTV00182/2022', '2022-12-05 15:15:01', NULL, 2, 1, '', 3, 2, 0, '', 0, 0, 12, 2022, NULL),
(1158, 'CHTV00183/2022', '2022-12-05 15:18:55', NULL, 2, 1, '', 3, 2, 0, '', 0, 0, 12, 2022, NULL),
(1159, 'CHTV00184/2022', '2022-12-10 09:00:04', NULL, 1, 1, '', 3, 2, 0, '', 0, 0, 12, 2022, NULL),
(1160, 'CHTV00185/2022', '2022-12-15 07:51:52', NULL, 2, 1, '', 3, 2, 0, '', 0, 0, 12, 2022, NULL),
(1161, 'CHTV00186/2022', '2022-12-14 16:26:40', NULL, 1, 1, '', 3, 2, 0, '', 0, 0, 12, 2022, NULL),
(1162, 'CHTV00187/2022', '2023-01-04 13:48:15', NULL, 147, 1, '', 3, 2, 0, '', 0, 0, 1, 2023, NULL),
(1163, 'CHTV00188/2022', '2022-12-16 14:09:28', NULL, 1, 1, '', 3, 2, 0, '', 0, 0, 12, 2022, NULL),
(1164, 'CHTV00189/2022', '2022-12-20 08:19:24', NULL, 1, 1, '', 3, 2, 0, '', 0, 0, 12, 2022, NULL),
(1165, 'CHTV00190/2022', '2022-12-20 09:11:52', NULL, 1, 1, '', 3, 2, 0, '', 0, 0, 12, 2022, NULL),
(1166, 'CHTV00191/2022', '2022-12-20 18:13:18', NULL, 1, 1, '', 3, 2, 0, '', 0, 0, 12, 2022, NULL),
(1167, 'CHTV00194/2022', '2022-12-21 16:06:38', NULL, 2, 1, '', 3, 1, 0, '', 0, 0, 12, 2022, NULL),
(1168, 'CHTV00195/2022', '2022-12-21 16:46:24', NULL, 3, 1, '', 3, 2, 0, '', 0, 0, 12, 2022, NULL),
(1169, 'CHTV00196/2022', '2022-12-24 08:31:45', NULL, 1, 1, '', 3, 2, 0, '', 0, 0, 12, 2022, NULL),
(1170, 'CHTV00197/2022', '2022-12-26 10:35:00', NULL, 41, 1, '', 3, 0, 0, '', 0, 0, 12, 2022, NULL),
(1171, 'CHTV00198/2022', '2023-01-03 08:52:12', NULL, 1, 1, '', 3, 2, 0, '', 0, 0, 1, 2023, NULL),
(1172, 'CHTV00199/2022', '2023-01-03 08:49:45', NULL, 1, 1, '', 3, 2, 0, '', 0, 0, 1, 2023, NULL),
(1173, 'CHTV00200/2022', '2022-12-28 14:52:19', NULL, 1, 1, '', 3, 2, 0, '', 0, 0, 12, 2022, NULL),
(1174, 'CHTVF0130/2022', '2022-12-28 14:57:52', NULL, 147, 1, '', 3, 0, 0, '', 0, 1, 2, 2023, NULL),
(1175, 'CHTV00201/2022', '2022-12-29 09:05:32', NULL, 2, 1, '', 3, 0, 0, '', 0, 0, 12, 2022, NULL),
(1176, 'CHTVF0131/2022', '2022-12-29 15:28:52', NULL, 130, 1, '', 3, 0, 0, '', 0, 1, 12, 2022, NULL),
(1177, 'CHTV001/2023', '2023-01-06 15:20:26', NULL, 1, 1, '', 3, 2, 0, '', 0, 0, 1, 2023, NULL),
(1178, 'CHTV002/2023', '2023-01-11 12:43:12', NULL, 2, 1, '', 3, 2, 0, '', 0, 0, 1, 2023, NULL),
(1179, 'CHTV003/2023', '2023-01-11 12:43:04', NULL, 2, 1, '', 3, 2, 0, '', 0, 0, 1, 2023, NULL),
(1180, 'CHTV004/2023', '2023-01-20 08:21:54', NULL, 1, 1, '', 3, 2, 0, '', 0, 0, 1, 2023, NULL),
(1181, 'CHTVF0132/2023', '2023-01-14 07:35:36', NULL, 155, 1, '', 3, 0, 0, '', 0, 1, 1, 2023, NULL),
(1182, 'CHTVF0133/2023', '2023-01-14 07:59:45', NULL, 145, 1, '', 3, 0, 0, '', 0, 1, 1, 2023, NULL),
(1183, 'CHTV005/2023', '2023-01-17 08:44:48', NULL, 3, 1, '', 3, 2, 0, '', 0, 0, 1, 2023, NULL),
(1184, 'CHTV006/2023', '2023-01-18 07:48:17', NULL, 1, 1, '', 3, 2, 0, '', 0, 0, 1, 2023, NULL),
(1185, 'CHTV007/2023', '2023-01-21 10:21:19', NULL, 3, 1, '', 3, 2, 0, '', 0, 0, 1, 2023, NULL),
(1186, 'CHTV008/2023', '2023-01-21 10:23:02', NULL, 57, 1, '', 3, 2, 0, '', 0, 0, 1, 2023, NULL),
(1187, 'CHTV009/2023', '2023-01-21 10:24:30', NULL, 1, 0, '', 3, 2, 0, '', 0, 0, 1, 2023, NULL),
(1188, 'CHTV0010/2023', '2023-01-23 09:13:20', NULL, 3, 1, '', 3, 2, 0, '', 0, 0, 1, 2023, NULL),
(1189, 'CHTV0011/2023', '2023-01-26 10:43:58', NULL, 122, 0, '', 3, 0, 0, '', 0, 0, 1, 2023, NULL),
(1190, 'CHTV0012/2023', '2023-01-26 11:28:13', NULL, 35, 1, '', 3, 0, 0, '', 0, 0, 1, 2023, NULL),
(1191, 'CHTV0013/2023', '2023-01-31 09:29:38', NULL, 146, 1, '', 3, 0, 0, '', 0, 0, 1, 2023, NULL),
(1192, 'CHTV0014/2023', '2023-01-27 15:56:29', NULL, 1, 1, '', 3, 2, 0, '', 0, 0, 1, 2023, NULL),
(1193, 'CHTVF0134/2023', '2023-01-27 16:17:11', NULL, 65, 1, '', 3, 0, 0, '', 0, 1, 1, 2023, NULL),
(1194, 'CHTV0015/2023', '2023-01-30 08:29:50', NULL, 1, 1, '', 3, 2, 0, '', 0, 0, 1, 2023, NULL),
(1195, 'CHTV0016/2023', '2023-01-31 09:59:05', NULL, 1, 1, '', 3, 2, 0, '', 0, 0, 1, 2023, NULL),
(1196, 'CHTV0017/2023', '2023-01-30 14:04:52', NULL, 3, 1, '', 3, 2, 0, '', 0, 0, 1, 2023, NULL),
(1197, 'CHTV0018/2023', '2023-02-01 17:26:54', NULL, 147, 1, '', 3, 0, 0, '', 0, 0, 2, 2023, NULL),
(1198, 'CHTV0019/2023', '2023-02-02 08:00:09', NULL, 3, 1, '', 3, 2, 0, '', 0, 0, 2, 2023, NULL),
(1199, 'CHTV0020/2023', '2023-02-02 08:02:17', NULL, 1, 1, '', 3, 2, 0, '', 0, 0, 2, 2023, NULL),
(1200, 'CHTV0021/2023', '2023-02-09 07:47:32', NULL, 1, 1, '', 3, 2, 0, '', 0, 0, 2, 2023, NULL),
(1201, 'CHTV0022/2023', '2023-02-03 09:22:00', NULL, 2, 0, '', 3, 2, 0, '', 0, 0, 2, 2023, NULL),
(1202, 'CHTV0023/2023', '2023-02-03 10:34:22', NULL, 1, 1, '', 3, 2, 0, '', 0, 0, 2, 2023, NULL),
(1203, 'CHTV0024/2023', '2023-02-06 09:23:25', NULL, 3, 1, '', 3, 2, 0, '', 0, 0, 2, 2023, NULL),
(1204, 'CHTV0025/2023', '2023-02-07 13:29:24', NULL, 3, 1, '', 3, 2, 0, '', 0, 0, 2, 2023, NULL),
(1205, 'CHTV0026/2023', '2023-02-09 07:31:29', NULL, 41, 1, '', 3, 0, 0, '', 0, 0, 2, 2023, NULL),
(1206, 'CHTV0027/2023', '2023-02-10 08:02:30', NULL, 1, 1, '', 3, 2, 0, '', 0, 0, 2, 2023, NULL),
(1207, 'CHTV0028/2023', '2023-02-10 08:51:12', NULL, 1, 1, '', 3, 2, 0, '', 0, 0, 2, 2023, NULL),
(1208, 'CHTV16460216/0223', '2023-02-16 14:46:16', '2023-02-16 14:46:16', 71, 1, NULL, 0, 1, 0, NULL, 0, 0, 2, 2023, NULL),
(1209, 'CHTV48500216/0223', '2023-02-16 14:50:48', '2023-02-16 14:50:48', 71, 1, NULL, 1, 1, 0, NULL, 0, 0, 2, 2023, NULL),
(1210, 'CHTV48510216/0223', '2023-02-16 14:51:48', '2023-02-16 14:51:48', 71, 1, NULL, 1, 1, 0, NULL, 0, 0, 2, 2023, NULL),
(1211, 'CHTV40520216/0223', '2023-02-16 14:52:40', '2023-02-16 14:52:40', 71, 1, NULL, 1, 1, 0, NULL, 0, 0, 2, 2023, NULL),
(1212, 'CHTV55131219/0223', '2023-02-19 12:13:55', '2023-02-19 12:13:55', 0, 1, NULL, 1, 0, 0, NULL, 0, 0, 2, 2023, NULL),
(1213, 'CHTV34171219/0223', '2023-02-19 12:17:34', '2023-02-19 12:17:34', 0, 1, NULL, 1, 0, 0, 'Fresnel Alima', 0, 0, 2, 2023, NULL);

-- --------------------------------------------------------

--
-- Structure de la table `factures2018`
--

CREATE TABLE `factures2018` (
  `id` int(11) NOT NULL DEFAULT 0,
  `reference` varchar(100) NOT NULL,
  `created` datetime NOT NULL,
  `client_id` int(11) NOT NULL,
  `statut` tinyint(1) NOT NULL,
  `notes` text NOT NULL,
  `user_id` int(11) NOT NULL,
  `delai_id` int(11) NOT NULL,
  `remise` int(11) NOT NULL,
  `client_name` varchar(100) NOT NULL,
  `paye` tinyint(1) NOT NULL,
  `fournisseur` tinyint(1) NOT NULL DEFAULT 0,
  `moi_id` int(11) DEFAULT NULL,
  `annee` int(11) DEFAULT NULL
) ENGINE=InnoDB DEFAULT CHARSET=latin1;

--
-- Déchargement des données de la table `factures2018`
--

INSERT INTO `factures2018` (`id`, `reference`, `created`, `client_id`, `statut`, `notes`, `user_id`, `delai_id`, `remise`, `client_name`, `paye`, `fournisseur`, `moi_id`, `annee`) VALUES
(1, 'CHTV0027/2018', '2018-10-01 16:24:21', 3, 1, '', 3, 0, 0, '', 1, 0, 10, 2018),
(2, 'CHTV0028/2018', '2018-10-02 13:04:30', 13, 1, '', 3, 0, 0, '', 1, 0, 10, 2018),
(3, 'CHTV0029/2018', '2018-10-03 13:12:50', 9, 1, '', 3, 0, 0, '', 0, 0, 10, 2018),
(4, 'CHTV0030/2018', '2018-10-03 14:25:33', 5, 1, '', 3, 0, 0, '', 1, 0, 10, 2018),
(5, 'CHTV0031/2018', '2018-10-04 07:55:52', 10, 1, '', 3, 0, 0, '', 1, 0, 10, 2018),
(6, 'CHTV0032/2018', '2018-10-04 08:50:24', 11, 1, '', 3, 0, 0, '', 1, 0, 10, 2018),
(7, 'CHTV0036/2018', '2018-10-05 07:04:54', 1, 1, '', 3, 4, 0, '', 1, 0, 10, 2018),
(8, 'CHTV0037/2018', '2018-10-05 11:23:34', 2, 1, '', 3, 1, 0, '', 1, 0, 10, 2018),
(9, 'CHTV0038/2018', '2018-10-05 13:44:32', 13, 1, '', 3, 0, 0, '', 1, 0, 10, 2018),
(10, 'CHTV0039/2018', '2018-10-06 09:25:03', 5, 1, '', 3, 0, 0, '', 1, 0, 10, 2018),
(11, 'CHTV0040/2018', '2018-10-06 09:34:13', 5, 1, '', 3, 0, 0, '', 1, 0, 10, 2018),
(12, 'CHTV0041/2018', '2018-10-10 11:56:16', 14, 1, '', 3, 0, 0, '', 1, 0, 10, 2018),
(13, 'CHTV0042/2018', '2018-10-11 07:32:19', 15, 1, '', 3, 0, 0, '', 1, 0, 10, 2019),
(14, 'CHTV0043/2018', '2018-10-11 10:49:49', 17, 1, '', 3, 1, 0, '', 1, 0, 10, 2018),
(15, 'CHTV0044/2018', '2018-10-11 10:55:20', 10, 1, '', 3, 0, 0, ' IBRAHIM DIALLO', 1, 0, 10, 2018),
(16, 'CHTV0045/2018', '2018-10-11 11:44:03', 1, 1, '', 3, 4, 0, '', 1, 0, 10, 2018),
(17, 'CHTV0046/2018', '2018-10-11 13:55:24', 10, 1, '', 3, 0, 0, '', 1, 0, 10, 2018),
(18, 'CHTV0047/2018', '2018-10-15 15:24:33', 10, 1, '', 3, 0, 0, '', 1, 0, 10, 2018),
(19, 'CHTV0048/2018', '2018-10-16 08:14:19', 19, 1, '', 3, 0, 0, '', 1, 0, 10, 2018),
(20, 'CHTV0049/2018', '2018-10-16 15:28:16', 10, 1, '', 3, 0, 0, '', 1, 0, 10, 2018),
(21, 'CHTV0050/2018', '2018-10-16 15:36:37', 21, 1, '', 3, 0, 0, '', 1, 0, 10, 2018),
(22, 'CHTV0051/2018', '2018-10-17 07:33:51', 10, 1, '', 3, 0, 0, '', 1, 0, 10, 2018),
(23, 'CHTV0052/2018', '2018-10-17 14:25:09', 14, 1, '', 3, 0, 0, '', 1, 0, 10, 2018),
(24, 'CHTV0053/2018', '2018-10-17 15:51:34', 10, 1, '', 3, 0, 0, '', 1, 0, 10, 2018),
(25, 'CHTV0054/2018', '2018-10-17 16:29:06', 21, 1, '', 3, 0, 0, '', 1, 0, 10, 2018),
(26, 'CHTV0055/2018', '2018-10-18 16:27:17', 10, 1, '', 3, 0, 0, '', 1, 0, 10, 2018),
(27, 'CHTV0056/2018', '2018-10-19 12:59:32', 24, 1, '', 3, 0, 0, '', 1, 0, 10, 2018),
(28, 'CHTV0057/2018', '2018-10-19 13:23:13', 10, 1, '', 3, 0, 0, '', 1, 0, 10, 2018),
(29, 'CHTV0058/2018', '2018-10-20 09:25:12', 22, 1, '', 3, 0, 0, '', 1, 0, 10, 2018),
(30, 'CHTV0059/2018', '2018-10-20 09:49:22', 14, 1, '', 3, 0, 0, '', 1, 0, 10, 2018),
(31, 'CHTV0060/2018', '2018-10-22 14:57:39', 10, 1, '', 3, 0, 0, '', 1, 0, 10, 2018),
(32, 'CHTV0061/2018', '2018-10-22 16:39:40', 22, 1, '', 3, 0, 0, '', 0, 0, 10, 2019),
(33, 'CHTV0062/2018', '2018-10-23 08:29:12', 1, 1, '', 3, 4, 0, '', 1, 0, 10, 2018),
(34, 'CHTV0063/2018', '2018-10-23 10:10:04', 10, 1, '', 3, 0, 0, '', 1, 0, 10, 2018),
(35, 'CHTV0064/2018', '2018-10-23 12:04:11', 10, 1, '', 3, 0, 0, '', 1, 0, 10, 2018),
(36, 'CHTV0065/2018', '2018-10-23 12:34:33', 22, 1, '', 3, 0, 0, '', 1, 0, 10, 2018),
(37, 'CHTV0066/2018', '2018-10-23 16:59:15', 25, 1, '', 3, 0, 0, '', 1, 0, 10, 2018),
(38, 'CHTV0067/2018', '2018-10-24 13:17:04', 10, 1, '', 3, 0, 0, '', 1, 0, 10, 2018),
(39, 'CHTV0068/2018', '2018-10-24 13:49:58', 14, 1, '', 3, 0, 0, '', 1, 0, 10, 2018),
(40, 'CHTV0069/2018', '2018-10-24 13:49:58', 10, 1, '', 3, 0, 0, '', 1, 0, 10, 2018),
(41, 'CHTV0070/2018', '2018-10-26 11:42:15', 1, 1, '', 3, 4, 0, '', 1, 0, 10, 2018),
(42, 'CHTV0071/2018', '2018-10-26 11:46:24', 1, 1, '', 3, 4, 0, '', 1, 0, 10, 2018),
(43, 'CHTV0072/2018', '2018-10-29 10:30:42', 10, 1, '', 3, 0, 0, '', 1, 0, 10, 2018),
(44, 'CHTV0073/2018', '2018-10-29 13:20:02', 3, 1, '', 3, 2, 0, '', 0, 0, 10, 2018),
(45, 'CHTV0074/2018', '2018-10-29 16:39:43', 10, 1, '', 3, 0, 0, '', 1, 0, 10, 2018),
(46, 'CHTV0075/2018', '2018-10-30 15:46:42', 1, 1, '', 3, 4, 0, '', 0, 0, 10, 2018),
(47, 'CHTV0076/2018', '2018-11-05 11:07:58', 1, 1, '', 3, 4, 0, '', 1, 0, 11, 2018),
(48, 'CHTV0077/2018', '2018-11-07 11:54:39', 1, 1, '', 3, 4, 0, '', 1, 0, 11, 2018),
(49, 'CHTV0078/2018', '2018-11-08 07:13:09', 3, 1, '', 3, 2, 0, '', 1, 0, 11, 2018),
(50, 'CHTV0079/2018', '2018-11-08 07:40:25', 1, 1, '', 3, 0, 0, '', 1, 0, 11, 2018),
(51, 'CHTV0080/2018', '2018-11-08 08:28:35', 2, 1, '', 3, 2, 0, '', 1, 0, 11, 2018),
(52, 'CHTV0081/2018', '2018-11-08 16:03:29', 22, 1, '', 3, 0, 0, '', 1, 0, 11, 2018),
(53, 'CHTV0082/2018', '2018-11-30 14:47:55', 26, 1, '', 3, 0, 0, '', 1, 0, 11, 2018),
(54, 'CHTV0083/2018', '2018-11-30 16:30:14', 1, 1, '', 3, 4, 0, '', 1, 0, 11, 2018),
(55, 'CHTV0084/2018', '2018-12-01 08:46:43', 1, 1, '', 3, 4, 0, '', 1, 0, 12, 2018),
(56, 'CHTV0085/2018', '2018-12-01 08:55:10', 2, 1, '', 3, 1, 0, '', 1, 0, 12, 2018),
(57, 'CHTV0086/2018', '2018-12-01 08:55:11', 10, 1, '', 3, 1, 0, '', 0, 0, 12, 2018),
(58, 'CHTV0087/2018', '2018-12-01 13:17:20', 11, 1, '', 3, 0, 0, '', 1, 0, 12, 2018),
(59, 'CHTV0088/2018', '2018-12-01 13:41:12', 27, 1, '', 3, 0, 0, '', 0, 0, 12, 2018),
(60, 'CHTV0089/2018', '2018-12-03 11:26:27', 1, 1, '', 3, 4, 0, '', 1, 0, 12, 2018),
(61, 'CHTV0090/2018', '2018-12-05 13:54:24', 10, 1, '', 3, 0, 0, '', 1, 0, 12, 2018),
(62, 'CHTV0091/2018', '2018-12-05 14:12:30', 10, 1, '', 3, 0, 0, '', 1, 0, 12, 2018),
(63, 'CHTV0092/2018', '2018-12-05 14:49:43', 28, 1, '', 3, 0, 0, '', 1, 0, 12, 2018),
(64, 'CHTV0093/2018', '2018-12-07 11:26:14', 10, 1, '', 3, 0, 0, '', 1, 0, 12, 2018),
(65, 'CHTV0094/2018', '2018-12-07 15:33:21', 1, 1, '', 3, 4, 0, '', 1, 0, 12, 2018),
(66, 'CHTV0095/2018', '2018-12-11 07:11:13', 2, 1, '', 3, 1, 0, '', 1, 0, 12, 2018),
(67, 'CHTV0096/2018', '2018-12-11 09:21:34', 1, 1, '', 3, 4, 0, '', 1, 0, 12, 2018),
(68, 'CHTV0097/2018', '2018-12-11 10:14:12', 2, 1, '', 3, 1, 0, '', 1, 0, 12, 2018),
(69, 'CHTV0098/2018', '2018-12-12 09:44:44', 5, 1, '', 3, 0, 0, '', 1, 0, 12, 2018),
(70, 'CHTV0099/2018', '2018-12-12 10:40:04', 29, 1, '', 3, 0, 0, '', 0, 0, 12, 2018),
(71, 'CHTV00100/2018', '2018-12-12 13:53:58', 30, 0, '', 3, 0, 0, '', 0, 0, 12, 2018),
(72, 'CHTV00101/2018', '2018-12-13 07:13:36', 1, 1, '', 3, 4, 0, '', 1, 0, 12, 2018),
(73, 'CHTV00102/2018', '2018-12-13 08:37:05', 29, 1, '', 3, 0, 0, '', 0, 0, 12, 2018),
(74, 'CHTV00103/2018', '2018-12-13 11:32:03', 1, 1, '', 3, 4, 0, '', 1, 0, 12, 2018),
(75, 'CHTV00104/2018', '2018-12-14 07:30:19', 1, 1, '', 3, 4, 0, '', 1, 0, 12, 2018),
(76, 'CHTV00105/2018', '2018-12-14 07:54:42', 31, 1, '', 3, 2, 0, '', 0, 0, 12, 2018),
(77, 'CHTV00106/2018', '2018-12-14 12:25:43', 19, 1, '', 3, 0, 0, '', 1, 0, 12, 2018),
(78, 'CHTV00107/2018', '2018-12-14 13:59:18', 10, 1, '', 3, 0, 0, '', 1, 0, 12, 2018),
(79, 'CHTV00108/2018', '2018-12-15 12:24:10', 11, 1, '', 3, 0, 0, '', 1, 0, 12, 2018),
(80, 'CHTV00109/2018', '2018-12-17 08:52:58', 1, 1, '', 3, 4, 0, '', 1, 0, 12, 2018),
(81, 'CHTV00110/2018', '2018-12-17 09:33:49', 4, 1, '', 3, 1, 0, '', 1, 0, 12, 2018),
(82, 'CHTV00111/2018', '2018-12-17 14:11:57', 15, 1, '', 3, 0, 0, '', 1, 0, 12, 2018),
(83, 'CHTV00113/2018', '2018-12-19 11:09:33', 19, 1, '', 3, 0, 0, '', 1, 0, 12, 2018),
(84, 'CHTV00242/2018', '2018-12-22 14:13:03', 5, 1, '', 3, 2, 12, 'fgffhghgjjjj', 1, 0, 12, 2018),
(85, 'CHTV00251/2018', '2018-12-22 14:42:36', 19, 1, '', 3, 0, 0, '', 0, 0, 12, 2018),
(86, 'CHTV00260/2018', '2018-12-27 14:46:19', 11, 1, '', 3, 1, 0, '', 0, 0, 12, 2018),
(87, 'CHTV00268/2018', '2018-12-27 16:38:53', 22, 1, '', 3, 0, 0, '', 1, 0, 12, 2018);

-- --------------------------------------------------------

--
-- Structure de la table `factures_old`
--

CREATE TABLE `factures_old` (
  `id` int(11) NOT NULL,
  `reference` varchar(100) NOT NULL,
  `created` datetime NOT NULL,
  `client_id` int(11) NOT NULL,
  `statut` tinyint(1) NOT NULL,
  `notes` text NOT NULL,
  `user_id` int(11) NOT NULL,
  `delai_id` int(11) NOT NULL,
  `remise` int(11) NOT NULL,
  `client_name` varchar(100) NOT NULL,
  `paye` tinyint(1) NOT NULL,
  `fournisseur` tinyint(1) NOT NULL DEFAULT 0,
  `moi_id` int(11) DEFAULT NULL,
  `annee` int(11) DEFAULT NULL
) ENGINE=InnoDB DEFAULT CHARSET=latin1;

--
-- Déchargement des données de la table `factures_old`
--

INSERT INTO `factures_old` (`id`, `reference`, `created`, `client_id`, `statut`, `notes`, `user_id`, `delai_id`, `remise`, `client_name`, `paye`, `fournisseur`, `moi_id`, `annee`) VALUES
(1, 'CHTV0027/2018', '2018-10-01 16:24:21', 3, 1, '', 3, 0, 0, '', 1, 0, 10, 2018),
(2, 'CHTV0028/2018', '2018-10-02 13:04:30', 13, 1, '', 3, 0, 0, '', 1, 0, 10, 2018),
(3, 'CHTV0029/2018', '2018-10-03 13:12:50', 9, 1, '', 3, 0, 0, '', 0, 0, 10, 2018),
(4, 'CHTV0030/2018', '2018-10-03 14:25:33', 5, 1, '', 3, 0, 0, '', 1, 0, 10, 2018),
(5, 'CHTV0031/2018', '2018-10-04 07:55:52', 10, 1, '', 3, 0, 0, '', 1, 0, 10, 2018),
(6, 'CHTV0032/2018', '2018-10-04 08:50:24', 11, 1, '', 3, 0, 0, '', 1, 0, 10, 2018),
(7, 'CHTV0036/2018', '2018-10-05 07:04:54', 1, 1, '', 3, 4, 0, '', 1, 0, 10, 2018),
(8, 'CHTV0037/2018', '2018-10-05 11:23:34', 2, 1, '', 3, 1, 0, '', 1, 0, 10, 2018),
(9, 'CHTV0038/2018', '2018-10-05 13:44:32', 13, 1, '', 3, 0, 0, '', 1, 0, 10, 2018),
(10, 'CHTV0039/2018', '2018-10-06 09:25:03', 5, 1, '', 3, 0, 0, '', 1, 0, 10, 2018),
(11, 'CHTV0040/2018', '2018-10-06 09:34:13', 5, 1, '', 3, 0, 0, '', 1, 0, 10, 2018),
(12, 'CHTV0041/2018', '2018-10-10 11:56:16', 14, 1, '', 3, 0, 0, '', 1, 0, 10, 2018),
(13, 'CHTV0042/2018', '2018-10-11 07:32:19', 15, 1, '', 3, 0, 0, '', 1, 0, 10, 2019),
(14, 'CHTV0043/2018', '2018-10-11 10:49:49', 17, 1, '', 3, 1, 0, '', 1, 0, 10, 2018),
(15, 'CHTV0044/2018', '2018-10-11 10:55:20', 10, 1, '', 3, 0, 0, ' IBRAHIM DIALLO', 1, 0, 10, 2018),
(16, 'CHTV0045/2018', '2018-10-11 11:44:03', 1, 1, '', 3, 4, 0, '', 1, 0, 10, 2018),
(17, 'CHTV0046/2018', '2018-10-11 13:55:24', 10, 1, '', 3, 0, 0, '', 1, 0, 10, 2018),
(18, 'CHTV0047/2018', '2018-10-15 15:24:33', 10, 1, '', 3, 0, 0, '', 1, 0, 10, 2018),
(19, 'CHTV0048/2018', '2018-10-16 08:14:19', 19, 1, '', 3, 0, 0, '', 1, 0, 10, 2018),
(20, 'CHTV0049/2018', '2018-10-16 15:28:16', 10, 1, '', 3, 0, 0, '', 1, 0, 10, 2018),
(21, 'CHTV0050/2018', '2018-10-16 15:36:37', 21, 1, '', 3, 0, 0, '', 1, 0, 10, 2018),
(22, 'CHTV0051/2018', '2018-10-17 07:33:51', 10, 1, '', 3, 0, 0, '', 1, 0, 10, 2018),
(23, 'CHTV0052/2018', '2018-10-17 14:25:09', 14, 1, '', 3, 0, 0, '', 1, 0, 10, 2018),
(24, 'CHTV0053/2018', '2018-10-17 15:51:34', 10, 1, '', 3, 0, 0, '', 1, 0, 10, 2018),
(25, 'CHTV0054/2018', '2018-10-17 16:29:06', 21, 1, '', 3, 0, 0, '', 1, 0, 10, 2018),
(26, 'CHTV0055/2018', '2018-10-18 16:27:17', 10, 1, '', 3, 0, 0, '', 1, 0, 10, 2018),
(27, 'CHTV0056/2018', '2018-10-19 12:59:32', 24, 1, '', 3, 0, 0, '', 1, 0, 10, 2018),
(28, 'CHTV0057/2018', '2018-10-19 13:23:13', 10, 1, '', 3, 0, 0, '', 1, 0, 10, 2018),
(29, 'CHTV0058/2018', '2018-10-20 09:25:12', 22, 1, '', 3, 0, 0, '', 1, 0, 10, 2018),
(30, 'CHTV0059/2018', '2018-10-20 09:49:22', 14, 1, '', 3, 0, 0, '', 1, 0, 10, 2018),
(31, 'CHTV0060/2018', '2018-10-22 14:57:39', 10, 1, '', 3, 0, 0, '', 1, 0, 10, 2018),
(32, 'CHTV0061/2018', '2018-10-22 16:39:40', 22, 1, '', 3, 0, 0, '', 0, 0, 10, 2019),
(33, 'CHTV0062/2018', '2018-10-23 08:29:12', 1, 1, '', 3, 4, 0, '', 1, 0, 10, 2018),
(34, 'CHTV0063/2018', '2018-10-23 10:10:04', 10, 1, '', 3, 0, 0, '', 1, 0, 10, 2018),
(35, 'CHTV0064/2018', '2018-10-23 12:04:11', 10, 1, '', 3, 0, 0, '', 1, 0, 10, 2018),
(36, 'CHTV0065/2018', '2018-10-23 12:34:33', 22, 1, '', 3, 0, 0, '', 1, 0, 10, 2018),
(37, 'CHTV0066/2018', '2018-10-23 16:59:15', 25, 1, '', 3, 0, 0, '', 1, 0, 10, 2018),
(38, 'CHTV0067/2018', '2018-10-24 13:17:04', 10, 1, '', 3, 0, 0, '', 1, 0, 10, 2018),
(39, 'CHTV0068/2018', '2018-10-24 13:49:58', 14, 1, '', 3, 0, 0, '', 1, 0, 10, 2018),
(40, 'CHTV0069/2018', '2018-10-24 13:49:58', 10, 1, '', 3, 0, 0, '', 1, 0, 10, 2018),
(41, 'CHTV0070/2018', '2018-10-26 11:42:15', 1, 1, '', 3, 4, 0, '', 1, 0, 10, 2018),
(42, 'CHTV0071/2018', '2018-10-26 11:46:24', 1, 1, '', 3, 4, 0, '', 1, 0, 10, 2018),
(43, 'CHTV0072/2018', '2018-10-29 10:30:42', 10, 1, '', 3, 0, 0, '', 1, 0, 10, 2018),
(44, 'CHTV0073/2018', '2018-10-29 13:20:02', 3, 1, '', 3, 2, 0, '', 0, 0, 10, 2018),
(45, 'CHTV0074/2018', '2018-10-29 16:39:43', 10, 1, '', 3, 0, 0, '', 1, 0, 10, 2018),
(46, 'CHTV0075/2018', '2018-10-30 15:46:42', 1, 1, '', 3, 4, 0, '', 0, 0, 10, 2018),
(47, 'CHTV0076/2018', '2018-11-05 11:07:58', 1, 1, '', 3, 4, 0, '', 1, 0, 11, 2018),
(48, 'CHTV0077/2018', '2018-11-07 11:54:39', 1, 1, '', 3, 4, 0, '', 1, 0, 11, 2018),
(49, 'CHTV0078/2018', '2018-11-08 07:13:09', 3, 1, '', 3, 2, 0, '', 1, 0, 11, 2018),
(50, 'CHTV0079/2018', '2018-11-08 07:40:25', 1, 1, '', 3, 0, 0, '', 1, 0, 11, 2018),
(51, 'CHTV0080/2018', '2018-11-08 08:28:35', 2, 1, '', 3, 2, 0, '', 1, 0, 11, 2018),
(52, 'CHTV0081/2018', '2018-11-08 16:03:29', 22, 1, '', 3, 0, 0, '', 1, 0, 11, 2018),
(53, 'CHTV0082/2018', '2018-11-30 14:47:55', 26, 1, '', 3, 0, 0, '', 1, 0, 11, 2018),
(54, 'CHTV0083/2018', '2018-11-30 16:30:14', 1, 1, '', 3, 4, 0, '', 1, 0, 11, 2018),
(55, 'CHTV0084/2018', '2018-12-01 08:46:43', 1, 1, '', 3, 4, 0, '', 1, 0, 12, 2018),
(56, 'CHTV0085/2018', '2018-12-01 08:55:10', 2, 1, '', 3, 1, 0, '', 1, 0, 12, 2018),
(57, 'CHTV0086/2018', '2018-12-01 08:55:11', 10, 1, '', 3, 1, 0, '', 0, 0, 12, 2018),
(58, 'CHTV0087/2018', '2018-12-01 13:17:20', 11, 1, '', 3, 0, 0, '', 1, 0, 12, 2018),
(59, 'CHTV0088/2018', '2018-12-01 13:41:12', 27, 1, '', 3, 0, 0, '', 0, 0, 12, 2018),
(60, 'CHTV0089/2018', '2018-12-03 11:26:27', 1, 1, '', 3, 4, 0, '', 1, 0, 12, 2018),
(61, 'CHTV0090/2018', '2018-12-05 13:54:24', 10, 1, '', 3, 0, 0, '', 1, 0, 12, 2018),
(62, 'CHTV0091/2018', '2018-12-05 14:12:30', 10, 1, '', 3, 0, 0, '', 1, 0, 12, 2018),
(63, 'CHTV0092/2018', '2018-12-05 14:49:43', 28, 1, '', 3, 0, 0, '', 1, 0, 12, 2018),
(64, 'CHTV0093/2018', '2018-12-07 11:26:14', 10, 1, '', 3, 0, 0, '', 1, 0, 12, 2018),
(65, 'CHTV0094/2018', '2018-12-07 15:33:21', 1, 1, '', 3, 4, 0, '', 1, 0, 12, 2018),
(66, 'CHTV0095/2018', '2018-12-11 07:11:13', 2, 1, '', 3, 1, 0, '', 1, 0, 12, 2018),
(67, 'CHTV0096/2018', '2018-12-11 09:21:34', 1, 1, '', 3, 4, 0, '', 1, 0, 12, 2018),
(68, 'CHTV0097/2018', '2018-12-11 10:14:12', 2, 1, '', 3, 1, 0, '', 1, 0, 12, 2018),
(69, 'CHTV0098/2018', '2018-12-12 09:44:44', 5, 1, '', 3, 0, 0, '', 1, 0, 12, 2018),
(70, 'CHTV0099/2018', '2018-12-12 10:40:04', 29, 1, '', 3, 0, 0, '', 0, 0, 12, 2018),
(71, 'CHTV00100/2018', '2018-12-12 13:53:58', 30, 0, '', 3, 0, 0, '', 0, 0, 12, 2018),
(72, 'CHTV00101/2018', '2018-12-13 07:13:36', 1, 1, '', 3, 4, 0, '', 1, 0, 12, 2018),
(73, 'CHTV00102/2018', '2018-12-13 08:37:05', 29, 1, '', 3, 0, 0, '', 0, 0, 12, 2018),
(74, 'CHTV00103/2018', '2018-12-13 11:32:03', 1, 1, '', 3, 4, 0, '', 1, 0, 12, 2018),
(75, 'CHTV00104/2018', '2018-12-14 07:30:19', 1, 1, '', 3, 4, 0, '', 1, 0, 12, 2018),
(76, 'CHTV00105/2018', '2018-12-14 07:54:42', 31, 1, '', 3, 2, 0, '', 0, 0, 12, 2018),
(77, 'CHTV00106/2018', '2018-12-14 12:25:43', 19, 1, '', 3, 0, 0, '', 1, 0, 12, 2018),
(78, 'CHTV00107/2018', '2018-12-14 13:59:18', 10, 1, '', 3, 0, 0, '', 1, 0, 12, 2018),
(79, 'CHTV00108/2018', '2018-12-15 12:24:10', 11, 1, '', 3, 0, 0, '', 1, 0, 12, 2018),
(80, 'CHTV00109/2018', '2018-12-17 08:52:58', 1, 1, '', 3, 4, 0, '', 1, 0, 12, 2018),
(81, 'CHTV00110/2018', '2018-12-17 09:33:49', 4, 1, '', 3, 1, 0, '', 1, 0, 12, 2018),
(82, 'CHTV00111/2018', '2018-12-17 14:11:57', 15, 1, '', 3, 0, 0, '', 1, 0, 12, 2018),
(83, 'CHTV00113/2018', '2018-12-19 11:09:33', 19, 1, '', 3, 0, 0, '', 1, 0, 12, 2018),
(84, 'CHTV00242/2018', '2018-12-22 14:13:03', 5, 1, '', 3, 2, 12, 'fgffhghgjjjj', 1, 0, 12, 2018),
(85, 'CHTV00251/2018', '2018-12-22 14:42:36', 19, 1, '', 3, 0, 0, '', 0, 0, 12, 2018),
(86, 'CHTV00260/2018', '2018-12-27 14:46:19', 11, 1, '', 3, 1, 0, '', 0, 0, 12, 2018),
(87, 'CHTV00268/2018', '2018-12-27 16:38:53', 22, 1, '', 3, 0, 0, '', 1, 0, 12, 2018),
(88, 'CHTV001/2019', '2019-01-02 08:50:18', 2, 1, '', 3, 1, 0, '', 1, 0, 1, 2019),
(89, 'CHTV002/2019', '2019-01-02 13:38:36', 10, 1, '', 3, 0, 0, '', 1, 0, 1, 2019),
(90, 'CHTV003/2019', '2019-01-02 17:02:16', 22, 0, '', 3, 0, 0, '', 0, 0, 1, 2019),
(91, 'CHTV004/2019', '2019-01-04 12:32:13', 1, 1, '', 3, 4, 0, '', 0, 0, 1, 2019),
(92, 'CHTV005/2019', '2019-01-05 12:53:16', 10, 1, '', 3, 0, 0, '', 1, 0, 1, 2019),
(93, 'CHTV006/2019', '2019-01-05 16:23:38', 10, 1, '', 3, 0, 0, '', 1, 0, 1, 2019),
(94, 'CHTV007/2019', '2019-01-07 07:31:29', 10, 1, '', 3, 0, 0, '', 1, 0, 1, 2019),
(95, 'CHTV008/2019', '2019-01-07 10:02:39', 1, 1, '', 3, 4, 0, '', 0, 0, 1, 2019),
(96, 'CHTV009/2019', '2019-01-07 12:58:23', 10, 1, '', 3, 0, 0, '', 1, 0, 1, 2019),
(97, 'CHTV0010/2019', '2019-01-07 14:56:50', 15, 1, '', 3, 4, 0, '', 0, 0, 1, 2019),
(98, 'CHTV0011/2019', '2019-01-09 07:19:49', 10, 1, '', 3, 0, 0, '', 1, 0, 1, 2019),
(99, 'CHTV0012/2019', '2019-01-09 12:09:43', 15, 1, '', 3, 0, 0, '', 1, 0, 1, 2019),
(100, 'CHTV0013/2019', '2019-01-10 15:56:02', 12, 1, '', 3, 0, 47, '', 1, 0, 1, 2019),
(101, 'CHTV0014/2019', '2019-01-10 16:18:09', 5, 1, '', 3, 0, 0, '', 1, 0, 1, 2019),
(102, 'CHTV0015/2019', '2019-01-11 10:15:54', 10, 1, '', 3, 0, 0, '', 1, 0, 1, 2019),
(103, 'CHTV0016/2019', '2019-01-12 10:11:08', 15, 1, '', 3, 0, 0, '', 0, 0, 1, 2019),
(104, 'CHTV0017/2019', '2019-01-12 13:25:18', 10, 1, '', 3, 0, 0, '', 1, 0, 1, 2019),
(105, 'CHTV0018/2019', '2019-01-14 11:05:21', 3, 1, '', 3, 2, 0, '', 1, 0, 1, 2019),
(106, 'CHTV0019/2019', '2019-01-14 11:12:30', 10, 1, '', 3, 0, 0, '', 1, 0, 1, 2019),
(107, 'CHTV0020/2019', '2019-01-15 14:19:51', 10, 1, '', 3, 0, 0, '', 1, 0, 1, 2019),
(108, 'CHTV0021/2019', '2019-01-16 09:58:36', 1, 1, '', 3, 4, 0, '', 1, 0, 1, 2019),
(109, 'CHTV0022/2019', '2019-01-16 16:21:51', 10, 1, '', 3, 0, 0, '', 1, 0, 1, 2019),
(110, 'CHTV0023/2019', '2019-01-16 16:58:13', 3, 1, '', 3, 2, 0, '', 1, 0, 1, 2019),
(111, 'CHTV0024/2019', '2019-01-17 08:09:41', 5, 1, '', 3, 0, 0, '', 1, 0, 1, 2019),
(112, 'CHTV0025/2019', '2019-01-17 14:52:50', 10, 1, '', 3, 0, 0, '', 1, 0, 1, 2019),
(113, 'CHTV0026/2019', '2019-01-18 12:10:43', 1, 1, '', 3, 4, 0, '', 0, 0, 1, 2019),
(114, 'CHTV0027/2019', '2019-01-18 12:29:10', 0, 1, '', 3, 0, 0, 'SITRAD', 1, 0, 1, 2019),
(115, 'CHTV0028/2019', '2019-01-18 12:30:59', 32, 0, '', 3, 0, 0, '', 0, 0, 1, 2019),
(116, 'CHTV0029/2019', '2019-01-18 15:56:50', 10, 1, '', 3, 0, 0, '', 1, 0, 1, 2019),
(117, 'CHTV0030/2019', '2019-01-19 16:44:28', 10, 1, '', 3, 0, 0, '', 1, 0, 1, 2019),
(118, 'CHTV0031/2019', '2019-01-19 16:46:36', 1, 1, '', 3, 0, 0, '', 1, 0, 1, 2019),
(119, 'CHTV0032/2019', '2019-01-21 07:54:03', 10, 1, '', 3, 0, 0, '', 1, 0, 1, 2019),
(120, 'CHTV0033/2019', '2019-01-21 13:27:33', 10, 1, '', 3, 0, 0, '', 1, 0, 1, 2019),
(121, 'CHTV0034/2019', '2019-01-23 07:59:56', 33, 1, '', 3, 0, 0, '', 0, 0, 1, 2019),
(122, 'CHTV0035/2019', '2019-01-23 17:15:03', 10, 1, '', 3, 0, 0, '', 1, 0, 1, 2019),
(123, 'CHTV0036/2019', '2019-01-23 17:15:04', 10, 1, '', 3, 0, 0, '', 1, 0, 1, 2019),
(124, 'CHTV0038/2019', '2019-01-24 16:07:28', 14, 0, '', 3, 0, 0, '', 0, 0, 1, 2019),
(125, 'CHTV0039/2019', '2019-01-25 11:28:19', 1, 1, '', 3, 0, 0, '', 0, 0, 1, 2019),
(126, 'CHTV0040/2019', '2019-01-25 14:06:35', 34, 1, '', 3, 0, 0, '', 1, 0, 1, 2019),
(127, 'CHTV0047/2019', '2019-01-25 14:08:12', 10, 1, '', 3, 0, 0, '', 1, 0, 1, 2019),
(128, 'CHTV0048/2019', '2019-01-26 09:19:14', 10, 1, '', 3, 0, 0, '', 1, 0, 1, 2019),
(129, 'CHTV0049/2019', '2019-01-26 12:12:57', 10, 1, '', 3, 0, 0, '', 1, 0, 1, 2019),
(130, 'CHTV0050/2019', '2019-01-29 08:15:44', 15, 1, '', 3, 0, 0, '', 1, 0, 1, 2019),
(131, 'CHTV0051/2019', '2019-01-30 07:25:21', 22, 0, '', 3, 0, 0, '', 0, 0, 1, 2019),
(132, 'CHTV0052/2019', '2019-01-31 08:02:21', 10, 1, '', 3, 0, 0, '', 1, 0, 1, 2019),
(133, 'CHTV0053/2019', '2019-01-31 09:08:32', 10, 1, '', 3, 0, 0, '', 1, 0, 1, 2019),
(134, 'CHTV0054/2019', '2019-01-31 15:25:30', 10, 1, '', 3, 0, 0, '', 1, 0, 1, 2019),
(135, 'CHTV0055/2019', '2019-02-02 10:18:21', 2, 1, '', 3, 1, 0, '', 1, 0, 2, 2019),
(136, 'CHTV0056/2019', '2019-02-02 11:47:47', 31, 1, '', 3, 0, 0, '', 1, 0, 2, 2019),
(137, 'CHTV0057/2019', '2019-02-04 07:26:18', 10, 1, '', 3, 0, 0, '', 1, 0, 2, 2019),
(138, 'CHTV0061/2019', '2019-02-04 09:59:38', 7, 0, '', 3, 4, 0, '', 0, 0, 2, 2019),
(139, 'CHTV0062/2019', '2019-02-04 16:36:24', 10, 1, '', 3, 0, 0, '', 1, 0, 2, 2019),
(140, 'CHTV0063/2019', '2019-02-05 10:29:32', 10, 1, '', 3, 0, 0, '', 1, 0, 2, 2019),
(141, 'CHTV0064/2019', '2019-02-05 17:07:59', 10, 1, '', 3, 0, 0, '', 1, 0, 2, 2019),
(142, 'CHTV0065/2019', '2019-02-06 09:28:03', 35, 1, '', 3, 0, 0, '', 1, 0, 2, 2019),
(143, 'CHTV0066/2019', '2019-02-06 10:21:08', 7, 0, '', 3, 0, 0, '', 0, 0, 2, 2019),
(144, 'CHTV0067/2019', '2019-02-07 07:39:51', 2, 1, '', 3, 1, 0, '', 1, 0, 2, 2019),
(145, 'CHTV0068/2019', '2019-02-07 08:42:50', 5, 1, '', 3, 0, 0, '', 1, 0, 2, 2019),
(146, 'CHTV0070/2019', '2019-02-07 09:05:05', 1, 1, '', 3, 4, 0, '', 1, 0, 2, 2019),
(147, 'CHTV0071/2019', '2019-02-07 09:15:36', 1, 1, '', 3, 4, 0, '', 0, 0, 2, 2019),
(148, 'CHTV0072/2019', '2019-02-07 12:29:19', 36, 1, '', 3, 0, 0, '', 1, 0, 2, 2019),
(149, 'CHTV0073/2019', '2019-02-07 13:43:10', 10, 1, '', 3, 0, 0, '', 1, 0, 2, 2019),
(150, 'CHTV0074/2019', '2019-02-07 14:24:41', 11, 1, '', 3, 0, 0, '', 1, 0, 2, 2019),
(151, 'CHTV0075/2019', '2019-02-07 16:22:36', 5, 1, '', 3, 0, 0, '', 1, 0, 2, 2019),
(152, 'CHTV0076/2019', '2019-02-08 08:19:28', 3, 1, '', 3, 2, 0, '', 1, 0, 2, 2019),
(153, 'CHTV0077/2019', '2019-02-08 09:48:44', 37, 1, '', 3, 0, 0, '', 1, 0, 2, 2019),
(154, 'CHTV0078/2019', '2019-02-11 13:40:30', 22, 1, '', 3, 0, 0, '', 1, 0, 2, 2019),
(155, 'CHTV0079/2019', '2019-02-11 13:45:24', 10, 1, '', 3, 0, 0, '', 1, 0, 2, 2019),
(156, 'CHTV0080/2019', '2019-02-12 07:22:15', 1, 1, '', 3, 4, 0, '', 0, 0, 2, 2019),
(157, 'CHTV0081/2019', '2019-02-12 08:26:42', 38, 0, '', 3, 0, 0, '', 0, 0, 2, 2019),
(158, 'CHTV0082/2019', '2019-02-12 10:33:34', 10, 1, '', 3, 0, 0, '', 1, 0, 2, 2019),
(159, 'CHTV0083/2019', '2019-02-12 11:15:01', 39, 1, '', 3, 0, 0, '', 1, 0, 2, 2019),
(160, 'CHTV0085/2019', '2019-02-12 11:31:14', 5, 1, '', 3, 0, 0, '', 1, 0, 2, 2019),
(161, 'CHTV0086/2019', '2019-02-12 12:01:52', 5, 1, '', 3, 0, 0, '', 1, 0, 2, 2019),
(162, 'CHTV0087/2019', '2019-02-12 13:16:01', 40, 1, '', 3, 0, 0, '', 1, 0, 2, 2019),
(163, 'CHTV0088/2019', '2019-02-12 15:56:48', 10, 1, '', 3, 0, 0, '', 1, 0, 2, 2019),
(164, 'CHTV0089/2019', '2019-02-14 07:07:04', 10, 1, '', 3, 0, 1, '', 1, 0, 2, 2019),
(165, 'CHTV0090/2019', '2019-02-14 14:34:46', 11, 1, '', 3, 0, 0, '', 0, 0, 2, 2019),
(166, 'CHTV0091/2019', '2019-02-15 09:39:34', 10, 1, '', 3, 0, 0, '', 1, 0, 2, 2019),
(167, 'CHTV0092/2019', '2019-02-15 09:48:53', 22, 1, '', 3, 1, 0, '', 0, 0, 2, 2019),
(168, 'CHTV0093/2019', '2019-02-16 13:26:23', 25, 1, '', 3, 0, 0, '', 1, 0, 2, 2019),
(169, 'CHTV0094/2019', '2019-02-16 13:42:07', 10, 1, '', 3, 0, 0, '', 1, 0, 2, 2019),
(170, 'CHTV0095/2019', '2019-02-18 09:51:27', 1, 1, '', 3, 4, 0, '', 0, 0, 2, 2019),
(171, 'CHTV0096/2019', '2019-02-18 09:56:59', 11, 1, '', 3, 0, 0, '', 0, 0, 2, 2019),
(172, 'CHTV0097/2019', '2019-02-18 16:30:43', 10, 1, '', 3, 0, 0, '', 1, 0, 2, 2019),
(173, 'CHTV0098/2019', '2019-02-19 09:59:39', 1, 1, '', 3, 0, 0, '', 0, 0, 2, 2019),
(174, 'CHTV0099/2019', '2019-02-19 11:55:43', 41, 1, '', 3, 2, 0, '', 1, 0, 2, 2019),
(177, 'CHTV00102/2019', '2019-02-19 18:35:50', 0, 1, '', 3, 2, 15, 'Basil', 0, 0, 2, 2019),
(178, 'CHTV00103/2019', '2019-02-20 07:33:33', 1, 1, '', 3, 0, 0, '', 1, 0, 2, 2019),
(179, 'CHTV00106/2019', '2019-02-20 08:37:00', 1, 1, '', 3, 4, 0, '', 0, 0, 2, 2019),
(180, 'CHTV00107/2019', '2019-02-20 12:00:20', 10, 1, '', 3, 0, 0, '', 1, 0, 2, 2019),
(181, 'CHTV00108/2019', '2019-02-20 15:06:53', 10, 1, '', 3, 0, 0, '', 1, 0, 2, 2019),
(182, 'CHTV00109/2019', '2019-02-21 07:58:26', 15, 1, '', 3, 1, 0, '', 0, 0, 2, 2019),
(183, 'CHTV00110/2019', '2019-02-21 12:49:24', 10, 1, '', 3, 0, 0, '', 1, 0, 2, 2019),
(184, 'CHTV00112/2019', '2019-02-22 08:27:09', 22, 1, '', 3, 0, 0, '', 0, 0, 2, 2019),
(185, 'CHTV00113/2019', '2019-02-23 11:43:02', 22, 1, '', 3, 0, 1, '', 0, 0, 2, 2019),
(186, 'CHTV00114/2019', '2019-02-23 14:56:19', 11, 0, '', 3, 0, 0, '', 0, 0, 2, 2019),
(187, 'CHTV00115/2019', '2019-02-23 16:21:21', 10, 1, '', 3, 0, 0, '', 1, 0, 2, 2019),
(188, 'CHTV00116/2019', '2019-02-23 16:40:11', 10, 1, '', 3, 0, 0, '', 1, 0, 2, 2019),
(189, 'CHTV00117/2019', '2019-02-25 14:48:41', 42, 1, '', 3, 0, 0, '', 1, 0, 2, 2019),
(190, 'CHTV00121/2019', '2019-02-26 08:00:42', 37, 1, '', 3, 0, 0, '', 1, 0, 2, 2019),
(191, 'CHTV00123/2019', '2019-02-26 08:19:21', 37, 0, '', 3, 0, 0, '', 0, 0, 2, 2019),
(192, 'CHTV00125/2019', '2019-02-26 14:11:09', 1, 0, '', 3, 0, 0, '', 0, 0, 2, 2019),
(193, 'CHTV00126/2019', '2019-02-27 13:40:34', 43, 1, '', 3, 0, 0, '', 1, 0, 2, 2019),
(194, 'CHTV00127/2019', '2019-02-28 14:11:38', 44, 1, '', 3, 0, 0, '', 1, 0, 2, 2019),
(195, 'CHTV00128/2019', '2019-02-28 14:11:39', 44, 1, '', 3, 0, 0, '', 1, 0, 2, 2019),
(196, 'CHTV00129/2019', '2019-02-28 16:36:05', 1, 1, '', 3, 4, 0, '', 0, 0, 11, 2019),
(197, 'CHTV00130/2019', '2019-03-01 10:47:04', 3, 1, '', 3, 0, 0, '', 1, 0, 3, 2019),
(198, 'CHTV00131/2019', '2019-03-01 15:54:52', 10, 1, '', 3, 0, 0, '', 1, 0, 3, 2019),
(199, 'CHTV00132/2019', '2019-03-02 10:10:58', 10, 1, '', 3, 0, 0, '', 1, 0, 3, 2019),
(200, 'CHTV00133/2019', '2019-03-02 14:07:02', 0, 1, '', 3, 0, 0, 'MOUKAKOU', 1, 0, 3, 2019),
(201, 'CHTV00138/2019', '2019-03-02 14:11:31', 45, 1, '', 3, 0, 0, '', 1, 0, 3, 2019),
(202, 'CHTV00139/2019', '2019-03-02 14:15:40', 45, 1, '', 3, 0, 0, '', 1, 0, 3, 2019),
(203, 'CHTV00140/2019', '2019-03-04 12:05:08', 5, 1, '', 3, 1, 0, '', 0, 0, 3, 2019),
(204, 'CHTV00142/2019', '2019-03-05 09:32:40', 1, 1, '', 3, 4, 0, '', 0, 0, 3, 2019),
(205, 'CHTV00143/2019', '2019-03-08 14:14:10', 46, 1, '', 3, 0, 0, '', 1, 0, 3, 2019),
(206, 'CHTV00145/2019', '2019-03-09 08:51:26', 3, 1, '', 3, 2, 0, '', 1, 0, 3, 2019),
(207, 'CHTV00146/2019', '2019-03-12 13:31:49', 1, 1, '', 3, 4, 0, '', 0, 0, 3, 2019),
(208, 'CHTV00157/2019', '2019-03-27 08:49:56', 3, 1, '', 3, 2, 0, '', 1, 0, 3, 2019),
(209, 'CHTV00158/2019', '2019-04-04 09:16:05', 2, 1, '', 3, 2, 0, '', 1, 0, 4, 2019),
(210, 'CHTV00159/2019', '2019-04-04 09:16:09', 2, 1, '', 3, 2, 0, '', 1, 0, 4, 2019),
(211, 'CHTV00160/2019', '2019-04-04 09:20:10', 1, 1, '', 3, 4, 0, '', 0, 0, 4, 2019),
(212, 'CHTV00161/2019', '2019-04-04 09:24:35', 1, 1, '', 3, 4, 0, '', 0, 0, 4, 2019),
(213, 'CHTV00162/2019', '2019-04-08 14:54:55', 2, 1, '', 3, 2, 0, '', 0, 0, 4, 2019),
(214, 'CHTV00163/2019', '2019-04-08 16:47:05', 3, 1, '', 3, 2, 0, '', 0, 0, 4, 2019),
(215, 'CHTV00164/2019', '2019-04-09 14:40:49', 1, 1, '', 3, 4, 0, '', 0, 0, 4, 2019),
(216, 'CHTV00165/2019', '2019-04-09 16:39:54', 1, 1, '', 3, 4, 0, '', 0, 0, 4, 2019),
(217, 'CHTV00166/2019', '2019-04-09 16:54:32', 38, 1, '', 3, 0, 0, '', 1, 0, 4, 2019),
(218, 'CHTV00167/2019', '2019-04-10 14:36:10', 10, 1, '', 3, 0, 0, '', 1, 0, 4, 2019),
(219, 'CHTV00168/2019', '2019-04-12 15:18:34', 10, 1, '', 3, 0, 0, '', 1, 0, 4, 2019),
(220, 'CHTV00169/2019', '2019-04-13 09:55:31', 5, 1, '', 3, 0, 0, '', 0, 0, 4, 2019),
(221, 'CHTV00170/2019', '2019-04-13 10:06:41', 48, 1, '', 3, 0, 0, '', 0, 0, 4, 2019),
(222, 'CHTV00171/2019', '2019-04-15 07:18:42', 2, 1, '', 3, 2, 0, '', 1, 0, 4, 2019),
(223, 'CHTV00172/2019', '2019-04-17 07:17:44', 1, 1, '', 3, 4, 0, '', 0, 0, 4, 2019),
(224, 'CHTV00173/2019', '2019-04-17 07:22:47', 1, 1, '', 3, 4, 0, '', 0, 0, 4, 2019),
(225, 'CHTV00174/2019', '2019-04-18 10:29:58', 49, 1, '', 3, 0, 0, '', 1, 0, 4, 2019),
(226, 'CHTV00175/2019', '2019-04-19 07:49:18', 1, 1, '', 3, 4, 0, '', 0, 0, 4, 2019),
(227, 'CHTV00176/2019', '2019-04-19 11:04:03', 50, 1, '', 3, 0, 0, '', 1, 0, 4, 2019),
(228, 'CHTV00177/2019', '2019-04-19 11:50:06', 10, 1, '', 3, 0, 0, '', 1, 0, 4, 2019),
(229, 'CHTV00178/2019', '2019-04-19 13:50:55', 10, 1, '', 3, 0, 0, '', 1, 0, 4, 2019),
(230, 'CHTV00179/2019', '2019-04-23 13:26:17', 0, 1, '', 3, 0, 0, 'JESUS', 1, 0, 4, 2019),
(231, 'CHTV00180/2019', '2019-04-23 16:30:32', 36, 0, '', 3, 0, 0, '', 0, 0, 4, 2019),
(232, 'CHTV00181/2019', '2019-04-24 07:35:55', 1, 1, '', 3, 4, 0, '', 0, 0, 4, 2019),
(233, 'CHTV00182/2019', '2019-04-24 13:51:57', 2, 1, '', 3, 2, 1, '', 1, 0, 4, 2019),
(234, 'CHTV00183/2019', '2019-04-24 13:55:11', 2, 1, '', 3, 2, 0, '', 0, 0, 4, 2019),
(235, 'CHTV00184/2019', '2019-04-24 14:28:18', 0, 1, '', 3, 0, 0, 'TATY', 1, 0, 4, 2019),
(236, 'CHTV00191/2019', '2019-04-24 15:17:08', 13, 0, '', 3, 0, 0, '', 0, 0, 4, 2019),
(237, 'CHTV00192/2019', '2019-04-25 14:10:36', 43, 1, '', 3, 0, 0, '', 1, 0, 4, 2019),
(238, 'CHTV00193/2019', '2019-04-25 15:37:00', 48, 1, '', 3, 0, 0, '', 1, 0, 4, 2019),
(239, 'CHTV00194/2019', '2019-04-26 14:29:40', 2, 1, '', 3, 2, 0, '', 0, 0, 4, 2019),
(240, 'CHTV00195/2019', '2019-04-29 09:38:04', 1, 1, '', 3, 4, 0, '', 0, 0, 4, 2019),
(241, 'CHTV00196/2019', '2019-04-29 15:29:14', 25, 1, '', 3, 0, 0, '', 1, 0, 4, 2019),
(242, 'CHTV00197/2019', '2019-04-29 15:44:35', 52, 1, '', 3, 0, 0, '', 1, 0, 4, 2019),
(243, 'CHTV00198/2019', '2019-04-29 16:01:10', 15, 1, '', 3, 0, 0, '', 0, 0, 4, 2019),
(244, 'CHTV00199/2019', '2019-04-30 11:15:31', 22, 0, '', 3, 0, 0, '', 0, 0, 4, 2019),
(245, 'CHTV00200/2019', '2019-04-30 11:21:03', 22, 1, '', 3, 0, 0, '', 0, 0, 4, 2019),
(246, 'CHTV00201/2019', '2019-04-30 11:25:26', 22, 1, '', 3, 0, 0, '', 0, 0, 4, 2019),
(247, 'CHTV00202/2019', '2019-05-02 08:56:28', 3, 1, '', 3, 4, 0, '', 0, 0, 5, 2019),
(248, 'CHTV00203/2019', '2019-05-02 14:42:27', 19, 1, '', 3, 0, 0, '', 1, 0, 5, 2019),
(249, 'CHTV00204/2019', '2019-05-03 09:52:49', 1, 1, '', 3, 4, 0, '', 0, 0, 5, 2019),
(250, 'CHTV00205/2019', '2019-05-06 10:06:09', 2, 1, '', 3, 2, 0, '', 0, 0, 5, 2019),
(251, 'CHTV00206/2019', '2019-05-06 10:33:50', 3, 1, '', 3, 2, 0, '', 0, 0, 5, 2019),
(252, 'CHTV00207/2019', '2019-05-06 11:11:28', 19, 1, '', 3, 0, 0, '', 0, 0, 5, 2019),
(253, 'CHTV00208/2019', '2019-05-08 07:32:12', 2, 1, '', 3, 2, 0, '', 0, 0, 5, 2019),
(254, 'CHTV00209/2019', '2019-05-08 11:06:21', 53, 1, '', 3, 0, 0, '', 0, 0, 5, 2019),
(255, 'CHTV00210/2019', '2019-05-08 13:14:57', 54, 1, '', 3, 0, 0, '', 0, 0, 5, 2019),
(256, 'CHTV00211/2019', '2019-05-08 15:32:37', 41, 1, '', 3, 2, 0, '', 0, 0, 11, 2019),
(257, 'CHTV00212/2019', '2019-05-10 08:53:48', 55, 1, '', 3, 0, 0, '', 0, 0, 5, 2019),
(258, 'CHTV00213/2019', '2019-05-10 11:07:00', 10, 1, '', 3, 0, 0, '', 0, 0, 5, 2019),
(259, 'CHTV00214/2019', '2019-05-10 11:19:02', 56, 1, '', 3, 4, 0, '', 0, 0, 5, 2019),
(260, 'CHTV00215/2019', '2019-05-10 12:07:11', 10, 1, '', 3, 0, 0, '', 0, 0, 5, 2019),
(261, 'CHTV00216/2019', '2019-05-10 14:21:08', 58, 1, '', 3, 0, 0, 'PRINCE', 0, 0, 5, 2019),
(262, 'CHTV00222/2019', '2019-05-10 14:39:26', 10, 1, '', 3, 0, 0, '', 0, 0, 5, 2019),
(263, 'CHTV00223/2019', '2019-05-10 15:20:27', 57, 1, '', 3, 2, 0, '', 0, 0, 5, 2019),
(264, 'CHTV00225/2019', '2019-05-13 11:26:24', 10, 1, '', 3, 0, 0, '', 0, 0, 5, 2019),
(265, 'CHTV00226/2019', '2019-05-13 14:48:17', 3, 1, '', 3, 2, 0, '', 0, 0, 5, 2019),
(266, 'CHTV00227/2019', '2019-05-13 16:16:34', 59, 1, '', 3, 2, 0, '', 0, 0, 5, 2019),
(267, 'CHTV00228/2019', '2019-05-13 16:31:11', 60, 1, '', 3, 0, 0, '', 0, 0, 5, 2019),
(268, 'CHTV00229/2019', '2019-05-14 07:11:06', 15, 1, '', 3, 0, 0, '', 0, 0, 5, 2019),
(269, 'CHTV00230/2019', '2019-05-15 08:20:17', 1, 1, '', 3, 0, 0, '', 0, 0, 5, 2019),
(270, 'CHTV00231/2019', '2019-05-15 08:28:36', 62, 1, '', 3, 0, 0, '', 0, 0, 5, 2019),
(271, 'CHTV00232/2019', '2019-05-15 11:16:35', 62, 1, '', 3, 0, 0, '', 0, 0, 5, 2019),
(272, 'CHTV00233/2019', '2019-05-15 11:22:32', 53, 1, '', 3, 0, 0, '', 0, 0, 5, 2019),
(273, 'CHTV00234/2019', '2019-05-15 14:42:28', 22, 1, '', 3, 0, 0, '', 0, 0, 9, 2019),
(274, 'CHTV00235/2019', '2019-05-16 15:45:09', 11, 1, '', 3, 0, 0, '', 0, 0, 5, 2019),
(275, 'CHTV00236/2019', '2019-05-17 11:10:02', 36, 0, '', 3, 0, 0, '', 0, 0, 5, 2019),
(276, 'CHTV00238/2019', '2019-05-23 09:40:03', 1, 1, '', 3, 4, 0, '', 0, 0, 5, 2019),
(277, 'CHTV00239/2019', '2019-05-29 12:29:47', 5, 1, '', 3, 4, 0, '', 0, 0, 5, 2019),
(278, 'CHTV00240/2019', '2019-05-29 14:12:50', 15, 1, '', 3, 0, 0, '', 0, 0, 5, 2019),
(279, 'CHTV00241/2019', '2019-05-30 09:10:55', 67, 1, '', 3, 1, 0, '', 0, 0, 8, 2019),
(280, 'CHTV00242/2019', '2019-05-30 12:32:23', 22, 1, '', 3, 0, 0, '', 0, 0, 9, 2019),
(281, 'CHTV00243/2019', '2019-05-31 09:33:20', 10, 1, '', 3, 0, 0, '', 0, 0, 5, 2019),
(282, 'CHTV00244/2019', '2019-05-31 09:33:25', 10, 1, '', 3, 0, 0, '', 0, 0, 5, 2019),
(283, 'CHTV00272/2019', '2019-05-31 12:22:34', 34, 1, '', 3, 0, 0, '', 0, 0, 5, 2019),
(284, 'CHTV00273/2019', '2019-05-31 15:22:40', 68, 0, '', 3, 0, 0, '', 0, 0, 5, 2019),
(285, 'CHTV00274/2019', '2019-06-01 15:45:31', 15, 1, '', 3, 0, 0, '', 0, 0, 6, 2019),
(286, 'CHTV00276/2019', '2019-06-03 11:47:48', 69, 1, '', 3, 0, 0, '', 0, 0, 6, 2019),
(287, 'CHTV00277/2019', '2019-10-04 08:27:53', 2, 1, '', 3, 2, 0, '', 0, 0, 10, 2019),
(288, 'CHTV00278/2019', '2019-06-04 08:05:48', 70, 1, '', 3, 0, 0, '', 0, 0, 6, 2019),
(289, 'CHTV00279/2019', '2019-06-04 08:56:34', 3, 1, '', 3, 0, 0, '', 0, 0, 7, 2019),
(290, 'CHTV00280/2019', '2019-06-04 11:06:47', 69, 1, '', 3, 0, 0, '', 0, 0, 6, 2019),
(291, 'CHTV00281/2019', '2019-06-04 13:04:58', 60, 1, '', 3, 0, 0, '', 0, 0, 7, 2019),
(292, 'CHTV00282/2019', '2019-06-04 15:47:43', 19, 1, '', 3, 1, 0, '', 0, 0, 6, 2019),
(293, 'CHTV00283/2019', '2019-06-05 15:27:30', 3, 1, '', 3, 0, 0, '', 0, 0, 7, 2019),
(294, 'CHTV00284/2019', '2019-06-05 15:59:47', 2, 0, '', 3, 2, 0, '', 0, 0, 8, 2019),
(295, 'CHTV00285/2019', '2019-06-13 13:06:34', 1, 1, '', 3, 4, 0, '', 0, 0, 6, 2019),
(296, 'CHTV00286/2019', '2019-06-13 13:12:29', 1, 1, '', 3, 4, 0, '', 0, 0, 6, 2019),
(297, 'CHTV00287/2019', '2019-06-14 13:14:03', 11, 1, '', 3, 0, 0, '', 0, 0, 7, 2019),
(298, 'CHTV00288/2019', '2019-06-28 08:50:02', 1, 1, '', 3, 4, 0, '', 0, 0, 6, 2019),
(299, 'CHTV00289/2019', '2019-06-28 08:59:08', 2, 1, '', 3, 2, 0, '', 0, 0, 6, 2019),
(300, 'CHTV00290/2019', '2019-06-28 13:11:26', 22, 1, '', 3, 0, 0, '', 0, 0, 6, 2019),
(301, 'CHTV00291/2019', '2019-06-29 13:09:54', 15, 1, '', 3, 0, 0, '', 0, 0, 6, 2019),
(302, 'CHTV00292/2019', '2019-07-20 12:54:25', 71, 1, '', 3, 0, 0, '', 0, 0, 7, 2019),
(303, 'CHTV00293/2019', '2019-07-01 15:26:20', 2, 1, '', 3, 2, 0, '', 0, 0, 7, 2019),
(304, 'CHTV00294/2019', '2019-07-02 14:20:28', 54, 1, '', 3, 0, 0, '', 0, 0, 7, 2019),
(305, 'CHTV00295/2019', '2019-10-04 08:23:59', 54, 1, '', 3, 0, 0, '', 0, 0, 10, 2019),
(306, 'CHTV00296/2019', '2019-07-03 10:21:41', 2, 1, '', 3, 2, 0, '', 0, 0, 7, 2019),
(307, 'CHTV00297/2019', '2019-07-04 10:54:49', 6, 1, '', 3, 7, 50, '', 0, 0, 9, 2019),
(308, 'CHTV00298/2019', '2019-07-05 11:58:01', 41, 1, '', 3, 2, 0, '', 0, 0, 7, 2019),
(309, 'CHTV00299/2019', '2019-07-10 11:16:52', 54, 0, '', 3, 0, 0, '', 0, 0, 7, 2019),
(310, 'CHTV00300/2019', '2019-07-11 12:23:41', 1, 1, '', 3, 4, 0, '', 0, 0, 7, 2019),
(311, 'CHTV00301/2019', '2019-07-12 13:40:57', 41, 1, '', 3, 2, 0, '', 0, 0, 7, 2019),
(312, 'CHTV00302/2019', '2019-07-19 16:29:34', 26, 1, '', 3, 2, 0, '', 0, 0, 7, 2019),
(313, 'CHTV00303/2019', '2019-07-18 14:15:43', 1, 1, '', 3, 0, 0, '', 0, 0, 7, 2019),
(314, 'CHTV00304/2019', '2019-07-20 10:37:46', 72, 1, '', 3, 0, 0, '', 0, 0, 7, 2019),
(315, 'CHTV00305/2019', '2019-07-22 10:09:08', 2, 1, '', 3, 2, 0, '', 0, 0, 7, 2019),
(316, 'CHTV00306/2019', '2019-07-22 11:48:31', 5, 1, '', 3, 2, 0, '', 0, 0, 7, 2019),
(317, 'CHTV00307/2019', '2019-07-26 11:22:00', 1, 0, '', 3, 0, 0, '', 0, 0, 11, 2019),
(318, 'CHTV00308/2019', '2019-07-26 12:34:10', 25, 1, '', 3, 0, 0, '', 0, 0, 7, 2019),
(319, 'CHTV00309/2019', '2019-07-27 08:45:41', 19, 1, '', 3, 1, 0, '', 0, 0, 7, 2019),
(320, 'CHTV00310/2019', '2019-07-27 14:27:15', 73, 1, '', 3, 0, 0, '', 0, 0, 7, 2019),
(321, 'CHTV00311/2019', '2019-07-27 14:33:44', 71, 1, '', 3, 0, 0, '', 0, 0, 7, 2019),
(322, 'CHTV00312/2019', '2019-07-27 17:15:07', 62, 1, '', 3, 0, 0, '', 0, 0, 7, 2019),
(323, 'CHTV00313/2019', '2019-07-29 11:22:00', 73, 1, '', 3, 0, 0, '', 0, 0, 7, 2019),
(324, 'CHTV00314/2019', '2019-07-31 12:28:36', 25, 1, '', 3, 0, 0, '', 0, 0, 7, 2019),
(325, 'CHTV00315/2019', '2019-08-01 08:24:02', 2, 1, '', 3, 2, 0, '', 0, 0, 8, 2019),
(326, 'CHTV00316/2019', '2019-08-01 14:38:37', 71, 1, '', 3, 0, 0, '', 0, 0, 8, 2019),
(327, 'CHTV00317/2019', '2019-08-02 11:00:18', 74, 1, '', 3, 1, 0, '', 0, 0, 8, 2019),
(328, 'CHTV00319/2019', '2019-08-03 10:16:13', 0, 1, '', 3, 0, 0, 'VIP JULIA', 0, 0, 8, 2019),
(329, 'CHTV00320/2019', '2019-08-03 10:44:00', 75, 1, '', 3, 0, 0, '', 0, 0, 8, 2019),
(330, 'CHTVF0019/2019', '2019-08-03 16:03:44', 76, 1, '', 3, 0, 0, '', 0, 1, 8, 2019),
(331, 'CHTVF0020/2019', '2019-08-03 16:04:33', 66, 1, '', 3, 0, 0, '', 0, 1, 8, 2019),
(332, 'CHTV00321/2019', '2019-08-03 16:27:41', 66, 1, '', 3, 0, 0, '', 0, 0, 8, 2019),
(333, 'CHTVF0021/2019', '2019-08-05 14:42:46', 0, 1, '', 3, 0, 0, '', 0, 1, 8, 2019),
(334, 'CHTVF0022/2019', '2019-08-05 14:44:47', 77, 1, '', 3, 0, 0, '', 0, 1, 8, 2019),
(335, 'CHTV00322/2019', '2019-08-06 11:44:11', 11, 1, '', 3, 0, 0, '', 0, 0, 8, 2019),
(336, 'CHTV00323/2019', '2019-08-06 14:28:13', 25, 1, '', 3, 0, 0, '', 0, 0, 8, 2019),
(337, 'CHTVF0023/2019', '2019-08-06 15:07:51', 78, 1, '', 3, 0, 0, '', 0, 1, 8, 2019),
(338, 'CHTV00324/2019', '2019-08-06 15:47:46', 25, 1, '', 3, 0, 0, '', 0, 0, 12, 2019),
(339, 'CHTVF0024/2019', '2019-08-08 11:04:26', 66, 1, '', 3, 0, 0, '', 0, 1, 8, 2019),
(340, 'CHTVF0025/2019', '2019-08-08 11:09:06', 79, 1, '', 3, 0, 0, '', 0, 1, 8, 2019),
(341, 'CHTVF0026/2019', '2019-08-08 11:59:53', 79, 1, '', 3, 0, 0, '', 0, 1, 8, 2019),
(342, 'CHTV00325/2019', '2019-08-08 12:01:59', 5, 1, '', 3, 0, 0, '', 0, 0, 8, 2019),
(343, 'CHTVF0027/2019', '2019-08-09 11:19:02', 80, 1, '', 3, 0, 0, '', 0, 1, 8, 2019),
(344, 'CHTV00326/2019', '2019-08-12 09:21:35', 2, 1, '', 3, 2, 0, '', 0, 0, 8, 2019),
(345, 'CHTV00327/2019', '2019-08-13 08:14:46', 14, 1, '', 3, 2, 0, '', 0, 0, 8, 2019),
(346, 'CHTV00328/2019', '2019-08-13 12:26:24', 71, 1, '', 3, 0, 1, '', 0, 0, 8, 2019),
(347, 'CHTVF0028/2019', '2019-08-13 15:22:08', 65, 1, '', 3, 0, 0, '', 0, 1, 8, 2019),
(348, 'CHTV00329/2019', '2019-08-13 15:54:32', 43, 1, '', 3, 0, 0, '', 0, 0, 8, 2019),
(349, 'CHTV00330/2019', '2019-08-14 14:21:29', 25, 1, '', 3, 1, 0, '', 0, 0, 8, 2019),
(350, 'CHTV00331/2019', '2019-08-14 14:29:02', 9, 1, '', 3, 1, 0, '', 0, 0, 8, 2019),
(351, 'CHTV00332/2019', '2019-08-16 07:53:20', 3, 1, '', 3, 2, 0, '', 0, 0, 8, 2019),
(352, 'CHTV00333/2019', '2019-08-16 15:43:44', 71, 1, '', 3, 0, 0, '', 0, 0, 8, 2019),
(353, 'CHTV00334/2019', '2019-08-20 09:27:13', 1, 1, '', 3, 4, 0, '', 0, 0, 8, 2019),
(354, 'CHTV00335/2019', '2019-08-20 13:37:20', 82, 1, '', 3, 0, 0, '', 0, 0, 8, 2019),
(355, 'CHTV00336/2019', '2019-08-20 14:24:08', 1, 1, '', 3, 4, 0, '', 0, 0, 8, 2019),
(356, 'CHTV00361/2019', '2019-08-21 09:50:18', 1, 1, '', 3, 0, 0, '', 0, 0, 8, 2019),
(357, 'CHTV00362/2019', '2019-08-22 11:48:24', 71, 1, '', 3, 0, 0, '', 0, 0, 8, 2019),
(358, 'CHTV00363/2019', '2019-10-04 08:21:48', 83, 1, '', 3, 0, 0, '', 0, 0, 10, 2019),
(359, 'CHTV00364/2019', '2019-08-26 08:31:41', 1, 1, '', 3, 4, 0, '', 0, 0, 8, 2019),
(360, 'CHTV00365/2019', '2019-08-26 10:32:51', 2, 1, '', 3, 2, 0, '', 0, 0, 8, 2019),
(361, 'CHTVF0029/2019', '2019-08-27 11:39:56', 66, 1, '', 3, 0, 0, '', 0, 1, 8, 2019),
(362, 'CHTV00366/2019', '2019-08-27 13:21:29', 84, 1, '', 3, 0, 0, '', 0, 0, 9, 2019),
(363, 'CHTVF0030/2019', '2019-08-27 15:12:55', 86, 1, '', 3, 0, 0, '', 0, 1, 8, 2019),
(364, 'CHTV00367/2019', '2019-08-28 07:37:42', 1, 1, '', 3, 4, 0, '', 0, 0, 8, 2019),
(365, 'CHTV00368/2019', '2019-08-28 16:17:04', 10, 1, '', 3, 0, 0, '', 0, 0, 8, 2019),
(366, 'CHTV00370/2019', '2019-08-29 10:47:49', 87, 1, '', 3, 0, 0, '', 0, 0, 9, 2019),
(367, 'CHTV00371/2019', '2019-08-29 13:04:58', 88, 1, '', 3, 0, 0, '', 0, 0, 8, 2019),
(369, 'CHTVF0032/2019', '2019-08-30 08:24:34', 81, 1, '', 3, 0, 0, '', 0, 1, 8, 2019),
(370, 'CHTV00372/2019', '2019-09-02 12:14:54', 89, 1, '', 3, 0, 0, '', 0, 0, 9, 2019),
(371, 'CHTV00373/2019', '2019-09-02 12:32:55', 10, 1, '', 3, 0, 0, '', 0, 0, 9, 2019),
(372, 'CHTV00374/2019', '2019-09-02 15:33:51', 26, 1, '', 3, 2, 0, '', 0, 0, 9, 2019),
(373, 'CHTV00375/2019', '2019-09-03 12:26:51', 14, 1, '', 3, 2, 0, '', 0, 0, 9, 2019),
(374, 'CHTV00376/2019', '2019-09-03 12:32:21', 71, 1, '', 3, 0, 0, '', 0, 0, 9, 2019),
(375, 'CHTV00377/2019', '2019-09-03 15:45:55', 1, 1, '', 3, 0, 0, '', 0, 0, 9, 2019),
(376, 'CHTV00379/2019', '2019-09-03 15:52:20', 90, 1, '', 3, 0, 0, '', 0, 0, 9, 2019),
(377, 'CHTV00380/2019', '2019-09-04 08:55:39', 71, 1, '', 3, 0, 0, '', 0, 0, 9, 2019),
(378, 'CHTV00381/2019', '2019-09-04 09:29:11', 0, 1, '', 3, 0, 0, '', 0, 0, 9, 2019),
(379, 'CHTV00382/2019', '2019-09-04 14:59:20', 71, 1, '', 3, 0, 0, '', 0, 0, 9, 2019),
(380, 'CHTV00383/2019', '2019-10-04 08:20:04', 91, 1, '', 3, 2, 0, '', 0, 0, 10, 2019),
(381, 'CHTV00393/2019', '2019-09-06 11:31:02', 1, 1, '', 3, 4, 0, '', 0, 0, 9, 2019),
(382, 'CHTV00394/2019', '2019-09-06 17:16:16', 25, 1, '', 3, 0, 0, '', 0, 0, 10, 2019),
(383, 'CHTVF0033/2019', '2019-09-07 10:22:29', 65, 1, '', 3, 0, 0, '', 0, 1, 9, 2019),
(384, 'CHTV00395/2019', '2019-09-09 16:24:03', 10, 0, '', 3, 0, 0, '', 0, 0, 9, 2019),
(385, 'CHTV00396/2019', '2019-09-09 15:01:07', 49, 1, '', 3, 0, 0, '', 0, 0, 9, 2019),
(386, 'CHTV00397/2019', '2019-09-10 08:32:19', 92, 1, '', 3, 0, 0, '', 0, 0, 9, 2019),
(387, 'CHTV00398/2019', '2019-09-10 09:24:58', 2, 1, '', 3, 0, 0, '', 0, 0, 9, 2019),
(388, 'CHTV00399/2019', '2019-09-10 10:52:59', 93, 0, '', 3, 0, 0, '', 0, 0, 9, 2019),
(389, 'CHTV00400/2019', '2019-09-10 11:22:48', 10, 1, '', 3, 0, 0, '', 0, 0, 9, 2019),
(390, 'CHTVF0034/2019', '2019-09-10 11:26:13', 66, 1, '', 3, 0, 0, '', 0, 1, 9, 2019),
(391, 'CHTV00402/2019', '2019-09-10 12:12:42', 94, 0, '', 3, 0, 0, '', 0, 0, 9, 2019),
(392, 'CHTV00403/2019', '2019-09-11 07:34:03', 1, 1, '', 3, 4, 0, '', 0, 0, 9, 2019),
(393, 'CHTV00404/2019', '2019-09-11 15:53:21', 71, 1, '', 3, 0, 0, '', 0, 0, 9, 2019),
(395, 'CHTV00406/2019', '2019-09-13 07:28:38', 25, 0, '', 3, 0, 0, '', 0, 0, 9, 2019),
(396, 'CHTV00407/2019', '2019-09-13 11:25:04', 1, 1, '', 3, 4, 0, '', 0, 0, 9, 2019),
(397, 'CHTV00408/2019', '2019-09-13 11:28:40', 1, 1, '', 3, 4, 0, '', 0, 0, 10, 2019),
(398, 'CHTV00409/2019', '2019-09-13 14:57:01', 71, 1, '', 3, 0, 0, '', 0, 0, 9, 2019),
(399, 'CHTV00410/2019', '2019-09-13 16:36:12', 71, 1, '', 3, 0, 0, '', 0, 0, 2, 2020),
(400, 'CHTVF0035/2019', '2019-09-13 16:37:47', 66, 1, '', 3, 0, 0, '', 0, 1, 9, 2019),
(401, 'CHTV00411/2019', '2019-09-14 09:11:44', 10, 1, '', 3, 0, 0, '', 0, 0, 9, 2019),
(402, 'CHTV00414/2019', '2019-09-14 09:13:31', 96, 1, '', 3, 0, 0, '', 0, 0, 9, 2019),
(403, 'CHTV00415/2019', '2019-09-14 12:15:47', 25, 1, '', 3, 0, 0, '', 0, 0, 9, 2019),
(404, 'CHTV00416/2019', '2019-09-16 08:55:20', 15, 1, '', 3, 0, 0, '', 0, 0, 9, 2019),
(405, 'CHTV00417/2019', '2019-09-16 09:10:24', 2, 1, '', 3, 2, 0, '', 0, 0, 9, 2019),
(406, 'CHTVF0036/2019', '2019-09-18 08:49:10', 97, 1, '', 3, 0, 0, '', 0, 1, 9, 2019),
(407, 'CHTV00418/2019', '2019-09-19 11:04:13', 9, 1, '', 3, 0, 0, '', 0, 0, 9, 2019),
(408, 'CHTV00419/2019', '2019-09-19 15:15:13', 61, 1, '', 3, 0, 0, '', 0, 0, 9, 2019),
(409, 'CHTV00420/2019', '2019-09-20 07:37:42', 1, 1, '', 3, 4, 0, '', 0, 0, 9, 2019),
(410, 'CHTVF0037/2019', '2019-09-20 07:43:45', 66, 1, '', 3, 0, 0, '', 0, 1, 9, 2019),
(411, 'CHTV00421/2019', '2019-09-20 08:07:03', 98, 1, '', 3, 0, 0, '', 0, 0, 9, 2019),
(412, 'CHTV00422/2019', '2019-09-20 16:13:43', 14, 1, '', 3, 0, 0, '', 0, 0, 9, 2019),
(413, 'CHTV00423/2019', '2019-09-23 11:42:56', 1, 1, '', 3, 4, 0, '', 0, 0, 9, 2019),
(414, 'CHTV00424/2019', '2019-09-23 11:42:44', 1, 1, '', 3, 4, 0, '', 0, 0, 9, 2019),
(415, 'CHTV00425/2019', '2019-09-23 11:28:42', 26, 1, '', 3, 2, 0, '', 0, 0, 9, 2019),
(416, 'CHTV00426/2019', '2019-09-23 11:51:48', 60, 1, '', 3, 0, 0, '', 0, 0, 9, 2019),
(417, 'CHTV00427/2019', '2019-09-24 15:59:43', 2, 1, '', 3, 2, 0, '', 0, 0, 9, 2019),
(418, 'CHTV00428/2019', '2019-09-24 16:00:49', 41, 1, '', 3, 0, 0, '', 0, 0, 9, 2019),
(419, 'CHTV00429/2019', '2019-09-28 09:50:13', 99, 1, '', 3, 0, 0, '', 0, 0, 9, 2019),
(420, 'CHTV00430/2019', '2019-09-28 09:49:15', 2, 1, '', 3, 2, 0, '', 0, 0, 9, 2019),
(421, 'CHTV00431/2019', '2019-09-26 09:02:48', 1, 1, '', 3, 4, 0, '', 0, 0, 9, 2019),
(422, 'CHTV00432/2019', '2019-09-26 12:01:43', 71, 1, '', 3, 0, 0, '', 0, 0, 9, 2019),
(423, 'CHTV00433/2019', '2019-09-26 12:19:24', 14, 1, '', 3, 0, 0, '', 0, 0, 9, 2019),
(424, 'CHTV00434/2019', '2019-09-28 08:41:10', 71, 1, '', 3, 0, 0, '', 0, 0, 9, 2019),
(425, 'CHTV00435/2019', '2019-11-20 13:47:46', 100, 1, '', 3, 0, 0, '', 0, 0, 11, 2019),
(426, 'CHTV00436/2019', '2019-10-02 07:41:34', 2, 1, '', 3, 2, 0, '', 0, 0, 10, 2019),
(427, 'CHTV00437/2019', '2019-09-30 15:57:20', 101, 1, '', 3, 0, 0, '', 0, 0, 9, 2019),
(428, 'CHTV00438/2019', '2019-10-02 07:59:24', 26, 1, '', 3, 2, 10, '', 0, 0, 10, 2019),
(429, 'CHTV00439/2019', '2019-10-02 08:01:24', 26, 0, '', 3, 2, 10, '', 0, 0, 10, 2019),
(430, 'CHTV00443/2019', '2019-10-17 09:29:10', 103, 1, '', 3, 0, 0, '', 0, 0, 10, 2019),
(431, 'CHTV00444/2019', '2019-10-16 14:27:41', 90, 1, '', 3, 0, 0, '', 0, 0, 10, 2019),
(432, 'CHTV00445/2019', '2019-10-10 07:25:21', 0, 1, '', 3, 0, 0, '', 0, 0, 10, 2019),
(433, 'CHTV00446/2019', '2019-10-11 13:54:09', 103, 1, '', 3, 0, 0, '', 0, 0, 10, 2019),
(434, 'CHTV00447/2019', '2019-10-10 07:33:03', 103, 0, '', 3, 0, 0, '', 0, 0, 10, 2019),
(435, 'CHTV00448/2019', '2019-10-11 13:58:25', 103, 1, '', 3, 0, 0, '', 0, 0, 10, 2019),
(436, 'CHTV00449/2019', '2019-10-10 07:43:41', 60, 1, '', 3, 0, 0, '', 0, 0, 10, 2019),
(437, 'CHTV00450/2019', '2019-10-11 09:43:49', 1, 1, '', 3, 4, 0, '', 0, 0, 10, 2019),
(438, 'CHTV00451/2019', '2019-10-12 11:07:54', 1, 1, '', 3, 4, 0, '', 0, 0, 10, 2019),
(439, 'CHTV00452/2019', '2019-10-12 16:40:01', 15, 1, '', 3, 0, 0, '', 0, 0, 10, 2019),
(440, 'CHTV00454/2019', '2019-10-19 15:17:36', 15, 1, '', 3, 0, 0, '', 0, 0, 10, 2019),
(441, 'CHTV00455/2019', '2019-10-19 15:18:14', 15, 1, '', 3, 0, 0, '', 0, 0, 10, 2019),
(442, 'CHTV00456/2019', '2019-10-19 15:18:52', 15, 1, '', 3, 0, 0, '', 0, 0, 10, 2019),
(443, 'CHTV00457/2019', '2019-10-19 15:17:13', 15, 1, '', 3, 0, 0, '', 0, 0, 10, 2019),
(444, 'CHTV00458/2019', '2019-10-19 15:10:28', 15, 1, '', 3, 0, 0, '', 0, 0, 10, 2019),
(445, 'CHTV00459/2019', '2019-10-19 15:08:34', 15, 1, '', 3, 0, 0, '', 0, 0, 10, 2019),
(446, 'CHTV00461/2019', '2019-10-21 12:15:11', 104, 0, '', 3, 0, 0, '', 0, 0, 10, 2019),
(447, 'CHTV00462/2019', '2019-10-22 13:16:03', 1, 1, '', 3, 0, 0, '', 0, 0, 10, 2019),
(448, 'CHTV00463/2019', '2019-10-21 13:27:33', 71, 1, '', 3, 0, 0, '', 0, 0, 10, 2019),
(449, 'CHTV00464/2019', '2019-10-22 13:17:35', 99, 1, '', 3, 0, 0, '', 0, 0, 10, 2019),
(450, 'CHTV00465/2019', '2019-10-22 13:18:07', 99, 1, '', 3, 0, 0, '', 0, 0, 10, 2019),
(451, 'CHTV00466/2019', '2019-10-22 13:17:49', 99, 1, '', 3, 0, 0, '', 0, 0, 10, 2019),
(452, 'CHTV00467/2019', '2019-10-22 13:14:09', 99, 1, '', 3, 0, 0, '', 0, 0, 10, 2019),
(453, 'CHTV00468/2019', '2019-10-22 11:38:26', 105, 1, '', 3, 0, 0, '', 0, 0, 10, 2019),
(454, 'CHTVF0038/2019', '2019-10-22 13:15:45', 63, 1, '', 3, 0, 0, '', 0, 1, 10, 2019),
(455, 'CHTV00469/2019', '2019-10-23 12:13:31', 107, 1, '', 3, 2, 0, '', 0, 0, 10, 2019),
(456, 'CHTV00470/2019', '2019-10-24 15:33:43', 108, 0, '', 3, 0, 0, '', 0, 0, 10, 2019),
(457, 'CHTV00471/2019', '2019-10-26 09:43:21', 104, 1, '', 3, 0, 0, '', 0, 0, 10, 2019),
(458, 'CHTV00472/2019', '2019-10-25 08:26:06', 60, 1, '', 3, 1, 0, '', 0, 0, 11, 2019),
(459, 'CHTV00473/2019', '2019-10-26 09:44:18', 15, 1, '', 3, 0, 0, '', 0, 0, 10, 2019),
(460, 'CHTV00474/2019', '2019-10-26 15:52:45', 110, 1, '', 3, 0, 0, '', 0, 0, 11, 2019),
(461, 'CHTVF0039/2019', '2019-10-26 15:50:47', 109, 1, '', 3, 0, 0, '', 0, 1, 10, 2019),
(462, 'CHTV00475/2019', '2019-10-29 10:34:36', 111, 1, '', 3, 0, 0, '', 0, 0, 10, 2019),
(463, 'CHTV00476/2019', '2019-10-29 10:36:04', 1, 1, '', 3, 4, 0, '', 0, 0, 10, 2019),
(464, 'CHTV00477/2019', '2019-10-30 11:43:37', 26, 1, '', 3, 2, 0, '', 0, 0, 11, 2019),
(465, 'CHTV00478/2019', '2019-10-30 12:18:10', 0, 1, '', 3, 0, 0, 'ACHIL', 0, 0, 10, 2019),
(466, 'CHTV00479/2019', '2019-11-06 09:34:58', 26, 1, '', 3, 2, 0, '', 0, 0, 11, 2019),
(467, 'CHTV00480/2019', '2019-11-02 09:18:42', 26, 1, '', 3, 2, 0, '', 0, 0, 11, 2019),
(468, 'CHTV00481/2019', '2019-11-06 09:45:26', 41, 1, '', 3, 2, 0, '', 0, 0, 11, 2019),
(469, 'CHTV00482/2019', '2019-11-06 09:44:48', 41, 1, '', 3, 2, 0, '', 0, 0, 11, 2019),
(470, 'CHTV00483/2019', '2019-11-06 09:38:18', 41, 1, '', 3, 2, 0, '', 0, 0, 11, 2019),
(471, 'CHTV00484/2019', '2019-11-06 09:40:20', 41, 1, '', 3, 2, 0, '', 0, 0, 11, 2019),
(472, 'CHTV00485/2019', '2019-11-06 09:36:45', 41, 1, '', 3, 2, 0, '', 0, 0, 11, 2019),
(473, 'CHTV00486/2019', '2019-11-04 15:17:10', 15, 1, '', 3, 0, 0, '', 0, 0, 11, 2019),
(474, 'CHTVF0040/2019', '2019-11-06 08:57:53', 97, 1, '', 3, 0, 0, '', 0, 1, 11, 2019),
(475, 'CHTV00487/2019', '2019-11-06 09:30:46', 43, 1, '', 3, 0, 0, '', 0, 0, 11, 2019),
(476, 'CHTV00488/2019', '2019-11-07 10:23:29', 2, 1, '', 3, 2, 0, '', 0, 0, 11, 2019),
(477, 'CHTV00489/2019', '2019-11-11 14:27:44', 60, 1, '', 3, 0, 0, '', 0, 0, 11, 2019),
(478, 'CHTV00492/2019', '2019-11-11 15:10:05', 62, 1, '', 3, 0, 0, '', 0, 0, 11, 2019),
(479, 'CHTV00493/2019', '2019-11-11 15:30:23', 6, 1, '', 3, 0, 0, '', 0, 0, 11, 2019),
(480, 'CHTV00494/2019', '2019-11-12 14:49:14', 15, 1, '', 3, 0, 0, '', 0, 0, 11, 2019),
(481, 'CHTV00496/2019', '2019-11-14 16:52:45', 2, 1, '', 3, 2, 0, '', 0, 0, 11, 2019),
(482, 'CHTV00497/2019', '2019-11-14 08:21:41', 2, 1, '', 3, 2, 0, '', 0, 0, 11, 2019),
(483, 'CHTVF0041/2019', '2019-11-14 16:36:21', 97, 1, '', 3, 0, 0, '', 0, 1, 11, 2019),
(484, 'CHTVF0042/2019', '2019-11-14 16:41:04', 112, 1, '', 3, 0, 0, '', 0, 1, 11, 2019),
(485, 'CHTV00498/2019', '2019-11-14 17:03:20', 99, 0, '', 3, 0, 0, '', 0, 0, 11, 2019),
(486, 'CHTV00499/2019', '2019-11-15 08:10:29', 2, 1, '', 3, 2, 0, '', 0, 0, 11, 2019),
(487, 'CHTV00500/2019', '2019-11-15 08:10:16', 2, 1, '', 3, 2, 0, '', 0, 0, 11, 2019),
(488, 'CHTV00501/2019', '2019-11-15 12:40:37', 35, 1, '', 3, 0, 0, '', 0, 0, 11, 2019),
(489, 'CHTV00502/2019', '2019-11-16 08:09:57', 5, 1, '', 3, 0, 0, '', 0, 0, 11, 2019),
(490, 'CHTV00503/2019', '2019-11-18 09:37:49', 2, 1, '', 3, 2, 0, '', 0, 0, 11, 2019),
(491, 'CHTV00504/2019', '2019-11-25 15:44:56', 1, 1, '', 3, 4, 0, '', 0, 0, 11, 2019),
(492, 'CHTV00505/2019', '2019-11-26 07:34:13', 107, 1, '', 3, 2, 0, '', 0, 0, 11, 2019),
(493, 'CHTV00506/2019', '2019-11-27 08:33:42', 15, 1, '', 3, 0, 0, '', 0, 0, 11, 2019),
(494, 'CHTV00507/2019', '2019-11-27 08:55:10', 10, 1, '', 3, 0, 0, '', 0, 0, 11, 2019),
(495, 'CHTV00510/2019', '2019-11-27 09:17:15', 5, 1, '', 3, 0, 0, '', 0, 0, 11, 2019),
(496, 'CHTVF0043/2019', '2019-11-27 18:09:00', 114, 1, '', 3, 0, 0, '', 0, 1, 11, 2019),
(497, 'CHTV00511/2019', '2019-11-27 18:13:40', 115, 1, '', 3, 4, 0, '', 0, 0, 11, 2019),
(498, 'CHTV00512/2019', '2019-11-28 08:42:43', 10, 1, '', 3, 0, 0, '', 0, 0, 11, 2019),
(499, 'CHTV00513/2019', '2019-11-28 09:36:01', 36, 1, '', 3, 0, 0, '', 0, 0, 11, 2019),
(500, 'CHTVF0044/2019', '2019-11-28 16:38:55', 71, 1, '', 3, 0, 0, '', 0, 1, 11, 2019),
(501, 'CHTV00514/2019', '2019-12-27 11:54:58', 2, 1, '', 3, 2, 0, '', 0, 0, 12, 2019),
(502, 'CHTV00515/2019', '2019-12-03 15:43:03', 116, 1, '', 3, 0, 0, '', 0, 0, 12, 2019),
(503, 'CHTV00516/2019', '2019-12-03 15:42:29', 11, 1, '', 3, 0, 0, '', 0, 0, 12, 2019),
(504, 'CHTV00518/2019', '2019-12-03 15:45:06', 10, 1, '', 3, 0, 0, '', 0, 0, 12, 2019),
(505, 'CHTV00521/2019', '2019-12-04 13:54:50', 0, 1, '', 3, 0, 0, 'CARLOS', 0, 0, 12, 2019),
(506, 'CHTV00522/2019', '2019-12-04 15:44:37', 117, 0, '', 3, 0, 0, '', 0, 0, 12, 2019),
(507, 'CHTV00523/2019', '2019-12-05 08:25:15', 2, 1, '', 3, 2, 0, '', 0, 0, 12, 2019),
(508, 'CHTVF0045/2019', '2019-12-06 17:06:12', 118, 1, '', 3, 0, 0, '', 0, 1, 12, 2019),
(509, 'CHTV00524/2019', '2019-12-06 17:38:21', 3, 1, '', 3, 0, 0, '', 0, 0, 12, 2019),
(510, 'CHTV00525/2019', '2019-12-07 16:34:04', 10, 1, '', 3, 0, 0, '', 0, 0, 12, 2019),
(511, 'CHTV00528/2019', '2019-12-09 15:09:31', 2, 1, '', 3, 2, 0, '', 0, 0, 12, 2019),
(512, 'CHTV00529/2019', '2019-12-09 15:45:02', 2, 0, '', 3, 2, 0, '', 0, 0, 12, 2019),
(513, 'CHTV00530/2019', '2019-12-09 15:45:03', 2, 0, '', 3, 2, 0, '', 0, 0, 12, 2019),
(514, 'CHTV00531/2019', '2019-12-10 08:23:27', 2, 1, '', 3, 2, 0, '', 0, 0, 12, 2019),
(515, 'CHTV00532/2019', '2019-12-13 14:03:19', 14, 1, '', 3, 0, 0, '', 0, 0, 12, 2019),
(516, 'CHTV00533/2019', '2019-12-10 15:27:17', 10, 0, '', 3, 0, 0, '', 0, 0, 12, 2019),
(517, 'CHTV00534/2019', '2019-12-12 10:55:45', 3, 1, '', 3, 2, 0, '', 0, 0, 12, 2019),
(518, 'CHTV00535/2019', '2019-12-13 13:48:38', 3, 1, '', 3, 2, 0, '', 0, 0, 12, 2019),
(519, 'CHTV00536/2019', '2019-12-16 08:20:25', 100, 1, '', 3, 0, 0, '', 0, 0, 12, 2019),
(520, 'CHTV00537/2019', '2019-12-16 09:24:22', 14, 1, '', 3, 0, 0, '', 0, 0, 12, 2019),
(521, 'CHTV00540/2019', '2019-12-17 09:59:47', 3, 1, '', 3, 2, 0, '', 0, 0, 12, 2019),
(522, 'CHTV00541/2019', '2019-12-17 09:31:56', 3, 1, '', 3, 2, 0, '', 0, 0, 12, 2019),
(523, 'CHTVF0046/2019', '2019-12-17 13:13:48', 119, 1, '', 3, 0, 0, '', 0, 1, 12, 2019),
(524, 'CHTVF0047/2019', '2019-12-17 13:13:49', 119, 1, '', 3, 0, 0, '', 0, 1, 12, 2019),
(525, 'CHTV00542/2019', '2019-12-20 13:52:29', 26, 1, '', 3, 2, 0, '', 0, 0, 12, 2019),
(526, 'CHTV00555/2019', '2019-12-26 12:45:15', 121, 1, '', 3, 0, 0, '', 0, 0, 3, 2020),
(527, 'CHTV00556/2019', '2019-12-26 14:11:37', 120, 1, '', 3, 0, 0, '', 0, 0, 12, 2019),
(528, 'CHTV00557/2019', '2019-12-26 12:53:51', 121, 1, '', 3, 0, 0, '', 0, 0, 12, 2019),
(529, 'CHTV00558/2019', '2019-12-21 08:40:18', 14, 1, '', 3, 0, 0, '', 0, 0, 12, 2019),
(530, 'CHTV00559/2019', '2019-12-23 09:56:27', 122, 1, '', 3, 0, 0, '', 0, 0, 12, 2019),
(531, 'CHTV00560/2019', '2019-12-23 12:42:20', 122, 1, '', 3, 0, 0, '', 0, 0, 12, 2019),
(532, 'CHTV00561/2019', '2019-12-23 09:45:24', 1, 1, '', 3, 4, 0, '', 0, 0, 12, 2019),
(533, 'CHTV00562/2019', '2019-12-23 12:56:03', 123, 1, '', 3, 2, 0, '', 0, 0, 12, 2019),
(534, 'CHTV00563/2019', '2019-12-23 15:40:10', 123, 1, '', 3, 2, 0, '', 0, 0, 12, 2019),
(535, 'CHTV00564/2019', '2019-12-24 08:20:38', 1, 1, '', 3, 4, 0, '', 0, 0, 12, 2019),
(536, 'CHTVF0048/2019', '2019-12-24 17:03:02', 65, 1, '', 3, 0, 0, '', 0, 1, 12, 2019),
(537, 'CHTV00565/2019', '2019-12-27 14:33:54', 1, 1, '', 3, 4, 20, '', 0, 0, 12, 2019),
(538, 'CHTV00571/2019', '2019-12-27 14:32:56', 2, 1, '', 3, 2, 0, '', 0, 0, 12, 2019),
(539, 'CHTVF0049/2019', '2019-12-28 08:12:48', 112, 1, '', 3, 0, 0, '', 0, 1, 12, 2019),
(540, 'CHTV00572/2019', '2019-12-30 15:47:01', 2, 1, '', 3, 2, 0, '', 0, 0, 12, 2019),
(541, 'CHTV001/2020', '2020-01-04 12:07:26', 96, 0, '', 3, 2, 0, '', 0, 0, 1, 2020),
(542, 'CHTV003/2020', '2020-01-06 16:59:39', 49, 1, '', 3, 0, 0, '', 0, 0, 1, 2020),
(543, 'CHTV004/2020', '2020-01-06 17:05:14', 49, 1, '', 3, 0, 0, '', 0, 0, 1, 2020),
(544, 'CHTV005/2020', '2020-01-06 17:03:24', 10, 1, '', 3, 0, 0, '', 0, 0, 1, 2020),
(545, 'CHTV006/2020', '2020-01-07 10:30:46', 1, 0, '', 3, 0, 0, '', 0, 0, 1, 2020),
(546, 'CHTV007/2020', '2020-01-07 10:32:46', 1, 0, '', 3, 0, 0, '', 0, 0, 1, 2020),
(547, 'CHTV008/2020', '2020-01-07 10:51:27', 15, 1, '', 3, 0, 50, '', 0, 0, 1, 2020),
(548, 'CHTV009/2020', '2020-01-07 15:37:08', 0, 1, '', 3, 0, 0, '', 0, 0, 1, 2020),
(549, 'CHTV0010/2020', '2020-02-11 07:41:15', 2, 1, '', 3, 2, 0, '', 0, 0, 2, 2020),
(550, 'CHTV0011/2020', '2020-02-11 09:56:24', 15, 1, '', 3, 0, 0, '', 0, 0, 2, 2020),
(551, 'CHTV0012/2020', '2020-02-11 10:00:42', 125, 1, '', 3, 0, 0, '', 0, 0, 2, 2020),
(552, 'CHTV0013/2020', '2020-02-19 12:36:20', 126, 1, '', 3, 0, 0, '', 0, 0, 2, 2020),
(553, 'CHTV0014/2020', '2020-02-14 17:05:26', 107, 1, '', 3, 0, 0, '', 0, 0, 2, 2020),
(554, 'CHTV0015/2020', '2020-02-19 07:40:59', 1, 1, '', 3, 4, 0, '', 0, 0, 2, 2020),
(555, 'CHTV0017/2020', '2020-02-19 14:39:18', 125, 1, '', 3, 0, 0, '', 0, 0, 2, 2020),
(556, 'CHTV0018/2020', '2020-02-19 14:40:34', 1, 1, '', 3, 4, 0, '', 0, 0, 2, 2020),
(557, 'CHTV0019/2020', '2020-02-20 07:27:15', 1, 1, '', 3, 4, 0, '', 0, 0, 2, 2020),
(558, 'CHTV0021/2020', '2020-02-20 11:29:30', 1, 1, '', 3, 4, 0, '', 0, 0, 2, 2020),
(559, 'CHTV0022/2020', '2020-02-21 13:39:59', 3, 1, '', 3, 0, 0, '', 0, 0, 2, 2020),
(560, 'CHTV0023/2020', '2020-02-20 15:46:39', 127, 1, '', 3, 0, 0, '', 0, 0, 2, 2020),
(561, 'CHTV0024/2020', '2020-02-24 08:06:50', 1, 1, '', 3, 0, 20, '', 0, 0, 2, 2020),
(562, 'CHTV0025/2020', '2020-02-20 17:35:26', 10, 1, '', 3, 0, 0, '', 0, 0, 2, 2020),
(563, 'CHTV0026/2020', '2020-02-21 14:17:52', 83, 0, '', 3, 0, 0, '', 0, 0, 2, 2020),
(564, 'CHTV0027/2020', '2020-02-25 15:42:14', 1, 1, '', 3, 4, 0, '', 0, 0, 2, 2020),
(565, 'CHTV0028/2020', '2020-02-25 15:42:37', 14, 1, '', 3, 0, 0, '', 0, 0, 3, 2020),
(566, 'CHTV0029/2020', '2020-02-26 07:54:36', 1, 1, '', 3, 4, 0, '', 0, 0, 2, 2020),
(567, 'CHTV0030/2020', '2020-02-25 15:45:14', 3, 1, '', 3, 2, 0, '', 0, 0, 3, 2020),
(568, 'CHTVF0050/2020', '2020-02-26 14:03:38', 106, 1, '', 3, 0, 0, '', 0, 1, 2, 2020),
(569, 'CHTV0031/2020', '2020-02-28 10:52:02', 5, 1, '', 3, 0, 0, '', 0, 0, 2, 2020),
(570, 'CHTV0032/2020', '2020-02-28 11:32:07', 85, 1, '', 3, 0, 0, '', 0, 0, 2, 2020),
(571, 'CHTV0035/2020', '2020-03-18 08:33:01', 1, 1, '', 3, 4, 0, '', 0, 0, 3, 2020),
(572, 'CHTV0036/2020', '2020-03-18 08:32:39', 10, 1, '', 3, 4, 20, '', 0, 0, 3, 2020),
(573, 'CHTV0037/2020', '2020-03-18 08:28:37', 1, 1, '', 3, 4, 20, '', 0, 0, 3, 2020),
(574, 'CHTV0038/2020', '2020-03-19 10:13:58', 1, 1, '', 3, 4, 0, '', 0, 0, 3, 2020),
(575, 'CHTV0039/2020', '2020-03-19 11:37:38', 2, 1, '', 3, 1, 0, '', 0, 0, 3, 2020),
(576, 'CHTV0040/2020', '2020-03-23 17:29:06', 2, 1, '', 3, 0, 0, '', 0, 0, 3, 2020),
(577, 'CHTV0041/2020', '2020-03-24 14:04:06', 128, 0, '', 3, 0, 0, '', 0, 0, 3, 2020),
(578, 'CHTV0042/2020', '2020-03-24 14:10:52', 14, 1, '', 3, 0, 0, '', 0, 0, 3, 2020),
(579, 'CHTV0043/2020', '2020-03-25 08:53:32', 26, 1, '', 3, 0, 0, '', 0, 0, 3, 2020),
(580, 'CHTV0044/2020', '2020-03-26 08:14:02', 107, 1, '', 3, 2, 0, '', 0, 0, 3, 2020);

-- --------------------------------------------------------

--
-- Structure de la table `l19ignes`
--

CREATE TABLE `l19ignes` (
  `id` int(11) NOT NULL,
  `article_id` int(11) NOT NULL,
  `facture_id` int(11) NOT NULL,
  `quantite` double NOT NULL,
  `statut` tinyint(1) NOT NULL,
  `pu` int(11) NOT NULL DEFAULT 0,
  `remise` int(11) NOT NULL
) ENGINE=InnoDB DEFAULT CHARSET=latin1;

--
-- Déchargement des données de la table `l19ignes`
--

INSERT INTO `l19ignes` (`id`, `article_id`, `facture_id`, `quantite`, `statut`, `pu`, `remise`) VALUES
(435, 241, 89, 1, 0, 45000, 0),
(436, 319, 90, 2, 0, 25000, 0),
(437, 318, 90, 1, 0, 35000, 0),
(438, 320, 90, 2, 0, 20000, 0),
(441, 54, 91, 10, 0, 150000, 0),
(455, 85, 92, 1, 0, 15000, 0),
(456, 87, 92, 1, 0, 25000, 0),
(457, 255, 92, 7, 0, 2000, 0),
(458, 58, 93, 1, 0, 14000, 0),
(459, 226, 93, 10, 0, 500, 0),
(460, 60, 94, 1, 0, 6000, 0),
(461, 87, 95, 10, 0, 35000, 0),
(462, 58, 96, 1, 0, 10000, 0),
(463, 324, 97, 1, 0, 500000, 0),
(464, 172, 98, 1, 0, 5000, 0),
(465, 218, 99, 1, 0, 5000, 0),
(468, 52, 100, 1, 0, 80000, 0),
(469, 214, 101, 2, 0, 5000, 0),
(482, 58, 102, 1, 0, 8000, 0),
(487, 173, 103, 1, 0, 7000, 0),
(488, 325, 103, 1, 0, 3000, 0),
(489, 171, 103, 2, 0, 7000, 0),
(490, 280, 105, 2, 0, 15000, 0),
(494, 58, 106, 2, 0, 8000, 0),
(495, 58, 104, 1, 0, 9000, 0),
(497, 58, 107, 2, 0, 9000, 0),
(499, 58, 109, 1, 0, 9000, 0),
(500, 78, 110, 1, 0, 30000, 0),
(501, 80, 110, 1, 0, 60000, 0),
(502, 179, 110, 4, 0, 5000, 0),
(503, 172, 111, 1, 0, 10000, 0),
(504, 58, 112, 2, 0, 9500, 0),
(507, 58, 114, 1, 0, 15000, 0),
(508, 58, 115, 1, 0, 15000, 0),
(509, 87, 113, 10, 0, 35000, 0),
(510, 58, 116, 1, 0, 9000, 0),
(512, 164, 118, 2, 0, 1500, 0),
(513, 103, 118, 1, 0, 15000, 0),
(514, 58, 117, 2, 0, 9000, 0),
(515, 168, 117, 1, 0, 5000, 0),
(525, 169, 119, 4, 0, 10000, 0),
(526, 190, 119, 1, 0, 4000, 0),
(527, 168, 119, 2, 0, 5000, 0),
(528, 179, 119, 4, 0, 250, 0),
(529, 103, 119, 1, 0, 13000, 0),
(530, 3, 108, 0, 0, 160000, 0),
(531, 58, 120, 1, 0, 8000, 0),
(534, 58, 122, 2, 0, 9000, 0),
(535, 168, 122, 1, 0, 5000, 0),
(536, 58, 123, 2, 0, 9000, 0),
(537, 168, 123, 1, 0, 5000, 0),
(547, 403, 124, 1, 0, 100000, 0),
(548, 2, 124, 1, 0, 120000, 0),
(549, 3, 124, 1, 0, 160000, 0),
(550, 4, 124, 1, 0, 225000, 0),
(551, 14, 124, 1, 0, 450000, 0),
(552, 45, 124, 1, 0, 140000, 0),
(553, 43, 124, 1, 0, 85000, 0),
(554, 42, 124, 1, 0, 75000, 0),
(555, 47, 124, 1, 0, 110000, 0),
(560, 124, 125, 2, 0, 97500, 0),
(561, 29, 126, 1, 0, 400000, 0),
(562, 124, 126, 1, 0, 30000, 0),
(563, 47, 127, 1, 0, 85000, 0),
(566, 168, 128, 1, 0, 5000, 0),
(567, 102, 129, 2, 0, 1000, 0),
(568, 226, 129, 2, 0, 1000, 0),
(569, 58, 129, 1, 0, 9000, 0),
(570, 160, 129, 1, 0, 500, 0),
(571, 168, 130, 1, 0, 5000, 0),
(583, 26, 121, 1, 0, 1200000, 0),
(584, 25, 121, 1, 0, 900000, 0),
(585, 58, 132, 1, 0, 8000, 0),
(586, 219, 133, 1, 0, 15000, 0),
(587, 59, 134, 3, 0, 12000, 0),
(595, 53, 135, 5, 0, 85000, 0),
(596, 52, 135, 5, 0, 110000, 0),
(597, 168, 136, 2, 0, 5000, 0),
(598, 58, 137, 1, 0, 10000, 0),
(605, 53, 138, 1, 0, 185000, 0),
(606, 51, 138, 1, 0, 150000, 0),
(607, 328, 138, 1, 0, 450000, 0),
(608, 318, 139, 1, 0, 15000, 0),
(609, 58, 140, 1, 0, 9000, 0),
(610, 179, 140, 15, 0, 200, 0),
(611, 194, 140, 1, 0, 3000, 0),
(614, 179, 141, 2, 0, 250, 0),
(619, 160, 143, 1, 0, 15000, 0),
(620, 330, 143, 5, 0, 7500, 0),
(621, 179, 143, 10, 0, 250, 0),
(622, 104, 143, 1, 0, 25000, 0),
(623, 165, 143, 2, 0, 2500, 0),
(624, 331, 143, 1, 0, 600000, 0),
(629, 51, 142, 1, 0, 125000, 0),
(630, 329, 142, 1, 0, 40000, 0),
(631, 254, 142, 8, 0, 2000, 0),
(632, 29, 142, 1, 0, 450000, 0),
(634, 332, 144, 3, 0, 20000, 0),
(636, 179, 145, 1, 0, 250, 0),
(637, 160, 145, 1, 0, 500, 0),
(638, 58, 145, 1, 0, 7000, 0),
(643, 403, 147, 1, 0, 100000, 0),
(644, 2, 147, 1, 0, 120000, 0),
(645, 2, 146, 0, 0, 120000, 0),
(647, 213, 148, 1, 0, 5000, 0),
(648, 285, 149, 1, 0, 1000, 0),
(649, 50, 150, 1, 0, 55000, 0),
(651, 3, 152, 1, 0, 120000, 0),
(653, 323, 153, 3, 0, 15000, 0),
(660, 58, 155, 3, 0, 8000, 0),
(661, 102, 155, 1, 0, 1000, 0),
(662, 168, 155, 1, 0, 2500, 0),
(664, 214, 151, 0, 0, 10000, 0),
(665, 6, 156, 1, 0, 140000, 0),
(668, 329, 157, 1, 0, 40000, 0),
(669, 17, 157, 1, 0, 900000, 0),
(670, 104, 87, 5, 0, 20000, 0),
(671, 60, 87, 2, 0, 10000, 0),
(672, 53, 87, 2, 0, 125000, 0),
(673, 323, 87, 4, 0, 70000, 0),
(674, 112, 87, 4, 0, 60000, 0),
(676, 68, 158, 1, 0, 75000, 0),
(678, 103, 159, 1, 0, 10000, 0),
(679, 179, 160, 2, 0, 250, 0),
(682, 51, 162, 2, 0, 100000, 0),
(683, 226, 163, 1, 0, 1000, 0),
(684, 58, 164, 1, 0, 10000, 0),
(691, 87, 165, 2, 0, 30000, 0),
(692, 85, 165, 2, 0, 25000, 0),
(693, 255, 165, 15, 0, 3000, 0),
(694, 281, 165, 1, 0, 6000, 0),
(695, 58, 166, 1, 0, 8000, 0),
(697, 50, 167, 1, 0, 75000, 0),
(699, 16, 88, 0, 0, 500000, 0),
(702, 44, 168, 1, 0, 70000, 0),
(703, 58, 169, 1, 0, 10000, 0),
(704, 3, 170, 1, 0, 140000, 0),
(705, 335, 171, 5, 0, 7000, 0),
(706, 190, 172, 1, 0, 10000, 0),
(707, 2, 173, 1, 0, 120000, 0),
(711, 403, 176, 14, 0, 100000, 1400000),
(713, 403, 177, 19, 0, 100000, 1900000),
(715, 318, 178, 1, 0, 20000, 0),
(718, 54, 179, 5, 0, 150000, 0),
(719, 42, 180, 1, 0, 45000, 45000),
(720, 215, 181, 1, 0, 5000, 5000),
(722, 215, 183, 2, 0, 7500, 15000),
(723, 168, 183, 1, 0, 5000, 5000),
(771, 50, 161, 1, 0, 50000, 0),
(773, 104, 185, 1, 0, 20000, 0),
(774, 285, 186, 5, 0, 1000, 5000),
(776, 219, 187, 1, 0, 9000, 0),
(777, 190, 188, 1, 0, 10000, 10000),
(778, 316, 189, 0, 0, 600000, 0),
(779, 333, 154, 0, 0, 68000, 0),
(780, 74, 154, 0, 0, 47000, 0),
(797, 403, 190, 0, 0, 100000, 0),
(814, 149, 192, 40, 0, 2250, 90000),
(815, 150, 192, 50, 0, 2500, 125000),
(816, 345, 192, 6, 0, 65000, 390000),
(817, 105, 192, 5, 0, 25000, 125000),
(834, 104, 191, 3, 0, 20000, 60000),
(835, 55, 191, 1, 0, 90000, 90000),
(836, 313, 191, 3, 0, 35000, 0),
(837, 190, 191, 3, 0, 15000, 0),
(838, 50, 191, 2, 0, 55000, 0),
(839, 53, 191, 2, 0, 95000, 0),
(840, 122, 191, 3, 0, 55000, 0),
(841, 133, 191, 3, 0, 55000, 0),
(849, 348, 193, 1, 0, 350000, 350000),
(850, 242, 193, 1, 0, 50000, 50000),
(851, 103, 193, 1, 0, 10000, 10000),
(852, 332, 193, 1, 0, 15000, 0),
(853, 180, 193, 1, 0, 5000, 0),
(854, 219, 174, 1, 0, 10000, 0),
(855, 4, 174, 1, 0, 170000, 0),
(856, 317, 194, 1, 0, 3000, 3000),
(857, 317, 195, 1, 0, 3000, 3000),
(859, 45, 197, 1, 0, 150000, 150000),
(860, 205, 198, 1, 0, 1000, 1000),
(861, 287, 199, 2, 0, 5000, 10000),
(862, 59, 199, 1, 0, 10000, 10000),
(863, 94, 199, 1, 0, 90000, 90000),
(867, 403, 200, 0, 0, 100000, 0),
(872, 403, 201, 0, 0, 100000, 0),
(891, 90, 202, 1, 0, 40000, 0),
(892, 255, 202, 7, 0, 2500, 0),
(893, 85, 202, 1, 0, 20000, 0),
(894, 287, 202, 1, 0, 7000, 0),
(896, 105, 204, 5, 0, 30000, 0),
(899, 168, 205, 5, 0, 5000, 0),
(904, 3, 207, 1, 0, 140000, 140000),
(905, 16, 207, 1, 0, 550000, 550000),
(911, 87, 209, 1, 0, 30000, 30000),
(912, 93, 209, 1, 0, 90000, 90000),
(915, 403, 211, 1, 0, 100000, 100000),
(916, 181, 212, 4, 0, 150000, 600000),
(918, 42, 213, 1, 0, 80000, 80000),
(923, 6, 215, 1, 0, 140000, 140000),
(924, 403, 216, 1, 0, 100000, 100000),
(925, 50, 217, 1, 0, 70000, 70000),
(926, 50, 218, 1, 0, 60000, 60000),
(927, 103, 219, 1, 0, 10000, 10000),
(928, 44, 220, 1, 0, 80000, 80000),
(929, 58, 220, 1, 0, 10000, 10000),
(930, 351, 221, 1, 0, 650000, 650000),
(931, 54, 221, 1, 0, 105000, 105000),
(932, 102, 221, 1, 0, 10000, 10000),
(933, 330, 221, 4, 0, 11000, 44000),
(935, 102, 222, 10, 0, 2000, 20000),
(936, 74, 222, 1, 0, 20000, 0),
(937, 6, 223, 1, 0, 140000, 140000),
(938, 403, 224, 1, 0, 100000, 100000),
(939, 284, 225, 4, 0, 250, 1000),
(940, 60, 225, 1, 0, 9000, 9000),
(941, 48, 226, 1, 0, 275000, 275000),
(942, 50, 227, 1, 0, 45000, 45000),
(943, 215, 228, 1, 0, 5000, 5000),
(944, 50, 229, 1, 0, 50000, 50000),
(945, 285, 230, 10, 0, 1000, 10000),
(946, 183, 231, 1, 0, 140000, 140000),
(947, 2, 232, 1, 0, 120000, 120000),
(949, 14, 233, 0, 0, 500000, 0),
(953, 14, 234, 1, 0, 500000, 0),
(954, 352, 235, 1, 0, 50000, 50000),
(966, 87, 236, 1, 0, 30000, 30000),
(967, 97, 236, 15, 0, 10000, 150000),
(968, 151, 236, 10, 0, 3500, 35000),
(969, 253, 236, 8, 0, 2000, 16000),
(970, 354, 236, 20, 0, 250, 0),
(971, 52, 236, 1, 0, 100000, 0),
(972, 160, 236, 1, 0, 10000, 0),
(973, 356, 236, 1, 0, 25000, 0),
(974, 355, 236, 1, 0, 20000, 0),
(978, 53, 237, 1, 0, 80000, 80000),
(982, 351, 238, 1, 0, 400000, 400000),
(983, 102, 238, 1, 0, 10000, 10000),
(984, 54, 238, 1, 0, 70000, 0),
(986, 6, 240, 1, 0, 140000, 140000),
(987, 321, 241, 1, 0, 800000, 800000),
(989, 15, 242, 1, 0, 600000, 600000),
(990, 168, 243, 2, 0, 5000, 10000),
(992, 151, 208, 6, 0, 2500, 15000),
(993, 332, 208, 3, 0, 15000, 45000),
(994, 239, 206, 1, 0, 15000, 0),
(995, 238, 206, 1, 0, 15000, 0),
(1000, 87, 210, 0, 0, 30000, 0),
(1001, 93, 210, 0, 0, 90000, 0),
(1018, 332, 247, 2, 0, 15000, 30000),
(1019, 191, 247, 2, 0, 15000, 30000),
(1020, 192, 248, 1, 0, 12000, 12000),
(1021, 6, 249, 1, 0, 140000, 140000),
(1022, 358, 250, 1, 0, 770000, 770000),
(1024, 242, 251, 1, 0, 50000, 0),
(1025, 103, 214, 1, 0, 15000, 15000),
(1026, 357, 214, 1, 0, 30000, 0),
(1027, 228, 214, 1, 0, 20000, 0),
(1028, 13, 214, 1, 0, 325000, 0),
(1029, 190, 252, 1, 0, 12000, 12000),
(1030, 318, 203, 1, 0, 15000, 15000),
(1031, 318, 203, 1, 0, 15000, 0),
(1032, 204, 203, 1, 0, 2000, 0),
(1033, 204, 203, 1, 0, 2000, 0),
(1034, 52, 253, 5, 0, 121000, 605000),
(1035, 55, 253, 2, 0, 88000, 176000),
(1037, 321, 246, 0, 0, 700000, 0),
(1047, 322, 131, 0, 0, 450000, 0),
(1048, 321, 131, 0, 0, 1850000, 0),
(1052, 8, 254, 1, 0, 270000, 0),
(1053, 2, 255, 1, 0, 110000, 0),
(1055, 85, 257, 3, 0, 15000, 0),
(1056, 113, 258, 1, 0, 30000, 30000),
(1060, 173, 260, 1, 0, 5000, 5000),
(1081, 170, 261, 1, 0, 15000, 0),
(1082, 334, 261, 1, 0, 1000, 0),
(1083, 179, 261, 2, 0, 250, 0),
(1084, 173, 262, 1, 0, 4000, 4000),
(1085, 179, 262, 2, 0, 250, 500),
(1086, 51, 263, 1, 0, 110000, 110000),
(1087, 179, 263, 5, 0, 250, 1250),
(1088, 60, 263, 1, 0, 10000, 10000),
(1089, 190, 263, 1, 0, 40000, 40000),
(1093, 321, 245, 1, 0, 700000, 700000),
(1094, 168, 264, 1, 0, 5000, 5000),
(1101, 53, 244, 1, 0, 125000, 125000),
(1102, 104, 244, 4, 0, 20000, 80000),
(1103, 121, 244, 1, 0, 75000, 75000),
(1104, 183, 244, 1, 0, 140000, 140000),
(1105, 340, 244, 2, 0, 35000, 70000),
(1106, 133, 244, 1, 0, 80000, 0),
(1107, 309, 244, 1, 0, 30000, 0),
(1108, 113, 265, 1, 0, 35000, 35000),
(1114, 50, 267, 5, 0, 40000, 200000),
(1115, 170, 268, 1, 0, 7000, 7000),
(1116, 168, 259, 5, 0, 4000, 20000),
(1117, 213, 259, 1, 0, 3500, 0),
(1118, 168, 259, 0.5, 0, 5000, 0),
(1119, 103, 259, 1, 0, 7500, 0),
(1121, 170, 270, 1, 0, 10000, 10000),
(1124, 249, 269, 1, 0, 35000, 0),
(1137, 168, 271, 1, 0, 0, 0),
(1139, 102, 266, 10, 0, 500, 0),
(1140, 332, 266, 4, 0, 9000, 0),
(1147, 267, 274, 1, 0, 4000, 4000),
(1148, 296, 274, 2, 0, 1000, 2000),
(1149, 362, 272, 1, 0, 2500, 2500),
(1150, 318, 272, 1, 0, 20000, 0),
(1151, 303, 272, 1, 0, 10000, 0),
(1152, 215, 275, 3, 0, 10000, 30000),
(1153, 218, 275, 3, 0, 15000, 45000),
(1154, 217, 275, 3, 0, 10000, 30000),
(1155, 297, 275, 1, 0, 25000, 25000),
(1156, 298, 275, 1, 0, 35000, 35000),
(1159, 2, 276, 1, 0, 120000, 0),
(1160, 47, 239, 0, 0, 90000, 0),
(1162, 170, 278, 1, 0, 10000, 10000),
(1184, 168, 281, 1, 0, 5000, 5000),
(1185, 215, 281, 1, 0, 5000, 0),
(1186, 190, 281, 1, 0, 10000, 0),
(1189, 105, 283, 1, 0, 25000, 25000),
(1190, 168, 282, 0, 0, 5000, 0),
(1191, 316, 284, 1, 0, 450000, 450000),
(1192, 242, 284, 1, 0, 60000, 60000),
(1195, 318, 277, 1, 0, 15000, 15000),
(1196, 318, 277, 1, 0, 15000, 0),
(1197, 204, 277, 2, 0, 1000, 0),
(1198, 321, 182, 0, 0, 900000, 0),
(1199, 168, 285, 2, 0, 4000, 8000),
(1202, 18, 286, 1, 0, 940000, 940000),
(1203, 51, 286, 1, 0, 60000, 60000),
(1208, 366, 288, 1, 0, 5000, 0),
(1224, 11, 292, 1, 0, 140000, 140000),
(1225, 106, 290, 1, 0, 30000, 30000),
(1226, 114, 290, 1, 0, 100000, 100000),
(1227, 183, 290, 1, 0, 80000, 0),
(1231, 310, 295, 1, 0, 1000000, 1000000),
(1232, 403, 296, 1, 0, 100000, 100000),
(1235, 403, 298, 1, 0, 100000, 100000),
(1240, 13, 299, 2, 0, 425000, 850000),
(1241, 149, 299, 4, 0, 3000, 12000),
(1242, 148, 299, 4, 0, 2500, 10000),
(1243, 134, 299, 2, 0, 50000, 100000),
(1245, 60, 300, 1, 0, 10000, 10000),
(1246, 367, 300, 1, 0, 40000, 0),
(1247, 169, 301, 1, 0, 10000, 10000),
(1248, 215, 301, 1, 0, 5000, 5000),
(1249, 225, 301, 1, 0, 3000, 3000),
(1250, 49, 302, 1, 0, 225000, 225000),
(1251, 102, 302, 3, 0, 1000, 3000),
(1252, 59, 302, 3, 0, 10000, 30000),
(1253, 179, 302, 4, 0, 250, 1000),
(1254, 290, 302, 2, 0, 100, 200),
(1255, 297, 302, 2, 0, 10000, 20000),
(1256, 168, 302, 1, 0, 5000, 5000),
(1257, 179, 302, 4, 0, 1000, 4000),
(1258, 232, 302, 3, 0, 2000, 6000),
(1259, 354, 302, 8, 0, 250, 2000),
(1260, 160, 302, 2, 0, 500, 1000),
(1261, 340, 184, 0, 0, 35000, 0),
(1262, 53, 184, 0, 0, 125000, 0),
(1263, 104, 184, 0, 0, 20000, 0),
(1264, 343, 184, 0, 0, 100000, 0),
(1265, 338, 184, 0, 0, 2500, 0),
(1266, 342, 184, 0, 0, 2500, 0),
(1267, 313, 184, 0, 0, 45000, 0),
(1268, 53, 303, 5, 0, 85000, 425000),
(1271, 2, 304, 0, 0, 170000, 0),
(1272, 43, 306, 1, 0, 80000, 80000),
(1275, 18, 307, 1, 0, 1000000, 1000000),
(1276, 238, 308, 8, 0, 15000, 120000),
(1286, 50, 309, 1, 0, 90000, 90000),
(1287, 52, 309, 1, 0, 175000, 175000),
(1288, 242, 310, 2, 0, 95000, 190000),
(1289, 104, 311, 1, 0, 15000, 15000),
(1291, 250, 313, 1, 0, 50000, 50000),
(1292, 2, 312, 3, 0, 165000, 495000),
(1293, 155, 314, 4, 0, 5000, 20000),
(1294, 368, 314, 1, 0, 100000, 100000),
(1296, 318, 316, 2, 0, 15000, 30000),
(1297, 204, 316, 1, 0, 2000, 2000),
(1298, 214, 316, 1, 0, 5000, 5000),
(1299, 308, 315, 3, 0, 15000, 0),
(1301, 113, 318, 3, 0, 30000, 90000),
(1302, 131, 319, 1, 0, 25000, 25000),
(1304, 308, 320, 4, 0, 7000, 0),
(1305, 168, 321, 2, 0, 5000, 10000),
(1306, 332, 322, 2, 0, 15000, 30000),
(1307, 308, 323, 5, 0, 7000, 35000),
(1308, 54, 324, 4, 0, 50000, 200000),
(1309, 349, 297, 0, 0, 60000, 0),
(1310, 41, 293, 0, 0, 2000000, 0),
(1311, 54, 291, 0, 0, 50000, 0),
(1312, 41, 289, 0, 0, 6500000, 0),
(1315, 90, 294, 14, 0, 40000, 560000),
(1316, 93, 294, 14, 0, 100000, 1400000),
(1319, 93, 325, 5, 0, 100000, 500000),
(1320, 87, 325, 2, 0, 35000, 0),
(1325, 94, 326, 1, 0, 100000, 100000),
(1326, 285, 326, 1, 0, 5000, 5000),
(1327, 179, 326, 8, 0, 250, 0),
(1328, 148, 326, 4, 0, 1000, 0),
(1338, 47, 329, 2, 0, 100000, 200000),
(1339, 45, 330, 1, 0, 40000, 0),
(1342, 325, 328, 1, 0, 3000, 3000),
(1343, 295, 328, 1, 0, 500, 0),
(1345, 53, 331, 1, 0, 40000, 0),
(1346, 104, 332, 2, 0, 15000, 30000),
(1347, 269, 333, 3, 0, 5000, 0),
(1348, 298, 334, 3, 0, 5000, 0),
(1349, 94, 327, 1, 0, 90000, 0),
(1350, 325, 335, 1, 0, 3000, 3000),
(1351, 179, 336, 25, 0, 200, 5000),
(1352, 15, 337, 1, 0, 150000, 0),
(1356, 53, 339, 1, 0, 40000, 0),
(1358, 52, 340, 1, 0, 30000, 0),
(1359, 52, 341, 1, 0, 30000, 0),
(1360, 58, 342, 1, 0, 5000, 5000),
(1363, 54, 343, 1, 0, 40000, 0),
(1364, 52, 344, 18, 0, 100000, 1800000),
(1367, 58, 346, 1, 0, 10000, 10000),
(1368, 87, 347, 3, 0, 10000, 0),
(1369, 50, 348, 1, 0, 50000, 50000),
(1371, 54, 349, 2, 0, 50000, 0),
(1381, 298, 351, 1, 0, 40000, 40000),
(1382, 373, 351, 2, 0, 500, 0),
(1387, 60, 352, 1, 0, 8000, 8000),
(1388, 151, 352, 2, 0, 1000, 2000),
(1389, 218, 352, 2, 0, 6000, 12000),
(1390, 354, 352, 4, 0, 250, 1000),
(1392, 403, 353, 1, 0, 100000, 100000),
(1393, 370, 350, 1, 0, 275000, 275000),
(1394, 330, 350, 4, 0, 8000, 0),
(1396, 54, 354, 1, 0, 100000, 0),
(1397, 3, 355, 1, 0, 140000, 140000),
(1399, 250, 356, 1, 0, 50000, 0),
(1400, 168, 279, 2, 0, 5000, 10000),
(1401, 179, 279, 1, 0, 250, 250),
(1402, 403, 279, 1, 0, 75000, 0),
(1403, 226, 357, 1, 0, 1000, 1000),
(1405, 44, 359, 6, 0, 100000, 600000),
(1408, 90, 360, 1, 0, 45000, 45000),
(1409, 93, 360, 1, 0, 110000, 110000),
(1410, 52, 361, 1, 0, 30000, 0),
(1412, 92, 363, 1, 0, 60000, 0),
(1414, 188, 364, 24, 0, 185000, 0),
(1417, 403, 365, 0, 0, 100000, 0),
(1418, 168, 366, 1, 0, 7000, 7000),
(1419, 50, 367, 5, 0, 57000, 285000),
(1422, 374, 369, 1, 0, 17408534, 0),
(1425, 42, 345, 1, 0, 75000, 75000),
(1426, 49, 345, 1, 0, 300000, 0),
(1431, 168, 371, 1, 0, 5000, 5000),
(1432, 15, 372, 1, 0, 650000, 650000),
(1435, 53, 373, 1, 0, 125000, 125000),
(1436, 49, 373, 1, 0, 400000, 400000),
(1437, 191, 374, 1, 0, 15000, 15000),
(1438, 161, 375, 1, 0, 50000, 50000),
(1443, 172, 376, 1, 0, 7000, 0),
(1444, 170, 377, 1, 0, 10000, 10000),
(1445, 163, 378, 3, 0, 1500, 4500),
(1446, 164, 378, 3, 0, 2000, 6000),
(1447, 74, 379, 1, 0, 17000, 17000),
(1450, 133, 280, 0, 0, 80000, 0),
(1451, 321, 273, 0, 0, 700000, 0),
(1454, 35, 370, 0, 0, 2200000, 0),
(1455, 54, 370, 0, 0, 175000, 0),
(1460, 50, 383, 1, 0, 25000, 0),
(1461, 52, 383, 1, 0, 30000, 0),
(1472, 365, 384, 1, 0, 3700000, 0),
(1473, 375, 384, 1, 0, 5500000, 0),
(1475, 183, 381, 5, 0, 120000, 600000),
(1480, 130, 385, 1, 0, 10000, 0),
(1488, 403, 386, 1, 0, 80000, 0),
(1489, 50, 386, 1, 0, 40000, 0),
(1492, 376, 388, 1, 0, 175000, 175000),
(1493, 167, 388, 4, 0, 2500, 0),
(1494, 325, 389, 1, 0, 4000, 4000),
(1495, 52, 390, 2, 0, 30000, 0),
(1503, 75, 391, 1, 0, 35000, 35000),
(1504, 76, 391, 1, 0, 45000, 45000),
(1505, 124, 391, 1, 0, 75000, 75000),
(1506, 298, 391, 1, 0, 35000, 35000),
(1507, 147, 391, 3, 0, 1500, 4500),
(1508, 149, 391, 3, 0, 2500, 7500),
(1509, 330, 391, 3, 0, 7500, 22500),
(1510, 380, 391, 2, 0, 2500, 0),
(1511, 381, 391, 2, 0, 5000, 0),
(1512, 74, 387, 1, 0, 20000, 0),
(1513, 6, 392, 1, 0, 140000, 140000),
(1515, 74, 362, 1, 0, 5000, 0),
(1516, 295, 393, 1, 0, 500, 500),
(1519, 71, 395, 2, 0, 175000, 350000),
(1522, 324, 398, 2, 0, 850000, 1700000),
(1524, 55, 400, 2, 0, 40000, 0),
(1525, 168, 401, 2, 0, 5000, 10000),
(1526, 50, 402, 1, 0, 40000, 40000),
(1529, 170, 403, 1, 0, 10000, 10000),
(1530, 173, 403, 1, 0, 5000, 5000),
(1531, 334, 403, 10, 0, 1000, 0),
(1532, 54, 404, 1, 0, 65000, 65000),
(1533, 150, 405, 6, 0, 3500, 21000),
(1534, 12, 396, 0, 0, 40000, 0),
(1535, 93, 406, 2, 0, 25000, 0),
(1536, 382, 407, 2, 0, 20000, 40000),
(1538, 117, 408, 1, 0, 430000, 430000),
(1542, 117, 394, 1, 0, 430000, 0),
(1543, 242, 409, 1, 0, 60000, 60000),
(1544, 55, 410, 4, 0, 40000, 0),
(1545, 52, 410, 8, 0, 30000, 0),
(1546, 183, 410, 2, 0, 25000, 0),
(1548, 192, 411, 2, 0, 15000, 0),
(1549, 119, 412, 1, 0, 60000, 60000),
(1550, 24, 413, 1, 0, 1400000, 1400000),
(1551, 6, 414, 1, 0, 140000, 140000),
(1552, 2, 415, 3, 0, 165000, 495000),
(1553, 50, 416, 2, 0, 40000, 80000),
(1555, 349, 417, 2, 0, 70000, 140000),
(1556, 183, 418, 4, 0, 80000, 320000),
(1568, 3, 420, 1, 0, 140000, 140000),
(1570, 403, 421, 1, 0, 100000, 100000),
(1571, 106, 422, 1, 0, 30000, 30000),
(1572, 226, 423, 10, 0, 1000, 10000),
(1576, 403, 419, 0, 0, 100000, 0),
(1577, 50, 424, 1, 0, 40000, 40000),
(1578, 19, 424, 1, 0, 800000, 0),
(1579, 168, 424, 2, 0, 5000, 0),
(1585, 47, 426, 1, 0, 100000, 100000),
(1586, 321, 427, 2, 0, 750000, 1500000),
(1587, 122, 427, 1, 0, 125000, 125000),
(1589, 31, 428, 1, 0, 1850000, 1850000),
(1591, 31, 429, 1, 0, 1850000, 1850000),
(1592, 321, 380, 0, 0, 1850000, 0),
(1594, 50, 358, 0, 0, 80000, 0),
(1595, 2, 305, 0, 0, 170000, 0),
(1596, 135, 287, 0, 0, 50000, 0),
(1597, 148, 287, 0, 0, 2500, 0),
(1598, 149, 287, 0, 0, 3000, 0),
(1599, 12, 397, 0, 0, 400000, 0),
(1604, 351, 430, 1, 0, 600000, 0),
(1605, 54, 430, 1, 0, 105000, 0),
(1606, 67, 430, 1, 0, 65000, 0),
(1607, 391, 431, 1, 0, 50000, 50000),
(1608, 28, 432, 1, 0, 680000, 680000),
(1609, 54, 432, 1, 0, 105000, 105000),
(1610, 103, 432, 1, 0, 15000, 15000),
(1614, 355, 434, 1, 0, 80000, 80000),
(1616, 190, 436, 20, 0, 8500, 170000),
(1617, 403, 437, 1, 0, 100000, 100000),
(1621, 28, 433, 0, 0, 680000, 0),
(1622, 103, 433, 0, 0, 15000, 0),
(1623, 54, 433, 0, 0, 105000, 0),
(1624, 392, 435, 1, 0, 55000, 0),
(1626, 403, 438, 1, 0, 100000, 100000),
(1627, 168, 439, 1, 0, 4000, 4000),
(1634, 168, 445, 1, 0, 2500, 2500),
(1635, 168, 444, 0, 0, 2500, 0),
(1638, 168, 443, 0, 0, 2500, 0),
(1639, 168, 440, 0, 0, 2500, 0),
(1640, 168, 441, 0, 0, 2500, 0),
(1641, 168, 442, 0, 0, 2500, 0),
(1642, 375, 446, 1, 0, 9500000, 9500000),
(1643, 98, 446, 10, 0, 10000, 100000),
(1644, 90, 446, 1, 0, 40000, 40000),
(1645, 257, 446, 5, 0, 4000, 20000),
(1646, 350, 446, 1, 0, 135000, 135000),
(1647, 152, 446, 4, 0, 3500, 14000),
(1648, 354, 446, 30, 0, 250, 7500),
(1649, 393, 447, 1, 0, 20000, 20000),
(1650, 168, 448, 1, 0, 5000, 5000),
(1657, 54, 452, 4, 0, 100000, 0),
(1659, 70, 453, 1, 0, 150000, 150000),
(1660, 54, 382, 1, 0, 50000, 50000),
(1661, 53, 382, 1, 0, 70000, 0),
(1662, 54, 454, 1, 0, 55000, 0),
(1663, 54, 449, 0, 0, 100000, 0),
(1664, 54, 450, 0, 0, 100000, 0),
(1668, 217, 455, 1, 0, 10000, 10000),
(1669, 218, 455, 1, 0, 10000, 10000),
(1670, 73, 455, 2, 0, 180000, 0),
(1671, 51, 456, 5, 0, 85000, 425000),
(1674, 168, 457, 1, 0, 5000, 0),
(1675, 50, 459, 1, 0, 40000, 40000),
(1676, 54, 451, 0, 0, 100000, 0),
(1678, 50, 461, 1, 0, 25000, 0),
(1688, 170, 462, 1, 0, 8000, 8000),
(1689, 334, 462, 1, 0, 1000, 0),
(1690, 354, 462, 1, 0, 250, 0),
(1691, 3, 463, 1, 0, 120000, 120000),
(1693, 113, 465, 1, 0, 30000, 30000),
(1697, 3, 467, 2, 0, 185000, 370000),
(1698, 4, 467, 1, 0, 265000, 0),
(1701, 4, 464, 0, 0, 225000, 0),
(1702, 396, 460, 0, 0, 400000, 0),
(1707, 49, 472, 1, 0, 275000, 275000),
(1708, 172, 473, 2, 0, 5000, 10000),
(1710, 50, 475, 1, 0, 40000, 40000),
(1711, 49, 470, 0, 0, 325000, 0),
(1713, 49, 469, 0, 0, 325000, 0),
(1714, 49, 468, 0, 0, 325000, 0),
(1715, 399, 474, 2, 0, 25000, 0),
(1716, 87, 476, 1, 0, 40000, 40000),
(1717, 93, 476, 1, 0, 120000, 120000),
(1718, 183, 256, 0, 0, 90000, 0),
(1719, 369, 317, 0, 0, 2650000, 0),
(1720, 50, 196, 0, 0, 90000, 0),
(1721, 50, 458, 0, 0, 40000, 0),
(1722, 50, 477, 1, 0, 40000, 40000),
(1735, 241, 479, 1, 0, 40000, 0),
(1739, 400, 478, 1, 0, 3000, 3000),
(1740, 168, 478, 1, 0, 5000, 0),
(1741, 354, 478, 8, 0, 250, 0),
(1742, 50, 480, 1, 0, 35000, 35000),
(1749, 147, 482, 20, 0, 2000, 40000),
(1750, 150, 482, 20, 0, 3000, 60000),
(1751, 152, 482, 20, 0, 3500, 70000),
(1752, 87, 482, 5, 0, 40000, 200000),
(1753, 93, 482, 4, 0, 120000, 480000),
(1754, 98, 482, 10, 0, 15000, 150000),
(1755, 399, 483, 1, 0, 50000, 0),
(1756, 92, 484, 1, 0, 60000, 0),
(1757, 98, 484, 10, 0, 8000, 0),
(1758, 147, 484, 20, 0, 800, 0),
(1759, 147, 481, 0, 0, 2000, 0),
(1760, 150, 481, 0, 0, 3000, 0),
(1761, 152, 481, 0, 0, 3500, 0),
(1762, 399, 481, 0, 0, 120000, 0),
(1763, 98, 481, 0, 0, 15000, 0),
(1772, 53, 485, 2, 0, 85000, 170000),
(1773, 60, 485, 5, 0, 10000, 50000),
(1774, 299, 485, 5, 0, 40000, 200000),
(1775, 402, 485, 15, 0, 10000, 0),
(1776, 401, 487, 2, 0, 35000, 70000),
(1832, 62, 488, 1, 0, 75000, 0),
(1833, 51, 488, 1, 0, 100000, 0),
(1834, 119, 488, 1, 0, 50000, 0),
(1835, 190, 488, 1, 0, 15000, 0),
(1836, 179, 488, 4, 0, 250, 0),
(1837, 104, 488, 2, 0, 15000, 0),
(1839, 43, 490, 1, 0, 85000, 85000),
(1840, 191, 425, 1, 0, 15000, 15000),
(1841, 403, 491, 1, 0, 80000, 80000),
(1842, 30, 492, 1, 0, 650000, 650000),
(1843, 50, 493, 1, 0, 40000, 40000),
(1844, 168, 494, 1, 0, 5000, 5000),
(1845, 226, 495, 1, 0, 1000, 1000),
(1846, 170, 495, 1, 0, 6000, 6000),
(1847, 168, 489, 3, 0, 5000, 0),
(1849, 404, 496, 3, 0, 400000, 0),
(1851, 404, 497, 2, 0, 800000, 1600000),
(1852, 228, 498, 1, 0, 40000, 40000),
(1855, 226, 499, 1, 0, 1000, 1000),
(1856, 183, 499, 1, 0, 90000, 0),
(1857, 60, 500, 14, 0, 2500, 0),
(1858, 3, 501, 1, 0, 140000, 140000),
(1859, 400, 502, 2, 0, 3000, 6000),
(1861, 168, 503, 3, 0, 5000, 0),
(1863, 318, 505, 1, 0, 15000, 15000),
(1866, 53, 338, 4, 0, 70000, 0),
(1867, 218, 506, 5, 0, 15000, 75000),
(1868, 406, 506, 5, 0, 16500, 82500),
(1869, 215, 507, 15, 0, 12000, 180000),
(1870, 90, 507, 2, 0, 45000, 90000),
(1871, 335, 504, 1, 0, 3500, 3500),
(1872, 168, 504, 1, 0, 5000, 0),
(1873, 52, 508, 2, 0, 30000, 0),
(1874, 133, 509, 1, 0, 60000, 60000),
(1875, 50, 510, 1, 0, 40000, 40000),
(1876, 104, 510, 1, 0, 10000, 10000),
(1877, 160, 510, 1, 0, 500, 500),
(1878, 179, 510, 2, 0, 250, 500),
(1879, 226, 510, 1, 0, 1000, 1000),
(1880, 407, 511, 2, 0, 750000, 1500000),
(1881, 31, 512, 1, 0, 1400000, 1400000),
(1882, 104, 512, 1, 0, 20000, 20000),
(1883, 140, 512, 1, 0, 35000, 35000),
(1884, 350, 512, 1, 0, 125000, 125000),
(1895, 150, 514, 10, 0, 3000, 30000),
(1896, 152, 514, 10, 0, 3500, 35000),
(1897, 93, 514, 2, 0, 120000, 0),
(1902, 327, 516, 28, 0, 4500, 126000),
(1903, 408, 516, 2, 0, 24000, 0),
(1904, 243, 517, 2, 0, 50000, 100000),
(1916, 134, 518, 1, 0, 40000, 40000),
(1917, 239, 518, 1, 0, 15000, 0),
(1918, 238, 518, 1, 0, 15000, 0),
(1920, 42, 515, 1, 0, 65000, 0),
(1921, 123, 519, 1, 0, 70000, 70000),
(1923, 239, 521, 2, 0, 15000, 30000),
(1924, 230, 521, 1, 0, 50000, 50000),
(1925, 243, 522, 1, 0, 20000, 20000),
(1927, 324, 524, 1, 0, 400000, 0),
(1928, 395, 525, 1, 0, 750000, 750000),
(1941, 242, 528, 1, 0, 75000, 75000),
(1942, 254, 529, 2, 0, 2000, 4000),
(1943, 255, 529, 1, 0, 2500, 2500),
(1944, 285, 529, 1, 0, 1000, 1000),
(1947, 130, 520, 4, 0, 10000, 0),
(1972, 6, 532, 1, 0, 140000, 140000),
(1982, 51, 530, 2, 0, 110000, 220000),
(1983, 154, 530, 2, 0, 5000, 10000),
(1984, 330, 530, 2, 0, 10000, 20000),
(1985, 190, 530, 1, 0, 35000, 0),
(1986, 77, 530, 1, 0, 20000, 0),
(1987, 105, 530, 1, 0, 25000, 0),
(1988, 287, 530, 2, 0, 5000, 0),
(1989, 409, 530, 1, 0, 70000, 0),
(1990, 50, 531, 0, 0, 80000, 0),
(1991, 168, 533, 2, 0, 5000, 10000),
(1992, 297, 533, 1, 0, 10000, 10000),
(1995, 58, 534, 0, 0, 10000, 0),
(1996, 9, 535, 3, 0, 100000, 300000),
(1997, 85, 536, 3, 0, 7500, 0),
(1998, 87, 536, 3, 0, 10000, 0),
(1999, 90, 536, 3, 0, 15000, 0),
(2009, 321, 527, 0, 0, 1400000, 0),
(2010, 313, 527, 0, 0, 45000, 0),
(2011, 104, 527, 0, 0, 20000, 0),
(2012, 218, 537, 10, 0, 16500, 165000),
(2013, 217, 537, 5, 0, 16500, 82500),
(2014, 216, 537, 5, 0, 16500, 82500),
(2015, 213, 537, 10, 0, 13500, 135000),
(2016, 212, 537, 10, 0, 13500, 135000),
(2017, 205, 537, 10, 0, 3500, 35000),
(2018, 204, 537, 10, 0, 3000, 30000),
(2019, 215, 537, 10, 0, 15000, 150000),
(2020, 2, 513, 0, 0, 120000, 0),
(2021, 410, 538, 100, 0, 2650, 265000),
(2022, 147, 538, 50, 0, 1500, 75000),
(2023, 152, 538, 50, 0, 3500, 175000),
(2024, 147, 539, 15, 0, 600, 0),
(2025, 152, 539, 31, 0, 2000, 0),
(2026, 324, 523, 0, 0, 400000, 0),
(2027, 87, 540, 2, 0, 40000, 80000),
(2101, 55, 399, 2, 0, 25000, 0),
(2136, 321, 526, 1, 0, 1400000, 1400000),
(2137, 313, 526, 2, 0, 45000, 90000),
(2138, 104, 526, 2, 0, 20000, 40000),
(2139, 58, 526, 1, 0, 125000, 0);

-- --------------------------------------------------------

--
-- Structure de la table `lignes`
--

CREATE TABLE `lignes` (
  `id` int(11) NOT NULL,
  `article_id` int(11) NOT NULL DEFAULT 0,
  `facture_id` int(11) NOT NULL DEFAULT 0,
  `quantite` double NOT NULL DEFAULT 0,
  `statut` tinyint(1) NOT NULL DEFAULT 0,
  `pu` int(11) NOT NULL DEFAULT 0,
  `remise` int(11) NOT NULL DEFAULT 0
) ENGINE=InnoDB DEFAULT CHARSET=latin1;

--
-- Déchargement des données de la table `lignes`
--

INSERT INTO `lignes` (`id`, `article_id`, `facture_id`, `quantite`, `statut`, `pu`, `remise`) VALUES
(2032, 294, 542, 20, 0, 3000, 60000),
(2033, 408, 542, 2, 0, 15000, 30000),
(2034, 402, 542, 1, 0, 5000, 5000),
(2040, 2, 543, 0, 0, 120000, 0),
(2041, 230, 544, 1, 0, 40000, 40000),
(2042, 168, 544, 1, 0, 5000, 5000),
(2043, 168, 544, 1, 0, 5000, 0),
(2044, 413, 545, 1, 0, 1800000, 1800000),
(2046, 248, 547, 4, 0, 10000, 40000),
(2048, 217, 548, 1, 0, 10000, 10000),
(2049, 308, 549, 4, 0, 40000, 160000),
(2050, 50, 550, 1, 0, 40000, 40000),
(2052, 232, 552, 2, 0, 70000, 140000),
(2053, 345, 552, 2, 0, 50000, 100000),
(2061, 104, 553, 1, 0, 35000, 0),
(2062, 130, 553, 1, 0, 10000, 0),
(2063, 34, 553, 1, 0, 1000000, 0),
(2064, 403, 554, 1, 0, 80000, 80000),
(2070, 9, 556, 1, 0, 100000, 100000),
(2071, 50, 551, 1, 0, 45000, 0),
(2072, 4, 557, 1, 0, 200000, 200000),
(2074, 55, 558, 6, 0, 80000, 480000),
(2075, 398, 559, 1, 0, 4000000, 4000000),
(2078, 349, 560, 1, 0, 60000, 0),
(2082, 218, 561, 20, 0, 16500, 330000),
(2083, 215, 561, 25, 0, 15000, 375000),
(2084, 220, 561, 10, 0, 3500, 0),
(2085, 249, 562, 3, 0, 50000, 150000),
(2098, 284, 563, 1, 0, 60000, 60000),
(2099, 42, 563, 2, 0, 75000, 0),
(2100, 242, 563, 1, 0, 170000, 0),
(2102, 55, 564, 3, 0, 80000, 240000),
(2124, 316, 566, 1, 0, 378600, 0),
(2132, 215, 568, 17, 0, 4000, 0),
(2133, 218, 568, 4, 0, 5000, 0),
(2134, 50, 569, 1, 0, 40000, 40000),
(2135, 72, 570, 1, 0, 110000, 110000),
(2140, 191, 567, 2, 0, 10000, 20000),
(2141, 332, 567, 1, 0, 9000, 9000),
(2142, 55, 567, 1, 0, 80000, 80000),
(2143, 154, 567, 2, 0, 3000, 6000),
(2144, 371, 567, 2, 0, 3500, 7000),
(2145, 415, 567, 1, 0, 300000, 0),
(2146, 52, 567, 2, 0, 100000, 0),
(2147, 125, 567, 1, 0, 175000, 0),
(2148, 238, 567, 1, 0, 15000, 0),
(2149, 239, 567, 1, 0, 15000, 0),
(2166, 219, 573, 10, 0, 16500, 165000),
(2167, 214, 573, 10, 0, 15000, 150000),
(2168, 205, 573, 10, 0, 3500, 35000),
(2169, 204, 573, 15, 0, 3000, 45000),
(2173, 55, 571, 3, 0, 80000, 0),
(2174, 54, 572, 1, 0, 55000, 0),
(2175, 53, 565, 1, 0, 125000, 125000),
(2176, 55, 565, 1, 0, 90000, 0),
(2186, 90, 575, 1, 0, 50000, 50000),
(2187, 87, 575, 15, 0, 45000, 675000),
(2188, 254, 575, 4, 0, 2000, 0),
(2189, 271, 575, 2, 0, 2000, 0),
(2190, 93, 575, 1, 0, 110000, 0),
(2191, 87, 576, 8, 0, 45000, 360000),
(2196, 72, 580, 3, 0, 175000, 525000),
(2197, 2, 580, 1, 0, 100000, 100000),
(2198, 6, 574, 1, 0, 140000, 140000),
(2199, 399, 582, 1, 0, 50000, 0),
(2200, 87, 582, 3, 0, 10000, 0),
(2205, 87, 583, 8, 0, 25000, 0),
(2207, 58, 585, 1, 0, 5000, 5000),
(2208, 248, 585, 2, 0, 6000, 12000),
(2209, 285, 585, 2, 0, 1000, 2000),
(2210, 50, 586, 1, 0, 50000, 50000),
(2211, 103, 586, 1, 0, 10000, 10000),
(2212, 53, 584, 3, 0, 100000, 300000),
(2213, 53, 587, 3, 0, 60000, 0),
(2214, 411, 578, 1, 0, 15000, 0),
(2215, 55, 578, 4, 0, 80000, 0),
(2216, 53, 578, 1, 0, 90000, 0),
(2217, 50, 578, 1, 0, 40000, 0),
(2218, 349, 578, 1, 0, 60000, 0),
(2219, 54, 588, 10, 0, 110000, 1100000),
(2221, 130, 555, 1, 0, 10000, 10000),
(2222, 191, 555, 1, 0, 10000, 10000),
(2223, 60, 555, 1, 0, 8000, 8000),
(2224, 119, 555, 1, 0, 25000, 25000),
(2225, 50, 555, 1, 0, 45000, 45000),
(2226, 287, 555, 2, 0, 8000, 0),
(2227, 50, 555, 1, 0, 45000, 0),
(2228, 29, 589, 1, 0, 550000, 550000),
(2229, 50, 590, 10, 0, 50000, 500000),
(2230, 52, 591, 5, 0, 25000, 0),
(2236, 6, 594, 1, 0, 140000, 140000),
(2237, 54, 595, 10, 0, 110000, 0),
(2240, 10, 596, 1, 0, 125000, 125000),
(2241, 183, 592, 2, 0, 90000, 0),
(2246, 151, 593, 4, 0, 2500, 10000),
(2247, 297, 593, 2, 0, 10000, 20000),
(2248, 97, 593, 2, 0, 10000, 20000),
(2249, 350, 593, 2, 0, 100000, 0),
(2250, 104, 597, 1, 0, 20000, 20000),
(2251, 318, 597, 1, 0, 20000, 20000),
(2252, 340, 597, 1, 0, 15000, 15000),
(2253, 216, 597, 1, 0, 10000, 10000),
(2254, 87, 598, 3, 0, 10000, 0),
(2255, 90, 598, 3, 0, 15000, 0),
(2256, 97, 598, 1, 0, 25000, 0),
(2257, 55, 599, 2, 0, 30000, 0),
(2258, 52, 599, 3, 0, 30000, 0),
(2259, 60, 600, 1, 0, 6000, 6000),
(2262, 254, 603, 10, 0, 2500, 25000),
(2263, 16, 604, 1, 0, 550000, 550000),
(2265, 254, 606, 21, 0, 2500, 52500),
(2266, 262, 606, 21, 0, 4000, 84000),
(2267, 150, 606, 4, 0, 3000, 12000),
(2268, 399, 606, 1, 0, 220000, 220000),
(2269, 93, 606, 1, 0, 110000, 110000),
(2273, 214, 608, 1, 0, 5000, 5000),
(2274, 399, 607, 1, 0, 120000, 0),
(2275, 254, 607, 16, 0, 1500, 0),
(2276, 375, 609, 1, 0, 6000000, 6000000),
(2277, 95, 610, 2, 0, 30000, 0),
(2278, 256, 611, 21, 0, 2000, 0),
(2279, 29, 612, 1, 0, 550000, 0),
(2301, 54, 614, 3, 0, 80000, 0),
(2302, 60, 615, 4, 0, 7000, 28000),
(2303, 54, 616, 3, 0, 80000, 0),
(2304, 414, 546, 1, 0, 450000, 0),
(2313, 210, 617, 5, 0, 10000, 50000),
(2314, 215, 617, 20, 0, 15000, 300000),
(2315, 222, 617, 10, 0, 3500, 0),
(2316, 206, 617, 10, 0, 4000, 0),
(2317, 50, 618, 0, 0, 47500, 0),
(2318, 87, 619, 10, 0, 45000, 450000),
(2319, 87, 620, 5, 0, 25000, 0),
(2320, 50, 613, 0, 0, 29000, 0),
(2321, 51, 613, 0, 0, 27000, 0),
(2322, 52, 613, 0, 0, 27000, 0),
(2323, 53, 613, 0, 0, 45000, 0),
(2324, 54, 613, 0, 0, 29500, 0),
(2325, 55, 613, 0, 0, 48000, 0),
(2326, 324, 613, 1, 0, 24991500, 0),
(2329, 342, 621, 10, 0, 2000, 20000),
(2330, 354, 621, 28, 0, 200, 0),
(2331, 308, 622, 2, 0, 15000, 30000),
(2332, 44, 622, 1, 0, 90000, 90000),
(2336, 416, 624, 1, 0, 110000, 110000),
(2337, 323, 624, 3, 0, 75000, 225000),
(2338, 42, 602, 0, 0, 65000, 0),
(2339, 43, 601, 0, 0, 85000, 0),
(2349, 323, 626, 3, 0, 58000, 0),
(2350, 416, 626, 1, 0, 110000, 0),
(2351, 317, 627, 1, 0, 3000, 3000),
(2352, 16, 605, 0, 0, 550000, 0),
(2357, 191, 630, 1, 0, 10000, 10000),
(2365, 51, 625, 2, 0, 52500, 0),
(2366, 54, 625, 1, 0, 50000, 0),
(2367, 50, 625, 1, 0, 45000, 0),
(2368, 60, 631, 1, 0, 6000, 6000),
(2369, 74, 631, 1, 0, 5000, 5000),
(2371, 190, 633, 1, 0, 10000, 10000),
(2375, 380, 634, 110, 0, 3000, 0),
(2377, 87, 636, 7, 0, 25000, 0),
(2379, 58, 635, 1, 0, 10000, 0),
(2380, 168, 635, 1, 0, 5000, 0),
(2383, 60, 638, 1, 0, 10000, 10000),
(2384, 104, 639, 10, 0, 26250, 262500),
(2385, 249, 639, 3, 0, 55000, 165000),
(2388, 54, 640, 0, 0, 130000, 0),
(2389, 308, 641, 5, 0, 15000, 75000),
(2390, 323, 642, 2, 0, 20000, 40000),
(2391, 55, 643, 2, 0, 85000, 170000),
(2392, 50, 644, 1, 0, 45000, 45000),
(2393, 42, 645, 1, 0, 90000, 90000),
(2394, 43, 645, 1, 0, 95000, 95000),
(2395, 226, 645, 2, 0, 1000, 2000),
(2397, 26, 628, 1, 0, 900000, 0),
(2407, 104, 648, 10, 0, 30000, 300000),
(2408, 50, 649, 1, 0, 45000, 45000),
(2410, 226, 651, 20, 0, 1000, 20000),
(2411, 354, 651, 10, 0, 250, 2500),
(2412, 154, 651, 10, 0, 4500, 45000),
(2413, 55, 652, 2, 0, 80000, 160000),
(2414, 2, 653, 1, 0, 100000, 100000),
(2415, 50, 650, 1, 0, 45000, 45000),
(2416, 168, 650, 1, 0, 5000, 0),
(2417, 113, 654, 1, 0, 50000, 50000),
(2418, 180, 654, 1, 0, 5000, 5000),
(2420, 124, 655, 1, 0, 28000, 28000),
(2421, 43, 655, 1, 0, 60000, 0),
(2426, 50, 656, 1, 0, 65000, 0),
(2427, 154, 656, 12, 0, 3000, 0),
(2428, 248, 657, 2, 0, 5000, 10000),
(2434, 51, 647, 5, 0, 70000, 350000),
(2435, 191, 647, 2, 0, 30000, 60000),
(2436, 105, 647, 3, 0, 30000, 90000),
(2437, 179, 647, 10, 0, 250, 0),
(2438, 60, 647, 1, 0, 10000, 0),
(2447, 50, 658, 1, 0, 50000, 50000),
(2448, 55, 658, 1, 0, 80000, 80000),
(2449, 51, 658, 1, 0, 70000, 70000),
(2450, 106, 658, 1, 0, 30000, 30000),
(2451, 60, 658, 1, 0, 10000, 0),
(2452, 78, 659, 1, 0, 25000, 25000),
(2453, 150, 659, 4, 0, 2000, 8000),
(2454, 153, 659, 2, 0, 3000, 6000),
(2464, 411, 661, 1, 0, 10000, 0),
(2465, 148, 661, 3, 0, 1000, 0),
(2466, 152, 661, 2, 0, 2000, 0),
(2468, 183, 662, 1, 0, 90000, 90000),
(2474, 60, 663, 1, 0, 8000, 0),
(2476, 417, 660, 10, 0, 7000, 0),
(2477, 170, 665, 1, 0, 5000, 5000),
(2478, 226, 665, 1, 0, 1000, 1000),
(2479, 334, 665, 1, 0, 1000, 1000),
(2481, 24, 646, 2, 0, 700000, 0),
(2496, 24, 666, 2, 0, 700000, 0),
(2531, 60, 670, 1, 0, 8000, 0),
(2532, 87, 670, 1, 0, 28000, 0),
(2533, 151, 670, 5, 0, 2000, 0),
(2534, 54, 670, 1, 0, 75000, 0),
(2535, 256, 670, 4, 0, 3000, 0),
(2542, 202, 671, 1, 0, 216000, 0),
(2545, 183, 672, 2, 0, 75000, 150000),
(2547, 45, 669, 1, 0, 140000, 140000),
(2548, 384, 669, 1, 0, 1500, 0),
(2549, 411, 669, 1, 0, 20000, 0),
(2550, 412, 669, 1, 0, 20000, 0),
(2551, 380, 669, 5, 0, 2500, 0),
(2552, 290, 673, 2, 0, 500, 0),
(2555, 325, 674, 1, 0, 5000, 0),
(2556, 318, 676, 1, 0, 15000, 15000),
(2558, 105, 677, 1, 0, 17000, 0),
(2560, 43, 679, 1, 0, 85000, 85000),
(2563, 92, 668, 1, 0, 80000, 80000),
(2564, 253, 668, 1, 0, 3000, 3000),
(2565, 255, 668, 1, 0, 3500, 3500),
(2566, 149, 668, 1, 0, 3000, 3000),
(2567, 87, 668, 1, 0, 35000, 0),
(2568, 402, 668, 1, 0, 10000, 0),
(2569, 417, 668, 1, 0, 7000, 0),
(2570, 113, 678, 1, 0, 25000, 0),
(2571, 42, 678, 1, 0, 60000, 0),
(2576, 46, 681, 1, 0, 275000, 275000),
(2577, 417, 681, 1, 0, 7000, 7000),
(2578, 226, 681, 20, 0, 1000, 20000),
(2579, 50, 681, 1, 0, 50000, 0),
(2580, 104, 681, 1, 0, 20000, 0),
(2583, 86, 682, 1, 0, 30000, 30000),
(2584, 90, 682, 1, 0, 35000, 0),
(2585, 50, 683, 5, 0, 45000, 225000),
(2606, 51, 684, 3, 0, 75000, 0),
(2607, 105, 684, 3, 0, 25000, 0),
(2608, 354, 684, 10, 0, 250, 0),
(2609, 190, 684, 1, 0, 10000, 0),
(2610, 141, 685, 1, 0, 20000, 20000),
(2611, 318, 686, 1, 0, 15000, 15000),
(2612, 2, 687, 1, 0, 100000, 100000),
(2613, 42, 688, 1, 0, 60000, 60000),
(2614, 50, 689, 5, 0, 45000, 225000),
(2622, 226, 690, 1, 0, 1000, 0),
(2623, 334, 690, 1, 0, 1000, 0),
(2624, 43, 690, 1, 0, 65000, 0),
(2626, 238, 692, 1, 0, 17500, 17500),
(2627, 239, 692, 1, 0, 17500, 17500),
(2628, 214, 693, 1, 0, 10000, 10000),
(2632, 228, 694, 2, 0, 25000, 50000),
(2633, 113, 694, 1, 0, 40000, 0),
(2634, 153, 694, 3, 0, 3000, 0),
(2638, 50, 695, 5, 0, 45000, 225000),
(2639, 141, 695, 2, 0, 20000, 40000),
(2640, 60, 695, 2, 0, 5000, 0),
(2641, 6, 691, 1, 0, 140000, 140000),
(2642, 186, 696, 1, 0, 120000, 120000),
(2666, 50, 697, 1, 0, 45000, 0),
(2667, 43, 697, 1, 0, 60000, 0),
(2668, 208, 699, 5, 0, 6000, 30000),
(2669, 218, 699, 10, 0, 16500, 165000),
(2670, 207, 699, 5, 0, 5000, 25000),
(2671, 217, 699, 5, 0, 16500, 82500),
(2672, 215, 699, 15, 0, 15000, 225000),
(2673, 213, 699, 10, 0, 13500, 135000),
(2674, 220, 699, 10, 0, 3500, 35000),
(2675, 204, 699, 10, 0, 3000, 30000),
(2676, 222, 699, 5, 0, 3500, 17500),
(2677, 6, 700, 2, 0, 140000, 280000),
(2678, 87, 701, 2, 0, 20000, 40000),
(2679, 92, 701, 4, 0, 50000, 200000),
(2680, 50, 702, 5, 0, 60000, 300000),
(2681, 161, 703, 1, 0, 50000, 50000),
(2682, 70, 704, 6, 0, 150000, 900000),
(2683, 321, 705, 4, 0, 330000, 0),
(2684, 40, 705, 1, 0, 700000, 0),
(2685, 35, 705, 1, 0, 350000, 0),
(2686, 416, 705, 5, 0, 20000, 0),
(2702, 28, 706, 2, 0, 125000, 0),
(2703, 29, 706, 2, 0, 130000, 0),
(2704, 23, 706, 2, 0, 130000, 0),
(2705, 32, 706, 1, 0, 310000, 0),
(2706, 27, 706, 1, 0, 370000, 0),
(2707, 16, 706, 2, 0, 100000, 0),
(2708, 419, 706, 2, 0, 350000, 0),
(2709, 351, 706, 2, 0, 125000, 0),
(2710, 24, 706, 2, 0, 135000, 0),
(2711, 383, 707, 1, 0, 10000, 10000),
(2712, 110, 708, 9, 0, 25000, 225000),
(2732, 420, 709, 1, 0, 600000, 600000),
(2733, 405, 709, 1, 0, 75000, 75000),
(2734, 130, 709, 1, 0, 20000, 20000),
(2735, 104, 709, 3, 0, 20000, 60000),
(2736, 87, 709, 1, 0, 35000, 35000),
(2737, 90, 709, 1, 0, 45000, 45000),
(2738, 119, 709, 1, 0, 60000, 0),
(2739, 29, 709, 1, 0, 650000, 0),
(2740, 51, 709, 1, 0, 150000, 0),
(2750, 50, 710, 20, 0, 60000, 0),
(2751, 68, 711, 1, 0, 55000, 0),
(2752, 44, 680, 1, 0, 90000, 0),
(2753, 214, 712, 1, 0, 5000, 5000),
(2755, 50, 714, 10, 0, 60000, 600000),
(2756, 50, 715, 1, 0, 60000, 60000),
(2757, 54, 715, 1, 0, 80000, 80000),
(2759, 15, 716, 1, 0, 450000, 450000),
(2760, 50, 716, 1, 0, 45000, 0),
(2762, 3, 713, 1, 0, 120000, 0),
(2766, 148, 717, 20, 0, 2500, 50000),
(2767, 149, 717, 20, 0, 3000, 60000),
(2768, 379, 717, 20, 0, 3000, 60000),
(2769, 93, 717, 1, 0, 110000, 0),
(2773, 124, 718, 1, 0, 30000, 30000),
(2774, 130, 718, 1, 0, 10000, 10000),
(2775, 74, 718, 1, 0, 15000, 15000),
(2778, 16, 541, 1, 0, 600000, 0),
(2779, 185, 675, 1, 0, 80000, 0),
(2780, 94, 675, 1, 0, 70000, 0),
(2781, 244, 675, 1, 0, 80000, 0),
(2782, 15, 719, 1, 0, 160000, 0),
(2783, 168, 720, 2, 0, 5000, 10000),
(2784, 216, 720, 1, 0, 7500, 7500),
(2787, 405, 721, 1, 0, 60000, 60000),
(2788, 63, 721, 1, 0, 90000, 90000),
(2789, 190, 721, 1, 0, 10000, 0),
(2791, 43, 722, 1, 0, 80000, 0),
(2792, 70, 723, 1, 0, 80000, 80000),
(2793, 6, 724, 1, 0, 140000, 140000),
(2794, 50, 725, 10, 0, 60000, 600000),
(2795, 63, 726, 1, 0, 100000, 100000),
(2796, 15, 727, 1, 0, 800000, 800000),
(2797, 54, 728, 7, 0, 150000, 1050000),
(2798, 201, 729, 1, 0, 225000, 225000),
(2799, 202, 730, 1, 0, 225000, 225000),
(2800, 249, 731, 2, 0, 50000, 100000),
(2801, 218, 732, 10, 0, 16500, 165000),
(2802, 213, 732, 10, 0, 13500, 135000),
(2803, 215, 732, 10, 0, 15000, 150000),
(2804, 222, 732, 10, 0, 3500, 35000),
(2805, 380, 733, 70, 0, 3000, 210000),
(2809, 50, 735, 4, 0, 45000, 180000),
(2810, 53, 735, 3, 0, 65000, 195000),
(2811, 54, 735, 3, 0, 65000, 195000),
(2812, 90, 736, 2, 0, 52500, 105000),
(2814, 66, 629, 1, 0, 125000, 0),
(2815, 60, 629, 2, 0, 7500, 0),
(2832, 23, 667, 1, 0, 225000, 0),
(2834, 195, 738, 1, 0, 160000, 0),
(2835, 3, 737, 1, 0, 120000, 0),
(2839, 403, 739, 1, 0, 80000, 0),
(2840, 93, 740, 4, 0, 120000, 480000),
(2841, 15, 577, 1, 0, 450000, 0),
(2845, 87, 741, 1, 0, 30000, 30000),
(2846, 153, 741, 7, 0, 3500, 24500),
(2847, 92, 741, 2, 0, 50000, 0),
(2849, 50, 742, 1, 0, 45000, 0),
(2851, 421, 744, 2, 0, 550000, 1100000),
(2859, 113, 698, 1, 0, 60000, 60000),
(2860, 133, 698, 1, 0, 50000, 50000),
(2861, 417, 698, 1, 0, 5000, 5000),
(2862, 104, 698, 3, 0, 20000, 60000),
(2863, 53, 698, 1, 0, 90000, 90000),
(2864, 131, 698, 1, 0, 25000, 25000),
(2865, 183, 698, 1, 0, 75000, 0),
(2869, 195, 746, 1, 0, 160000, 160000),
(2870, 248, 747, 50, 0, 8000, 400000),
(2871, 55, 748, 2, 0, 90000, 180000),
(2872, 279, 748, 2, 0, 5000, 10000),
(2873, 226, 748, 3, 0, 1000, 3000),
(2874, 130, 749, 2, 0, 8000, 16000),
(2875, 191, 749, 1, 0, 10000, 10000),
(2882, 50, 743, 10, 0, 60000, 0),
(2883, 70, 751, 1, 0, 80000, 80000),
(2884, 191, 751, 1, 0, 10000, 10000),
(2885, 55, 752, 1, 0, 50000, 0),
(2892, 422, 753, 4, 0, 20000, 80000),
(2893, 104, 753, 2, 0, 15000, 30000),
(2894, 427, 753, 2, 0, 20000, 0),
(2899, 242, 754, 2, 0, 50000, 100000),
(2910, 149, 750, 50, 0, 2000, 0),
(2911, 150, 750, 50, 0, 2500, 0),
(2912, 201, 750, 1, 0, 10000, 0),
(2913, 167, 750, 4, 0, 2500, 0),
(2919, 135, 755, 1, 0, 30000, 0),
(2920, 279, 755, 6, 0, 5000, 0),
(2921, 228, 755, 2, 0, 45000, 0),
(2922, 51, 755, 5, 0, 60000, 0),
(2923, 133, 755, 2, 0, 45000, 0),
(2924, 428, 757, 1, 0, 980000, 980000),
(2928, 73, 759, 1, 0, 150000, 150000),
(2929, 51, 760, 1, 0, 60000, 60000),
(2932, 47, 745, 1, 0, 95000, 95000),
(2933, 55, 762, 3, 0, 80000, 240000),
(2936, 195, 765, 2, 0, 160000, 320000),
(2939, 43, 766, 2, 0, 70000, 140000),
(2940, 44, 766, 1, 0, 80000, 80000),
(2942, 67, 764, 1, 0, 50000, 0),
(2943, 215, 767, 15, 0, 15000, 225000),
(2944, 224, 767, 3, 0, 35000, 105000),
(2945, 204, 767, 10, 0, 3000, 30000),
(2946, 220, 767, 5, 0, 3500, 17500),
(2947, 223, 767, 5, 0, 10000, 50000),
(2948, 216, 767, 3, 0, 16500, 49500),
(2949, 222, 767, 5, 0, 3500, 17500),
(2950, 232, 768, 2, 0, 45000, 90000),
(2951, 228, 768, 2, 0, 30000, 60000),
(2952, 432, 768, 2, 0, 1500, 3000),
(2953, 435, 768, 2, 0, 3500, 7000),
(2954, 166, 768, 2, 0, 2000, 4000),
(2957, 23, 771, 1, 0, 700000, 0),
(2960, 54, 756, 1, 0, 60000, 0),
(2961, 191, 772, 1, 0, 12000, 12000),
(2962, 104, 772, 1, 0, 15000, 15000),
(2963, 349, 772, 1, 0, 45000, 45000),
(2964, 60, 772, 1, 0, 8000, 8000),
(2965, 130, 772, 1, 0, 10000, 10000),
(2966, 50, 773, 10, 0, 60000, 600000),
(2971, 2, 775, 1, 0, 100000, 100000),
(2972, 403, 776, 1, 0, 80000, 80000),
(2974, 43, 778, 1, 0, 70000, 70000),
(2975, 318, 778, 2, 0, 20000, 40000),
(2976, 204, 778, 2, 0, 2000, 4000),
(2977, 50, 664, 1, 0, 42000, 0),
(2978, 55, 779, 3, 0, 80000, 240000),
(2985, 23, 770, 1, 0, 700000, 700000),
(2986, 60, 770, 2, 0, 8000, 0),
(2989, 51, 769, 1, 0, 60000, 0),
(2990, 216, 777, 1, 0, 3500, 0),
(2991, 201, 782, 1, 0, 225000, 225000),
(2992, 51, 782, 1, 0, 60000, 60000),
(2993, 316, 783, 1, 0, 175000, 175000),
(2994, 242, 758, 2, 0, 161000, 322000),
(2995, 284, 758, 1, 0, 57000, 57000),
(2996, 367, 758, 1, 0, 47000, 47000),
(2998, 10, 781, 1, 0, 120000, 0),
(2999, 218, 784, 10, 0, 16500, 165000),
(3000, 215, 784, 20, 0, 15000, 300000),
(3002, 47, 785, 1, 0, 80000, 0),
(3003, 10, 786, 1, 0, 120000, 120000),
(3004, 93, 787, 3, 0, 110000, 330000),
(3037, 94, 734, 4, 0, 100000, 0),
(3038, 52, 734, 1, 0, 100000, 0),
(3039, 287, 734, 1, 0, 7000, 0),
(3040, 60, 734, 2, 0, 80000, 0),
(3041, 160, 734, 1, 0, 6500, 0),
(3042, 226, 734, 7, 0, 1000, 0),
(3043, 70, 734, 1, 0, 125000, 0),
(3044, 210, 734, 1, 0, 8000, 0),
(3045, 408, 734, 3, 0, 10000, 0),
(3046, 216, 734, 1, 0, 5000, 0),
(3047, 107, 734, 1, 0, 40000, 0),
(3048, 172, 734, 1, 0, 7000, 0),
(3049, 205, 734, 1, 0, 2000, 0),
(3050, 58, 734, 1, 0, 5000, 0),
(3051, 329, 734, 1, 0, 20000, 0),
(3052, 334, 734, 2, 0, 1000, 0),
(3053, 58, 734, 1, 0, 5000, 0),
(3054, 248, 734, 1, 0, 5000, 0),
(3055, 48, 734, 1, 0, 150000, 0),
(3056, 180, 734, 1, 0, 8000, 0),
(3057, 405, 734, 1, 0, 125000, 0),
(3058, 130, 734, 1, 0, 10000, 0),
(3059, 170, 734, 1, 0, 5000, 0),
(3060, 190, 734, 1, 0, 10000, 0),
(3061, 44, 734, 1, 0, 6000, 0),
(3062, 94, 734, 1, 0, 80000, 0),
(3063, 170, 734, 1, 0, 5000, 0),
(3064, 190, 734, 1, 0, 10000, 0),
(3065, 58, 734, 2, 0, 5000, 0),
(3066, 214, 734, 1, 0, 5000, 0),
(3067, 267, 734, 1, 0, 2000, 0),
(3068, 58, 734, 1, 0, 5000, 0),
(3069, 50, 788, 2, 0, 50000, 100000),
(3070, 51, 788, 2, 0, 90000, 180000),
(3071, 53, 788, 2, 0, 85000, 170000),
(3072, 367, 788, 1, 0, 40000, 40000),
(3073, 60, 788, 8, 0, 10000, 80000),
(3074, 417, 788, 2, 0, 7000, 14000),
(3075, 332, 788, 2, 0, 15000, 30000),
(3076, 239, 763, 3, 0, 25000, 0),
(3077, 238, 763, 3, 0, 25000, 0),
(3078, 10, 789, 1, 0, 120000, 120000),
(3079, 9, 790, 1, 0, 120000, 120000),
(3080, 54, 791, 1, 0, 55000, 55000),
(3087, 43, 774, 0, 0, 70000, 0),
(3088, 249, 792, 1, 0, 50000, 50000),
(3089, 242, 793, 2, 0, 85000, 170000),
(3090, 242, 794, 2, 0, 50000, 100000),
(3091, 249, 794, 3, 0, 30000, 90000),
(3092, 337, 794, 1, 0, 5000, 5000),
(3097, 11, 796, 1, 0, 140000, 140000),
(3099, 72, 797, 1, 0, 300000, 300000),
(3100, 187, 798, 3, 0, 150000, 450000),
(3107, 318, 801, 4, 0, 30000, 120000),
(3113, 248, 802, 8, 0, 8000, 64000),
(3114, 124, 803, 1, 0, 45000, 45000),
(3115, 214, 804, 10, 0, 15000, 150000),
(3116, 213, 804, 5, 0, 13500, 67500),
(3117, 215, 804, 15, 0, 15000, 225000),
(3118, 218, 804, 5, 0, 16500, 82500),
(3119, 204, 804, 10, 0, 3000, 30000),
(3120, 436, 805, 15, 0, 40000, 600000),
(3121, 253, 806, 28, 0, 500, 0),
(3122, 254, 806, 29, 0, 700, 0),
(3123, 297, 806, 2, 0, 5000, 0),
(3124, 285, 806, 3, 0, 5000, 0),
(3125, 147, 807, 15, 0, 1500, 22500),
(3126, 149, 807, 15, 0, 3000, 45000),
(3128, 242, 808, 1, 0, 60000, 0),
(3130, 44, 809, 10, 0, 85000, 0),
(3137, 50, 810, 5, 0, 45000, 225000),
(3151, 3, 799, 1, 0, 140000, 140000),
(3152, 325, 799, 4, 0, 4000, 0),
(3153, 2, 799, 1, 0, 100000, 0),
(3154, 318, 799, 2, 0, 20000, 0),
(3155, 12, 799, 1, 0, 220000, 0),
(3156, 11, 799, 1, 0, 150000, 0),
(3183, 66, 813, 2, 0, 90000, 180000),
(3184, 154, 813, 8, 0, 4000, 32000),
(3185, 230, 813, 4, 0, 70000, 280000),
(3186, 164, 813, 4, 0, 1500, 6000),
(3187, 163, 813, 4, 0, 1000, 4000),
(3188, 279, 813, 6, 0, 5000, 30000),
(3189, 287, 813, 1, 0, 7000, 7000),
(3190, 439, 813, 1, 0, 25000, 0),
(3191, 284, 813, 1, 0, 25000, 0),
(3192, 81, 813, 2, 0, 45000, 0),
(3200, 10, 814, 1, 0, 120000, 120000),
(3203, 72, 815, 2, 0, 300000, 600000),
(3204, 249, 816, 3, 0, 55000, 165000),
(3205, 19, 811, 1, 0, 1300000, 0),
(3206, 417, 811, 1, 0, 12000, 0),
(3207, 438, 811, 6, 0, 5000, 0),
(3208, 160, 811, 1, 0, 5000, 0),
(3209, 107, 811, 1, 0, 40000, 0),
(3210, 52, 811, 2, 0, 100000, 0),
(3211, 125, 811, 1, 0, 175000, 0),
(3212, 202, 811, 1, 0, 225000, 0),
(3213, 71, 817, 4, 0, 105000, 0),
(3214, 50, 818, 10, 0, 60000, 600000),
(3215, 183, 819, 4, 0, 130000, 520000),
(3216, 111, 819, 1, 0, 35000, 35000),
(3217, 242, 820, 1, 0, 90000, 90000),
(3218, 249, 820, 1, 0, 55000, 55000),
(3220, 367, 822, 1, 0, 30000, 0),
(3222, 133, 823, 2, 0, 50000, 100000),
(3223, 279, 823, 2, 0, 5000, 10000),
(3228, 213, 825, 10, 0, 10000, 100000),
(3229, 214, 825, 10, 0, 12500, 125000),
(3230, 216, 825, 10, 0, 15000, 150000),
(3231, 218, 825, 10, 0, 15000, 150000),
(3232, 406, 825, 10, 0, 16500, 165000),
(3233, 19, 812, 1, 0, 1350000, 1350000),
(3234, 72, 812, 5, 0, 175000, 0),
(3235, 51, 812, 1, 0, 75000, 0),
(3236, 106, 812, 1, 0, 40000, 0),
(3242, 50, 827, 1, 0, 50000, 50000),
(3243, 52, 827, 1, 0, 110000, 110000),
(3244, 160, 827, 1, 0, 5000, 5000),
(3245, 417, 827, 1, 0, 7000, 7000),
(3246, 60, 827, 1, 0, 10000, 10000),
(3247, 31, 828, 1, 0, 1400000, 1400000),
(3263, 204, 830, 10, 0, 3000, 30000),
(3264, 205, 830, 10, 0, 3500, 35000),
(3265, 215, 830, 15, 0, 15000, 225000),
(3266, 217, 830, 5, 0, 16500, 82500),
(3267, 216, 830, 5, 0, 16500, 82500),
(3268, 219, 830, 5, 0, 16500, 82500),
(3269, 12, 829, 1, 0, 275000, 0),
(3270, 10, 831, 1, 0, 120000, 120000),
(3273, 11, 833, 1, 0, 140000, 140000),
(3275, 52, 834, 1, 0, 100000, 100000),
(3276, 53, 834, 1, 0, 85000, 85000),
(3278, 215, 836, 10, 0, 15000, 150000),
(3279, 210, 836, 10, 0, 10000, 100000),
(3280, 218, 836, 10, 0, 16500, 165000),
(3281, 217, 836, 10, 0, 16500, 165000),
(3282, 226, 836, 50, 0, 1000, 50000),
(3283, 213, 836, 10, 0, 13500, 135000),
(3284, 50, 835, 10, 0, 60000, 0),
(3285, 324, 837, 2, 0, 800000, 1600000),
(3286, 15, 837, 1, 0, 400000, 400000),
(3287, 183, 838, 1, 0, 110000, 110000),
(3288, 191, 838, 1, 0, 20000, 20000),
(3289, 106, 839, 1, 0, 25000, 25000),
(3290, 141, 839, 1, 0, 30000, 30000),
(3291, 166, 839, 2, 0, 2500, 5000),
(3292, 73, 840, 1, 0, 300000, 300000),
(3293, 3, 841, 1, 0, 140000, 140000),
(3301, 231, 843, 6, 0, 80000, 480000),
(3302, 347, 843, 4, 0, 60000, 240000),
(3303, 441, 843, 4, 0, 80000, 0),
(3304, 344, 843, 4, 0, 40000, 0),
(3305, 411, 843, 4, 0, 25000, 0),
(3307, 54, 844, 5, 0, 110000, 550000),
(3308, 194, 821, 4, 0, 150000, 0),
(3310, 402, 845, 40, 0, 11000, 0),
(3311, 183, 846, 2, 0, 130000, 260000),
(3316, 54, 847, 1, 0, 85000, 0),
(3317, 308, 847, 1, 0, 15000, 0),
(3318, 183, 847, 2, 0, 90000, 0),
(3319, 242, 847, 2, 0, 60000, 0),
(3320, 442, 847, 1, 0, 35000, 0),
(3321, 87, 848, 4, 0, 45000, 180000),
(3324, 28, 842, 1, 0, 400000, 0),
(3331, 249, 852, 2, 0, 55000, 110000),
(3333, 449, 851, 1, 0, 90000, 0),
(3335, 52, 824, 2, 0, 110000, 0),
(3352, 183, 853, 20, 0, 7500, 0),
(3353, 185, 853, 20, 0, 7500, 0),
(3354, 188, 853, 20, 0, 7500, 0),
(3355, 190, 853, 42, 0, 3800, 0),
(3356, 191, 853, 36, 0, 3800, 0),
(3357, 450, 853, 6, 0, 12000, 0),
(3358, 451, 853, 6, 0, 12000, 0),
(3359, 452, 853, 6, 0, 12000, 0),
(3362, 453, 855, 1, 0, 225000, 225000),
(3363, 3, 856, 1, 0, 120000, 120000),
(3364, 2, 826, 1, 0, 100000, 0),
(3365, 185, 857, 4, 0, 90000, 360000),
(3368, 391, 858, 1, 0, 140000, 140000),
(3369, 210, 858, 1, 0, 15000, 0),
(3373, 188, 860, 2, 0, 90000, 180000),
(3374, 77, 860, 1, 0, 40000, 40000),
(3375, 72, 861, 1, 0, 175000, 175000),
(3376, 133, 861, 1, 0, 60000, 60000),
(3384, 74, 863, 2, 0, 300000, 0),
(3385, 74, 865, 2, 0, 300000, 600000),
(3386, 397, 866, 1, 0, 3750000, 3750000),
(3387, 111, 866, 1, 0, 35000, 35000),
(3388, 183, 866, 4, 0, 130000, 520000),
(3407, 71, 869, 1, 0, 110000, 0),
(3408, 183, 870, 4, 0, 75000, 0),
(3410, 215, 864, 15, 0, 15000, 225000),
(3411, 216, 864, 10, 0, 16500, 165000),
(3412, 217, 864, 10, 0, 16500, 165000),
(3413, 72, 871, 6, 0, 70000, 0),
(3414, 74, 872, 1, 0, 300000, 300000),
(3415, 188, 873, 5, 0, 175000, 875000),
(3416, 350, 873, 2, 0, 110000, 220000),
(3417, 53, 873, 1, 0, 85000, 85000),
(3418, 238, 873, 1, 0, 85000, 85000),
(3419, 270, 873, 1, 0, 7500, 7500),
(3421, 11, 854, 1, 0, 140000, 0),
(3422, 124, 874, 1, 0, 80000, 80000),
(3423, 104, 874, 1, 0, 25000, 25000),
(3424, 55, 862, 3, 0, 80000, 0),
(3425, 287, 875, 12, 0, 10000, 120000),
(3428, 60, 868, 1, 0, 9000, 9000),
(3429, 55, 876, 3, 0, 50000, 0),
(3434, 151, 867, 30, 0, 3000, 0),
(3435, 149, 867, 30, 0, 2500, 0),
(3436, 454, 867, 10, 0, 3000, 0),
(3437, 379, 867, 13, 0, 2500, 0),
(3438, 185, 850, 4, 0, 90000, 360000),
(3439, 160, 850, 1, 0, 10000, 0),
(3440, 438, 850, 60, 0, 5000, 0),
(3454, 279, 878, 2, 0, 5000, 10000),
(3455, 417, 878, 1, 0, 10000, 10000),
(3456, 166, 878, 4, 0, 2500, 10000),
(3457, 149, 878, 8, 0, 2500, 20000),
(3458, 160, 878, 1, 0, 12000, 12000),
(3459, 114, 878, 1, 0, 125000, 125000),
(3460, 44, 877, 1, 0, 85000, 0),
(3461, 42, 877, 1, 0, 65000, 0),
(3462, 232, 879, 1, 0, 75000, 75000),
(3463, 279, 879, 2, 0, 5000, 10000),
(3464, 114, 879, 1, 0, 125000, 125000),
(3465, 149, 879, 8, 0, 2500, 20000),
(3466, 166, 879, 4, 0, 2500, 10000),
(3467, 106, 879, 1, 0, 25000, 25000),
(3468, 160, 879, 1, 0, 10000, 10000),
(3469, 417, 879, 1, 0, 10000, 10000),
(3470, 124, 879, 1, 0, 45000, 45000),
(3471, 42, 879, 1, 0, 65000, 65000),
(3472, 44, 879, 1, 0, 80000, 80000),
(3473, 108, 880, 1, 0, 100000, 100000),
(3474, 183, 880, 1, 0, 130000, 130000),
(3475, 97, 881, 1, 0, 50000, 0),
(3508, 179, 882, 6, 0, 250, 0),
(3509, 51, 882, 2, 0, 75000, 0),
(3510, 105, 882, 1, 0, 25000, 0),
(3512, 104, 883, 1, 0, 20000, 0),
(3513, 60, 884, 1, 0, 10000, 10000),
(3515, 31, 800, 1, 0, 1400000, 0),
(3538, 87, 887, 6, 0, 20000, 0),
(3539, 399, 887, 2, 0, 100000, 0),
(3540, 87, 887, 8, 0, 20000, 0),
(3541, 444, 887, 1, 0, 60000, 0),
(3545, 317, 761, 1, 0, 300, 0),
(3546, 50, 888, 10, 0, 60000, 600000),
(3547, 183, 889, 3, 0, 90000, 270000),
(3551, 179, 859, 4, 0, 250, 0),
(3552, 215, 890, 15, 0, 15000, 225000),
(3553, 216, 890, 10, 0, 16500, 165000),
(3554, 218, 890, 5, 0, 16500, 82500),
(3555, 87, 891, 1, 0, 45000, 45000),
(3556, 444, 892, 1, 0, 25000, 0),
(3557, 446, 892, 1, 0, 35000, 0),
(3560, 53, 895, 5, 0, 85000, 425000),
(3561, 50, 895, 5, 0, 50000, 250000),
(3562, 204, 895, 30, 0, 2500, 75000),
(3563, 205, 895, 30, 0, 3000, 90000),
(3564, 222, 895, 30, 0, 3500, 105000),
(3565, 206, 895, 30, 0, 3500, 105000),
(3566, 213, 895, 30, 0, 10000, 300000),
(3567, 215, 895, 30, 0, 12000, 360000),
(3568, 218, 895, 30, 0, 15000, 450000),
(3569, 226, 895, 60, 0, 1000, 60000),
(3570, 208, 895, 15, 0, 3500, 52500),
(3571, 216, 895, 25, 0, 12500, 312500),
(3572, 417, 895, 2, 0, 12500, 25000),
(3573, 74, 893, 2, 0, 300000, 600000),
(3574, 31, 894, 1, 0, 1400000, 1400000),
(3575, 343, 849, 1, 0, 450000, 0),
(3581, 87, 896, 2, 0, 25000, 50000),
(3582, 92, 896, 2, 0, 50000, 100000),
(3583, 444, 896, 3, 0, 80000, 240000),
(3584, 445, 896, 3, 0, 90000, 270000),
(3585, 446, 896, 3, 0, 130000, 390000),
(3586, 443, 896, 3, 0, 60000, 0),
(3590, 183, 897, 1, 0, 80000, 80000),
(3591, 68, 897, 2, 0, 80000, 160000),
(3592, 104, 897, 2, 0, 17500, 35000),
(3595, 54, 899, 2, 0, 110000, 220000),
(3598, 414, 901, 1, 0, 500000, 0),
(3599, 55, 902, 2, 0, 50000, 0),
(3601, 458, 900, 1, 0, 80000, 0),
(3602, 445, 885, 1, 0, 100000, 100000),
(3603, 446, 885, 2, 0, 140000, 280000),
(3604, 89, 885, 1, 0, 60000, 60000),
(3605, 87, 885, 6, 0, 30000, 180000),
(3606, 417, 885, 1, 0, 8000, 8000),
(3607, 285, 885, 20, 0, 1000, 20000),
(3608, 150, 885, 10, 0, 3000, 30000),
(3609, 447, 885, 1, 0, 112500, 0),
(3610, 87, 886, 4, 0, 30000, 120000),
(3611, 446, 886, 2, 0, 140000, 280000),
(3612, 445, 886, 1, 0, 100000, 100000),
(3613, 285, 886, 15, 0, 1000, 0),
(3614, 444, 886, 1, 0, 85000, 0),
(3615, 124, 898, 1, 0, 75000, 75000),
(3616, 55, 898, 2, 0, 82500, 0),
(3618, 87, 904, 5, 0, 45000, 225000),
(3628, 68, 906, 1, 0, 150000, 150000),
(3630, 102, 905, 10, 0, 15000, 0),
(3632, 32, 795, 1, 0, 1650000, 0),
(3633, 74, 907, 1, 0, 300000, 300000),
(3635, 44, 909, 1, 0, 90000, 90000),
(3638, 399, 908, 1, 0, 220000, 0),
(3639, 149, 908, 25, 0, 5750, 0),
(3640, 72, 910, 1, 0, 175000, 175000),
(3641, 205, 910, 3, 0, 2000, 6000),
(3642, 68, 911, 7, 0, 75000, 0),
(3644, 103, 913, 1, 0, 15000, 15000),
(3648, 419, 903, 1, 0, 11847500, 0),
(3650, 124, 915, 1, 0, 45000, 45000),
(3651, 130, 915, 1, 0, 10000, 10000),
(3659, 249, 916, 1, 0, 60000, 0),
(3720, 449, 918, 1, 0, 110000, 0),
(3730, 16, 919, 1, 0, 650000, 650000),
(3731, 152, 912, 15, 0, 5500, 0),
(3732, 466, 912, 10, 0, 6500, 0),
(3733, 464, 912, 15, 0, 6250, 0),
(3734, 151, 912, 15, 0, 6000, 0),
(3735, 150, 912, 15, 0, 5750, 0),
(3736, 463, 912, 15, 0, 5750, 0),
(3739, 53, 914, 3, 0, 65000, 0),
(3740, 467, 920, 1, 0, 17800, 17800),
(3743, 51, 921, 1, 0, 110000, 0),
(3744, 54, 922, 6, 0, 60000, 360000),
(3745, 74, 923, 1, 0, 300000, 300000),
(3747, 51, 924, 5, 0, 75000, 375000),
(3748, 74, 925, 2, 0, 300000, 600000),
(3749, 16, 926, 1, 0, 650000, 650000),
(3750, 468, 927, 2, 0, 27500, 55000),
(3751, 81, 928, 2, 0, 90000, 180000),
(3752, 154, 928, 4, 0, 4500, 18000),
(3753, 323, 929, 1, 0, 14000, 14000),
(3754, 287, 929, 2, 0, 7000, 14000),
(3755, 415, 930, 1, 0, 800000, 800000),
(3756, 238, 931, 1, 0, 60000, 60000),
(3757, 332, 931, 1, 0, 15000, 15000),
(3764, 74, 934, 1, 0, 300000, 300000),
(3765, 133, 932, 1, 0, 90000, 0),
(3766, 469, 935, 2, 0, 1900000, 3800000),
(3767, 449, 933, 3, 0, 70000, 210000),
(3768, 417, 933, 1, 0, 8000, 8000),
(3769, 446, 933, 3, 0, 120000, 0),
(3770, 183, 936, 1, 0, 130000, 130000),
(3806, 3, 938, 1, 0, 140000, 0),
(3807, 72, 938, 1, 0, 175000, 0),
(3808, 50, 938, 4, 0, 50000, 0),
(3809, 52, 938, 2, 0, 80000, 0),
(3810, 318, 938, 10, 0, 20000, 0),
(3811, 60, 938, 1, 0, 10000, 0),
(3855, 449, 939, 5, 0, 30000, 0),
(3856, 381, 939, 3, 0, 50000, 0),
(3857, 205, 917, 2, 0, 2000, 4000),
(3858, 214, 917, 2, 0, 5000, 10000),
(3859, 153, 917, 1, 0, 3000, 3000),
(3860, 279, 917, 2, 0, 3500, 7000),
(3861, 323, 917, 1, 0, 14000, 14000),
(3862, 50, 917, 1, 0, 40000, 40000),
(3863, 53, 917, 1, 0, 55000, 55000),
(3864, 178, 917, 1, 0, 4000, 0),
(3865, 124, 917, 1, 0, 30000, 0),
(3866, 103, 917, 1, 0, 15000, 0),
(3867, 308, 917, 2, 0, 12000, 0),
(3868, 218, 917, 1, 0, 5000, 0),
(3869, 141, 917, 4, 0, 20000, 0),
(3870, 143, 917, 4, 0, 35000, 0),
(3871, 149, 917, 16, 0, 2200, 0),
(3872, 151, 917, 8, 0, 2500, 0),
(3873, 166, 917, 8, 0, 2000, 0),
(3874, 50, 940, 10, 0, 60000, 600000),
(3875, 74, 941, 2, 0, 300000, 600000),
(3878, 51, 942, 10, 0, 75000, 750000),
(3881, 50, 945, 1, 0, 45000, 0),
(3882, 51, 946, 10, 0, 75000, 0),
(3884, 3, 832, 1, 0, 140000, 0),
(3885, 50, 944, 0, 0, 45000, 0),
(3886, 51, 943, 5, 0, 75000, 0),
(3889, 51, 947, 4, 0, 75000, 300000),
(3890, 16, 948, 2, 0, 180000, 0),
(3891, 135, 948, 2, 0, 20000, 0),
(3896, 43, 949, 1, 0, 90000, 90000),
(3897, 42, 949, 1, 0, 90000, 90000),
(3898, 89, 950, 5, 0, 30000, 0),
(3899, 91, 950, 5, 0, 30000, 0),
(3900, 60, 951, 1, 0, 10000, 10000),
(3901, 187, 952, 6, 0, 130000, 780000),
(3903, 177, 953, 5, 0, 13000, 65000),
(3940, 367, 954, 2, 0, 30000, 60000),
(3941, 16, 955, 2, 0, 180000, 0),
(3982, 399, 956, 2, 0, 50000, 0),
(3983, 97, 956, 4, 0, 35000, 0),
(3984, 74, 957, 2, 0, 300000, 600000),
(4050, 183, 958, 1, 0, 90000, 90000),
(4075, 50, 959, 1, 0, 55000, 55000),
(4100, 11, 960, 12, 0, 140000, 1680000),
(4102, 52, 961, 1, 0, 100000, 100000),
(4157, 14, 962, 1, 0, 125000, 0),
(4158, 134, 963, 1, 0, 55000, 55000),
(4159, 53, 964, 1, 0, 45000, 0),
(4162, 488, 966, 1, 0, 1800000, 1800000),
(4163, 308, 965, 10, 0, 20000, 200000),
(4164, 74, 967, 1, 0, 300000, 300000),
(4165, 74, 968, 1, 0, 300000, 300000),
(4167, 414, 970, 4, 0, 250000, 0),
(4172, 53, 972, 1, 0, 65000, 65000),
(4203, 74, 973, 1, 0, 300000, 300000),
(4209, 414, 975, 2, 0, 800000, 1600000),
(4210, 136, 975, 2, 0, 75000, 0),
(4212, 9, 976, 1, 0, 100000, 0),
(4285, 354, 978, 2, 0, 250, 500),
(4286, 489, 978, 1, 0, 5000, 0),
(4287, 285, 978, 2, 0, 2500, 0),
(4291, 242, 980, 1, 0, 75000, 75000),
(4292, 249, 980, 1, 0, 60000, 60000),
(4293, 242, 977, 2, 0, 60000, 120000),
(4294, 470, 977, 3, 0, 7000, 0),
(4296, 74, 981, 1, 0, 300000, 300000),
(4297, 103, 982, 2, 0, 15000, 30000),
(4300, 464, 983, 15, 0, 6500, 97500),
(4301, 151, 983, 35, 0, 6500, 227500),
(4302, 490, 983, 10, 0, 6500, 0),
(4305, 343, 979, 1, 0, 382500, 0),
(4306, 215, 984, 1, 0, 10000, 10000),
(4307, 285, 985, 2, 0, 2500, 5000),
(4308, 489, 985, 1, 0, 5000, 5000),
(4309, 354, 985, 2, 0, 250, 500),
(4312, 154, 986, 20, 0, 5000, 100000),
(4313, 233, 986, 1, 0, 125000, 125000),
(4314, 241, 986, 1, 0, 60000, 0),
(4315, 35, 987, 1, 0, 500000, 0),
(4316, 51, 988, 5, 0, 55000, 0),
(4326, 160, 989, 2, 0, 5000, 10000),
(4327, 334, 989, 30, 0, 700, 0),
(4328, 417, 989, 4, 0, 11000, 0),
(4367, 489, 990, 1, 0, 5000, 5000),
(4368, 354, 990, 2, 0, 250, 500),
(4369, 285, 990, 2, 0, 2500, 5000),
(4370, 449, 991, 2, 0, 110000, 220000),
(4371, 287, 992, 3, 0, 10000, 30000),
(4372, 354, 992, 2, 0, 250, 500),
(4373, 489, 992, 1, 0, 5000, 5000),
(4374, 489, 993, 1, 0, 5000, 5000),
(4375, 489, 994, 1, 0, 5000, 5000),
(4376, 285, 995, 8, 0, 2500, 20000),
(4377, 354, 995, 6, 0, 250, 1500),
(4378, 489, 995, 3, 0, 5000, 15000),
(4382, 489, 997, 1, 0, 5000, 5000),
(4383, 354, 997, 2, 0, 250, 500),
(4384, 285, 997, 2, 0, 2500, 5000),
(4385, 249, 998, 3, 0, 50000, 150000),
(4386, 74, 999, 2, 0, 300000, 600000),
(4387, 91, 1000, 2, 0, 165000, 330000),
(4388, 318, 1001, 10, 0, 35000, 350000),
(4389, 449, 1002, 3, 0, 40000, 0),
(4390, 249, 1003, 1, 0, 65000, 65000),
(4393, 73, 1004, 1, 0, 225000, 225000),
(4394, 71, 1004, 2, 0, 175000, 0),
(4395, 494, 1005, 2, 0, 15000, 30000),
(4396, 288, 1006, 20, 0, 2500, 50000),
(4397, 289, 1006, 40, 0, 8000, 320000),
(4398, 491, 1006, 45, 0, 7500, 337500),
(4399, 489, 1006, 5, 0, 5000, 25000),
(4400, 489, 1007, 1, 0, 5000, 5000),
(4401, 179, 1007, 2, 0, 250, 500),
(4402, 288, 1008, 2, 0, 2500, 5000),
(4403, 354, 1008, 2, 0, 250, 500),
(4404, 489, 1008, 1, 0, 5000, 5000),
(4406, 354, 1010, 2, 0, 250, 500),
(4407, 489, 1010, 1, 0, 5000, 5000),
(4408, 215, 1010, 1, 0, 10000, 10000),
(4411, 354, 1011, 1, 0, 250, 250),
(4412, 288, 1011, 2, 0, 2500, 5000),
(4413, 489, 1011, 1, 0, 5000, 0),
(4418, 288, 1012, 2, 0, 2500, 5000),
(4419, 491, 1012, 1, 0, 7500, 7500),
(4420, 489, 1012, 1, 0, 5000, 5000),
(4421, 179, 1012, 2, 0, 250, 500),
(4422, 288, 1013, 2, 0, 2500, 5000),
(4423, 288, 1014, 2, 0, 2500, 5000),
(4424, 497, 1014, 5, 0, 700, 3500),
(4425, 285, 996, 5, 0, 2500, 12500),
(4426, 489, 996, 1, 0, 5000, 5000),
(4427, 491, 996, 2, 0, 7500, 0),
(4428, 73, 1015, 1, 0, 220000, 0),
(4429, 195, 937, 1, 0, 100000, 0),
(4434, 60, 1016, 1, 0, 8000, 0),
(4435, 354, 1017, 2, 0, 250, 500),
(4436, 489, 1017, 1, 0, 5000, 5000),
(4437, 288, 1017, 1, 0, 2500, 2500),
(4441, 161, 1018, 5, 0, 30000, 0),
(4442, 285, 1019, 100, 0, 500, 0),
(4443, 491, 1019, 20, 0, 5000, 0),
(4444, 135, 780, 5, 0, 40000, 0),
(4445, 134, 780, 2, 0, 40000, 0),
(4446, 105, 780, 2, 0, 20000, 0),
(4447, 230, 780, 16, 0, 45000, 0),
(4448, 163, 780, 10, 0, 1000, 0),
(4449, 51, 780, 3, 0, 60000, 0),
(4450, 435, 780, 7, 0, 2500, 0),
(4451, 379, 780, 5, 0, 2500, 0),
(4452, 472, 780, 5, 0, 12000, 0),
(4453, 85, 780, 1, 0, 20000, 0),
(4454, 92, 780, 5, 0, 4000, 0),
(4455, 93, 780, 5, 0, 7000, 0),
(4456, 382, 780, 3, 0, 15000, 0),
(4457, 16, 780, 5, 0, 400000, 0),
(4458, 90, 780, 10, 0, 3000, 0),
(4459, 441, 780, 1, 0, 80000, 0),
(4460, 417, 780, 1, 0, 10000, 0),
(4461, 479, 780, 2, 0, 15000, 0),
(4462, 259, 780, 6, 0, 8000, 0),
(4463, 483, 780, 2, 0, 14000, 0),
(4464, 344, 780, 2, 0, 25000, 0),
(4465, 165, 780, 1, 0, 2000, 0),
(4466, 470, 780, 7, 0, 7000, 0),
(4467, 68, 780, 1, 0, 60000, 0),
(4468, 230, 780, 2, 0, 45000, 0),
(4469, 164, 780, 16, 0, 1500, 0),
(4470, 220, 780, 7, 0, 2500, 0),
(4471, 51, 780, 2, 0, 60000, 0),
(4472, 51, 780, 1, 0, 60000, 0),
(4473, 231, 780, 2, 0, 55000, 0),
(4474, 344, 780, 1, 0, 25000, 0),
(4475, 346, 780, 2, 0, 40000, 0),
(4476, 150, 780, 2, 0, 2500, 0),
(4477, 93, 780, 1, 0, 7000, 0),
(4478, 51, 780, 4, 0, 75000, 0),
(4479, 288, 1009, 1, 0, 2500, 2500),
(4480, 449, 1020, 2, 0, 110000, 220000),
(4481, 87, 1020, 1, 0, 55000, 55000),
(4482, 90, 1020, 1, 0, 82500, 82500),
(4483, 91, 1020, 2, 0, 165000, 330000),
(4484, 89, 1021, 2, 0, 30000, 0),
(4485, 86, 1021, 2, 0, 20000, 0),
(4486, 91, 1021, 2, 0, 30000, 0),
(4487, 164, 1022, 10, 0, 1500, 15000),
(4488, 167, 1022, 10, 0, 2500, 25000),
(4489, 399, 1022, 1, 0, 240000, 240000),
(4490, 89, 1022, 1, 0, 110000, 110000),
(4497, 2, 1024, 1, 0, 120000, 120000),
(4498, 470, 1025, 1, 0, 10000, 10000),
(4499, 215, 1025, 1, 0, 15000, 15000),
(4500, 288, 1026, 2, 0, 2500, 5000),
(4501, 288, 1027, 2, 0, 2500, 5000),
(4502, 470, 1028, 1, 0, 10000, 10000),
(4503, 206, 1028, 1, 0, 6000, 6000),
(4504, 218, 1029, 1, 0, 20000, 20000),
(4505, 494, 1029, 1, 0, 15000, 15000),
(4506, 217, 1030, 1, 0, 15000, 15000),
(4507, 470, 1030, 1, 0, 7000, 7000),
(4508, 288, 1031, 2, 0, 2500, 5000),
(4509, 491, 1031, 1, 0, 7500, 7500),
(4510, 287, 1031, 1, 0, 8000, 8000),
(4511, 288, 1032, 2, 0, 2500, 5000),
(4512, 491, 1032, 2, 0, 7500, 15000),
(4513, 288, 1033, 4, 0, 2500, 10000),
(4514, 50, 1034, 2, 0, 65000, 130000),
(4515, 215, 1035, 1, 0, 15000, 15000),
(4516, 498, 1036, 1, 0, 90000, 90000),
(4517, 504, 1037, 1, 0, 90000, 90000),
(4518, 99, 1038, 10, 0, 14000, 140000),
(4519, 491, 1038, 8, 0, 7500, 60000),
(4520, 489, 1038, 2, 0, 5000, 10000),
(4521, 354, 1038, 4, 0, 250, 1000),
(4522, 497, 1038, 10, 0, 700, 7000),
(4523, 288, 1038, 5, 0, 2500, 12500),
(4524, 288, 1039, 2, 0, 2500, 5000),
(4525, 288, 1040, 2, 0, 2500, 5000),
(4526, 505, 1041, 1, 0, 90000, 90000),
(4527, 288, 1042, 15, 0, 2500, 37500),
(4528, 491, 1042, 15, 0, 7500, 112500),
(4529, 53, 1043, 5, 0, 45000, 0),
(4530, 51, 1044, 2, 0, 110000, 220000),
(4531, 190, 1044, 1, 0, 40000, 40000),
(4532, 105, 1044, 2, 0, 35000, 70000),
(4533, 409, 1044, 2, 0, 30000, 60000),
(4536, 6, 1045, 1, 0, 100000, 100000),
(4537, 414, 1046, 4, 0, 800000, 3200000),
(4538, 72, 974, 1, 0, 75000, 0),
(4539, 72, 974, 1, 0, 100000, 0),
(4540, 18, 1047, 1, 0, 1700000, 1700000),
(4541, 52, 1047, 1, 0, 125000, 125000),
(4542, 414, 1048, 2, 0, 300000, 0),
(4543, 53, 1049, 5, 0, 45000, 0),
(4544, 494, 1050, 2, 0, 15000, 30000),
(4545, 491, 1050, 5, 0, 7500, 37500),
(4546, 288, 1050, 6, 0, 2500, 15000),
(4547, 287, 1051, 1, 0, 8000, 8000),
(4548, 491, 1051, 1, 0, 7500, 7500),
(4549, 287, 1052, 1, 0, 8000, 8000),
(4550, 491, 1052, 1, 0, 7500, 7500),
(4552, 288, 1054, 1, 0, 2500, 2500),
(4553, 215, 1055, 1, 0, 15000, 15000),
(4554, 470, 1055, 1, 0, 7000, 7000),
(4555, 267, 1055, 1, 0, 7500, 7500),
(4556, 288, 1056, 1, 0, 2500, 2500),
(4557, 287, 1056, 1, 0, 7500, 7500),
(4559, 288, 1053, 2, 0, 2500, 5000),
(4560, 6, 1057, 1, 0, 120000, 0),
(4563, 230, 1058, 1, 0, 45000, 45000),
(4564, 228, 1058, 1, 0, 25000, 25000),
(4565, 225, 1059, 1, 0, 25000, 25000),
(4574, 438, 1060, 4, 0, 6500, 26000),
(4575, 411, 1060, 1, 0, 15000, 15000),
(4576, 411, 1060, 1, 0, 25000, 25000),
(4577, 118, 1060, 1, 0, 350000, 0),
(4578, 52, 1060, 1, 0, 125000, 0),
(4579, 179, 1060, 4, 0, 250, 0),
(4598, 53, 1023, 2, 0, 70000, 0),
(4599, 107, 1062, 2, 0, 35000, 70000),
(4600, 167, 1062, 4, 0, 2000, 8000),
(4601, 417, 1062, 1, 0, 10000, 10000),
(4602, 55, 1062, 1, 0, 60000, 60000),
(4603, 51, 1062, 4, 0, 60000, 240000),
(4604, 154, 1062, 5, 0, 4000, 20000),
(4605, 346, 1062, 4, 0, 40000, 0),
(4606, 201, 1062, 1, 0, 225000, 0),
(4607, 508, 1063, 1, 0, 1750000, 1750000),
(4611, 190, 971, 1, 0, 0, 0),
(4612, 124, 637, 1, 0, 0, 0),
(4613, 124, 623, 1, 0, 0, 0),
(4617, 130, 632, 0, 0, 10000, 0),
(4618, 399, 1064, 1, 0, 220000, 220000),
(4619, 44, 1065, 1, 0, 85000, 85000),
(4620, 51, 1066, 2, 0, 60000, 120000),
(4621, 51, 1067, 4, 0, 45000, 0),
(4622, 55, 1067, 1, 0, 50000, 0),
(4623, 51, 1068, 4, 0, 45000, 0),
(4624, 55, 1068, 1, 0, 50000, 0),
(4625, 51, 1069, 4, 0, 60000, 240000),
(4627, 456, 1071, 3, 0, 30000, 0),
(4628, 399, 1071, 1, 0, 50000, 0),
(4629, 51, 1070, 4, 0, 45000, 0),
(4630, 508, 1072, 1, 0, 1500000, 0),
(4631, 54, 1073, 1, 0, 70000, 70000),
(4632, 54, 1074, 1, 0, 65000, 0),
(4640, 113, 1076, 1, 0, 35000, 35000),
(4641, 6, 1077, 1, 0, 120000, 120000),
(4642, 510, 1078, 1, 0, 100000, 100000),
(4643, 14, 1079, 1, 0, 500000, 500000),
(4644, 53, 1080, 4, 0, 45000, 0),
(4658, 37, 1075, 1, 0, 550000, 0),
(4659, 38, 1075, 1, 0, 600000, 0),
(4660, 40, 1075, 1, 0, 750000, 0),
(4661, 509, 1075, 4, 0, 350000, 0),
(4662, 488, 1075, 2, 0, 280000, 0),
(4663, 508, 1075, 2, 0, 280000, 0),
(4664, 404, 1075, 2, 0, 280000, 0),
(4665, 511, 1075, 2, 0, 330000, 0),
(4666, 50, 1081, 50, 0, 29500, 0),
(4667, 51, 1081, 25, 0, 35000, 0),
(4668, 53, 1081, 25, 0, 39500, 0),
(4669, 54, 1081, 25, 0, 37000, 0),
(4670, 55, 1081, 10, 0, 28000, 0),
(4671, 103, 1082, 1, 0, 10000, 10000),
(4672, 238, 1082, 2, 0, 10000, 20000),
(4673, 439, 1082, 1, 0, 10000, 10000),
(4675, 371, 1084, 2, 0, 6500, 13000),
(4676, 51, 1084, 1, 0, 65000, 65000),
(4677, 201, 1083, 1, 0, 275000, 275000),
(4678, 51, 1085, 1, 0, 45000, 0),
(4688, 51, 1087, 2, 0, 110000, 220000),
(4689, 105, 1087, 1, 0, 35000, 35000),
(4690, 409, 1087, 1, 0, 60000, 0),
(4691, 449, 1088, 1, 0, 110000, 110000),
(4692, 287, 1089, 10, 0, 15000, 150000),
(4693, 399, 1090, 2, 0, 50000, 0),
(4694, 51, 1091, 2, 0, 65000, 130000),
(4696, 48, 1092, 1, 0, 175000, 175000),
(4697, 103, 1092, 1, 0, 15000, 0),
(4698, 130, 1092, 1, 0, 10000, 0),
(4699, 151, 1093, 80, 0, 3500, 280000),
(4700, 149, 1093, 80, 0, 2500, 200000),
(4701, 149, 1094, 30, 0, 500, 0),
(4702, 151, 1094, 30, 0, 1000, 0),
(4703, 399, 1095, 2, 0, 240000, 480000),
(4704, 449, 1095, 2, 0, 110000, 220000),
(4706, 54, 1097, 1, 0, 70000, 70000),
(4707, 52, 1096, 1, 0, 80000, 0),
(4708, 279, 1086, 4, 0, 5000, 20000),
(4709, 513, 1086, 1, 0, 75000, 0),
(4710, 130, 1098, 1, 0, 10000, 10000),
(4711, 103, 1098, 1, 0, 15000, 15000),
(4712, 72, 1099, 1, 0, 250000, 250000),
(4713, 489, 1100, 5, 0, 8000, 40000),
(4714, 399, 1101, 3, 0, 240000, 720000),
(4715, 448, 1101, 1, 0, 50000, 50000),
(4716, 87, 1101, 1, 0, 55000, 55000),
(4717, 399, 1102, 1, 0, 50000, 0),
(4718, 399, 1102, 1, 0, 50000, 0),
(4719, 318, 1103, 8, 0, 15000, 0),
(4720, 318, 1104, 10, 0, 30000, 300000),
(4727, 142, 1105, 2, 0, 35000, 0),
(4728, 107, 1105, 2, 0, 45000, 0),
(4729, 167, 1105, 4, 0, 5000, 0),
(4730, 89, 1106, 1, 0, 30000, 0),
(4734, 50, 1107, 1, 0, 55000, 55000),
(4735, 53, 1107, 1, 0, 60000, 60000),
(4736, 55, 1107, 1, 0, 50000, 0),
(4737, 507, 1061, 0, 0, 30000, 0),
(4738, 506, 1061, 0, 0, 30000, 0),
(4739, 40, 1108, 1, 0, 3500000, 3500000),
(4740, 321, 1109, 1, 0, 1100000, 1100000),
(4741, 398, 1110, 1, 0, 4800000, 4800000),
(4742, 105, 1110, 1, 0, 75000, 75000),
(4743, 52, 1110, 2, 0, 120000, 240000),
(4744, 40, 969, 0, 0, 3500000, 0),
(4745, 73, 1111, 2, 0, 280000, 560000),
(4746, 54, 1112, 1, 0, 85000, 85000),
(4747, 365, 1113, 1, 0, 5000000, 5000000),
(4748, 249, 1114, 1, 0, 50000, 50000),
(4750, 54, 1116, 1, 0, 90000, 90000),
(4751, 249, 1117, 1, 0, 50000, 50000),
(4752, 54, 1118, 1, 0, 70000, 70000),
(4756, 2, 1121, 1, 0, 150000, 150000),
(4757, 189, 1122, 7, 0, 170000, 1190000),
(4758, 402, 1119, 12, 0, 10000, 0),
(4759, 402, 1115, 10, 0, 10000, 0),
(4761, 54, 1120, 1, 0, 70000, 0),
(4762, 51, 1123, 3, 0, 85000, 255000),
(4763, 55, 1123, 1, 0, 85000, 85000),
(4764, 9, 1124, 1, 0, 100000, 100000),
(4765, 189, 1125, 10, 0, 170000, 1700000),
(4766, 112, 1126, 2, 0, 15000, 30000),
(4771, 53, 1128, 1, 0, 65000, 65000),
(4772, 318, 1129, 5, 0, 25000, 125000),
(4773, 50, 1130, 5, 0, 50000, 250000),
(4774, 53, 1130, 1, 0, 65000, 65000),
(4775, 54, 1130, 3, 0, 75000, 225000),
(4776, 53, 1131, 5, 0, 40000, 0),
(4777, 404, 1132, 1, 0, 1050000, 1050000),
(4778, 149, 1133, 20, 0, 2500, 50000),
(4779, 151, 1133, 20, 0, 3500, 70000),
(4780, 164, 1133, 4, 0, 1500, 6000),
(4781, 163, 1133, 4, 0, 1000, 4000),
(4782, 332, 1134, 2, 0, 25000, 50000),
(4784, 50, 1135, 5, 0, 70000, 0),
(4785, 89, 1136, 1, 0, 90000, 90000),
(4786, 87, 1136, 1, 0, 45000, 45000),
(4787, 53, 1137, 1, 0, 65000, 65000),
(4788, 32, 1138, 1, 0, 1350000, 1350000),
(4789, 411, 1138, 1, 0, 20000, 20000),
(4790, 412, 1138, 1, 0, 30000, 30000),
(4791, 85, 1138, 1, 0, 30000, 30000),
(4792, 2, 1139, 1, 0, 80000, 80000),
(4794, 358, 1141, 1, 0, 750000, 750000),
(4795, 53, 1142, 1, 0, 65000, 65000),
(4796, 54, 1140, 2, 0, 85000, 170000),
(4797, 517, 1140, 1, 0, 40000, 0),
(4798, 318, 1143, 5, 0, 30000, 150000),
(4799, 11, 1144, 1, 0, 140000, 140000),
(4800, 183, 1145, 1, 0, 120000, 120000),
(4803, 183, 1146, 1, 0, 125000, 0),
(4804, 241, 1147, 1, 0, 70000, 70000),
(4805, 242, 1147, 1, 0, 75000, 75000),
(4812, 518, 1149, 1, 0, 400000, 400000),
(4813, 318, 1150, 5, 0, 30000, 150000),
(4849, 2, 1151, 1, 0, 100000, 100000),
(4850, 91, 1152, 5, 0, 110000, 550000),
(4851, 105, 1148, 1, 0, 35000, 35000),
(4852, 273, 1148, 2, 0, 2500, 5000),
(4853, 106, 1148, 3, 0, 45000, 0),
(4854, 141, 1148, 4, 0, 37500, 0),
(4855, 52, 1153, 2, 0, 65000, 130000),
(4858, 91, 1155, 3, 0, 70000, 0),
(4859, 54, 1156, 1, 0, 75000, 75000),
(4860, 165, 1156, 2, 0, 2000, 4000),
(4868, 105, 1158, 1, 0, 35000, 35000),
(4869, 141, 1158, 1, 0, 37500, 37500),
(4870, 166, 1158, 4, 0, 2500, 10000),
(4871, 449, 1157, 4.5, 0, 110000, 495000),
(4872, 448, 1157, 4, 0, 55000, 220000),
(4873, 92, 1157, 1, 0, 90000, 90000),
(4874, 399, 1157, 1, 0, 220000, 0),
(4886, 318, 1154, 3, 0, 15000, 0),
(4887, 318, 1154, 5, 0, 15000, 0),
(4890, 17, 1160, 2, 0, 950000, 1900000),
(4891, 52, 1161, 10, 0, 85000, 850000),
(4893, 519, 1163, 1, 0, 450000, 450000),
(4894, 50, 1164, 5, 0, 70000, 350000),
(4897, 52, 1166, 11, 0, 85000, 935000),
(4899, 16, 1165, 1, 0, 650000, 0),
(4900, 91, 1167, 2, 0, 130000, 260000),
(4901, 243, 1168, 1, 0, 25000, 25000),
(4902, 498, 1169, 1, 0, 80000, 80000),
(4903, 151, 1170, 30, 0, 4000, 120000),
(4904, 154, 1170, 21, 0, 5000, 105000),
(4908, 73, 1173, 2, 0, 280000, 560000),
(4912, 16, 1159, 1, 0, 600000, 0),
(4919, 521, 1175, 70, 0, 8000, 560000),
(4920, 449, 1175, 5, 0, 110000, 0),
(4921, 522, 1175, 80, 0, 6000, 0),
(4922, 521, 1176, 40, 0, 5500, 0),
(4923, 367, 1172, 4, 0, 35000, 140000),
(4924, 60, 1172, 20, 0, 10000, 200000),
(4925, 316, 1172, 2, 0, 375000, 0),
(4926, 73, 1171, 1, 0, 300000, 0),
(4927, 52, 1162, 10, 0, 65000, 0),
(4928, 53, 1162, 1, 0, 65000, 0),
(4929, 523, 1177, 4, 0, 80000, 320000),
(4930, 107, 1178, 2, 0, 60000, 120000),
(4931, 274, 1178, 4, 0, 3500, 14000),
(4932, 142, 1178, 2, 0, 45000, 90000),
(4933, 105, 1179, 2, 0, 37500, 75000),
(4934, 273, 1179, 4, 0, 2500, 10000),
(4935, 518, 1180, 1, 0, 400000, 400000),
(4950, 15, 1181, 4, 0, 150000, 0),
(4951, 16, 1181, 2, 0, 150000, 0),
(4952, 17, 1181, 2, 0, 175000, 0),
(4953, 17, 1181, 2, 0, 35000, 0),
(4954, 40, 1181, 2, 0, 1000000, 0),
(4955, 351, 1181, 4, 0, 150000, 0),
(4956, 524, 1181, 3, 0, 150000, 0),
(4957, 525, 1181, 2, 0, 150000, 0),
(4963, 183, 1182, 20, 0, 7500, 0),
(4964, 185, 1182, 20, 0, 7500, 0),
(4965, 188, 1182, 20, 0, 7500, 0),
(4966, 189, 1182, 20, 0, 7500, 0),
(4967, 195, 1182, 12, 0, 12000, 0),
(4968, 196, 1182, 12, 0, 12000, 0),
(4969, 197, 1182, 12, 0, 12000, 0),
(4970, 199, 1182, 12, 0, 12000, 0),
(4971, 191, 1183, 2, 0, 15000, 30000),
(4973, 73, 1184, 2, 0, 300000, 600000),
(4975, 51, 1185, 4, 0, 65000, 0),
(4979, 249, 1187, 10, 0, 60000, 600000),
(5000, 130, 1188, 1, 0, 10000, 10000),
(5001, 122, 1188, 1, 0, 45000, 0),
(5002, 411, 1186, 1, 0, 15000, 0),
(5003, 160, 1186, 1, 0, 10000, 0),
(5004, 105, 1186, 1, 0, 25000, 0),
(5005, 51, 1186, 2, 0, 75000, 0),
(5006, 409, 1186, 1, 0, 100000, 0),
(5007, 179, 1186, 1, 0, 15000, 0),
(5008, 51, 1189, 4, 0, 75000, 300000),
(5009, 55, 1189, 1, 0, 90000, 90000),
(5010, 417, 1189, 1, 0, 15000, 15000),
(5011, 149, 1189, 30, 0, 3000, 90000),
(5012, 151, 1189, 30, 0, 3500, 105000),
(5013, 60, 1189, 4, 0, 10000, 40000),
(5014, 377, 1189, 30, 0, 3500, 105000),
(5019, 68, 1190, 2, 0, 75000, 0),
(5020, 9, 1190, 1, 0, 120000, 0),
(5021, 51, 1190, 1, 0, 80000, 0),
(5022, 104, 1190, 2, 0, 15000, 0),
(5028, 527, 1191, 2, 0, 140000, 280000),
(5029, 528, 1191, 2, 0, 125000, 0),
(5030, 540, 1191, 1, 0, 150000, 0),
(5031, 541, 1192, 1, 0, 300000, 300000),
(5032, 541, 1193, 1, 0, 250000, 0),
(5033, 542, 1194, 2, 0, 40000, 80000),
(5034, 543, 1195, 1, 0, 350000, 350000),
(5035, 544, 1195, 1, 0, 300000, 300000),
(5036, 185, 1196, 1, 0, 80000, 80000),
(5037, 72, 1174, 2, 0, 120000, 0),
(5043, 52, 1197, 10, 0, 55000, 550000),
(5044, 53, 1197, 1, 0, 60000, 60000),
(5051, 50, 1127, 2, 0, 55000, 110000),
(5052, 52, 1127, 4, 0, 55000, 220000),
(5053, 53, 1127, 2, 0, 60000, 120000),
(5054, 232, 1127, 2, 0, 60000, 0),
(5055, 190, 1127, 4, 0, 12000, 0),
(5056, 51, 1198, 5, 0, 65000, 325000),
(5057, 506, 1199, 1, 0, 70000, 70000),
(5064, 546, 1200, 2, 0, 70000, 140000),
(5065, 545, 1200, 4, 0, 40000, 160000),
(5066, 518, 1200, 1, 0, 400000, 0),
(5067, 104, 1201, 10, 0, 25000, 250000),
(5070, 249, 1202, 7, 0, 50000, 0),
(5071, 202, 1203, 1, 0, 250000, 250000),
(5073, 50, 1204, 1, 0, 60000, 0),
(5074, 51, 1205, 2, 0, 65000, 130000),
(5077, 52, 1206, 15, 0, 85000, 1275000),
(5078, 544, 1207, 1, 0, 60000, 60000),
(5079, 4, 1211, 2, 0, 225000, 0),
(5082, 6, 579, 4, 0, 140000, 0),
(5083, 4, 1212, 3, 0, 225000, 0),
(5084, 6, 1213, 3, 0, 140000, 0),
(5085, 15, 1213, 2, 0, 450000, 0);

-- --------------------------------------------------------

--
-- Structure de la table `lignes2018`
--

CREATE TABLE `lignes2018` (
  `id` int(11) NOT NULL DEFAULT 0,
  `article_id` int(11) NOT NULL,
  `facture_id` int(11) NOT NULL,
  `quantite` double NOT NULL,
  `statut` tinyint(1) NOT NULL,
  `pu` int(11) NOT NULL DEFAULT 0,
  `remise` int(11) NOT NULL
) ENGINE=InnoDB DEFAULT CHARSET=latin1;

--
-- Déchargement des données de la table `lignes2018`
--

INSERT INTO `lignes2018` (`id`, `article_id`, `facture_id`, `quantite`, `statut`, `pu`, `remise`) VALUES
(1, 54, 1, 1, 0, 100000, 0),
(2, 107, 2, 1, 0, 50000, 0),
(18, 168, 4, 2, 0, 5000, 0),
(25, 168, 5, 3, 0, 5000, 0),
(26, 178, 5, 1, 0, 10000, 0),
(28, 6, 7, 1, 0, 140000, 0),
(31, 52, 9, 1, 0, 100000, 0),
(32, 168, 10, 1, 0, 5000, 0),
(33, 179, 11, 2, 0, 250, 0),
(34, 4, 8, 1, 0, 225000, 0),
(35, 104, 3, 1, 0, 20000, 0),
(36, 78, 3, 1, 0, 50000, 0),
(37, 75, 3, 2, 0, 30000, 0),
(38, 148, 3, 1, 0, 1500, 0),
(39, 165, 3, 2, 0, 1200, 0),
(40, 90, 3, 1, 0, 40000, 0),
(41, 134, 3, 1, 0, 40000, 0),
(42, 54, 3, 4, 0, 100000, 0),
(43, 53, 3, 1, 0, 100000, 0),
(44, 55, 3, 1, 0, 80000, 0),
(45, 160, 3, 1, 0, 10000, 0),
(46, 161, 3, 1, 0, 60000, 0),
(47, 162, 3, 1, 0, 15000, 0),
(48, 180, 3, 2, 0, 5000, 0),
(49, 50, 12, 2, 0, 60000, 0),
(50, 54, 12, 1, 0, 120000, 0),
(51, 121, 12, 1, 0, 75000, 0),
(59, 16, 16, 1, 0, 550000, 0),
(68, 168, 17, 1, 0, 5000, 0),
(69, 51, 14, 1, 0, 100000, 0),
(70, 194, 18, 1, 0, 3000, 0),
(72, 191, 19, 1, 0, 12000, 0),
(75, 168, 22, 2, 0, 5000, 0),
(76, 2, 23, 1, 0, 100000, 0),
(77, 104, 24, 1, 0, 10000, 0),
(82, 130, 25, 2, 0, 10000, 0),
(85, 123, 21, 2, 0, 75000, 0),
(86, 205, 15, 1, 0, 2000, 0),
(87, 170, 26, 1, 0, 10000, 0),
(89, 243, 28, 2, 0, 15000, 0),
(123, 121, 29, 1, 0, 75000, 0),
(124, 104, 29, 1, 0, 20000, 0),
(125, 186, 29, 1, 0, 120000, 0),
(126, 130, 29, 1, 0, 10000, 0),
(127, 162, 29, 1, 0, 15000, 0),
(128, 60, 29, 1, 0, 10000, 0),
(129, 98, 29, 2, 0, 12000, 0),
(130, 97, 29, 2, 0, 8000, 0),
(131, 151, 29, 4, 0, 3000, 0),
(132, 152, 29, 4, 0, 3500, 0),
(133, 79, 29, 1, 0, 60000, 0),
(134, 77, 29, 1, 0, 45000, 0),
(135, 53, 29, 1, 0, 125000, 0),
(136, 257, 29, 2, 0, 8000, 0),
(137, 270, 29, 1, 0, 1500, 0),
(138, 271, 29, 1, 0, 1500, 0),
(139, 272, 29, 1, 0, 1500, 0),
(140, 278, 29, 2, 0, 35000, 0),
(141, 121, 30, 1, 0, 75000, 0),
(142, 130, 30, 1, 0, 10000, 0),
(143, 168, 31, 1, 0, 5000, 0),
(145, 12, 33, 1, 0, 285000, 0),
(146, 206, 34, 1, 0, 2500, 0),
(147, 102, 35, 1, 0, 5000, 0),
(148, 285, 35, 2, 0, 1000, 0),
(149, 290, 35, 2, 0, 500, 0),
(234, 297, 38, 1, 0, 15000, 0),
(237, 179, 39, 56, 0, 175, 0),
(283, 279, 36, 4, 0, 5000, 0),
(284, 133, 36, 2, 0, 80000, 0),
(285, 104, 36, 4, 0, 20000, 0),
(286, 185, 36, 2, 0, 140000, 0),
(287, 292, 36, 1, 0, 80000, 0),
(288, 53, 36, 2, 0, 125000, 0),
(289, 55, 36, 1, 0, 90000, 0),
(290, 50, 36, 1, 0, 65000, 0),
(291, 122, 36, 2, 0, 75000, 0),
(292, 272, 36, 4, 0, 2000, 0),
(293, 271, 36, 4, 0, 1500, 0),
(294, 270, 36, 4, 0, 1000, 0),
(295, 130, 36, 2, 0, 10000, 0),
(296, 306, 36, 6, 0, 35000, 0),
(297, 239, 36, 8, 0, 40000, 0),
(298, 240, 36, 4, 0, 5000, 0),
(299, 113, 37, 1, 0, 40000, 0),
(302, 168, 40, 5000, 0, 1, 0),
(303, 6, 41, 1, 0, 140000, 0),
(304, 13, 42, 1, 0, 590000, 0),
(305, 58, 43, 1, 0, 8000, 0),
(306, 116, 44, 1, 0, 150000, 0),
(307, 214, 45, 1, 0, 6000, 0),
(308, 11, 46, 1, 0, 225000, 0),
(309, 2, 47, 2, 0, 120000, 0),
(310, 2, 48, 1, 0, 120000, 0),
(314, 53, 52, 2, 0, 125000, 0),
(315, 292, 52, 1, 0, 80000, 0),
(316, 185, 52, 1, 0, 140000, 0),
(317, 60, 52, 1, 0, 10000, 0),
(318, 104, 52, 1, 0, 20000, 0),
(319, 242, 53, 1, 0, 50000, 0),
(321, 52, 51, 6, 0, 110000, 0),
(322, 3, 54, 2, 0, 140000, 0),
(325, 16, 55, 4, 0, 550000, 0),
(330, 102, 57, 1, 0, 10000, 0),
(345, 191, 59, 1, 0, 15000, 0),
(346, 310, 60, 1, 0, 1000000, 0),
(347, 311, 61, 1, 0, 10000, 0),
(348, 215, 62, 1, 0, 7000, 0),
(350, 104, 64, 1, 0, 10000, 0),
(351, 206, 64, 1, 0, 3000, 0),
(352, 16, 65, 1, 0, 550000, 0),
(358, 52, 66, 4, 0, 110000, 0),
(359, 53, 66, 13, 0, 85000, 0),
(360, 2, 67, 1, 0, 120000, 0),
(361, 3, 68, 1, 0, 140000, 0),
(392, 315, 72, 2, 0, 2650000, 0),
(393, 92, 70, 50, 0, 5300, 0),
(394, 87, 70, 50, 0, 2500, 0),
(395, 253, 70, 26, 0, 3000, 0),
(396, 255, 70, 26, 0, 3500, 0),
(397, 288, 73, 1, 0, 50000, 0),
(399, 316, 75, 2, 0, 378600, 0),
(404, 287, 77, 2, 0, 10000, 0),
(405, 213, 76, 2, 0, 10000, 0),
(406, 215, 76, 2, 0, 10000, 0),
(407, 171, 76, 2, 0, 10000, 0),
(408, 102, 78, 1, 0, 5000, 0),
(411, 213, 79, 3, 0, 5000, 0),
(412, 94, 79, 1, 0, 85000, 0),
(413, 206, 58, 4, 0, 2500, 0),
(414, 207, 58, 2, 0, 2500, 0),
(415, 45, 58, 1, 0, 110000, 0),
(416, 309, 58, 5, 0, 3000, 0),
(417, 2, 80, 1, 0, 120000, 0),
(422, 190, 49, 1, 0, 15000, 0),
(423, 192, 49, 1, 0, 15000, 0),
(424, 191, 49, 1, 0, 15000, 0),
(426, 179, 83, 5, 0, 6000, 0),
(428, 287, 85, 3, 0, 10000, 0),
(429, 113, 86, 3, 0, 60000, 0),
(439, 147, 81, 3, 0, 2500, 0),
(440, 179, 81, 3, 0, 250, 0),
(538, 215, 69, 1, 0, 5000, 0),
(539, 213, 69, 1, 0, 5000, 0),
(540, 179, 69, 2, 0, 250, 0),
(541, 102, 69, 1, 0, 1000, 0),
(542, 226, 69, 3, 0, 1000, 0),
(543, 168, 69, 1, 0, 5000, 0),
(544, 214, 69, 1, 0, 5000, 0),
(545, 249, 20, 1, 0, 50000, 0),
(546, 58, 20, 1, 0, 9000, 0),
(557, 185, 27, 0, 0, 160000, 0),
(558, 312, 63, 0, 0, 70000, 0),
(559, 308, 50, 0, 0, 15000, 0),
(588, 2, 71, 1, 0, 120000, 0),
(589, 12, 71, 1, 0, 285000, 0),
(590, 208, 71, 1, 0, 3500, 0),
(591, 311, 71, 2, 0, 10000, 0),
(592, 168, 71, 2, 0, 5000, 0),
(635, 3, 84, 0, 0, 160000, 0),
(654, 67, 6, 0, 0, 60000, 0),
(670, 104, 87, 5, 0, 20000, 0),
(671, 60, 87, 2, 0, 10000, 0),
(672, 53, 87, 2, 0, 125000, 0),
(673, 323, 87, 4, 0, 70000, 0),
(674, 112, 87, 4, 0, 60000, 0),
(700, 52, 56, 0, 0, 110000, 0),
(701, 285, 56, 0, 0, 2000, 0),
(897, 3, 74, 1, 0, 140000, 0),
(1628, 104, 32, 0, 0, 20000, 0),
(1636, 177, 13, 1, 0, 5000, 0),
(1637, 177, 13, 1, 0, 5000, 0);

-- --------------------------------------------------------

--
-- Structure de la table `lignes_old`
--

CREATE TABLE `lignes_old` (
  `id` int(11) NOT NULL,
  `article_id` int(11) NOT NULL,
  `facture_id` int(11) NOT NULL,
  `quantite` double NOT NULL,
  `statut` tinyint(1) NOT NULL,
  `pu` int(11) NOT NULL DEFAULT 0,
  `remise` int(11) NOT NULL
) ENGINE=InnoDB DEFAULT CHARSET=latin1;

--
-- Déchargement des données de la table `lignes_old`
--

INSERT INTO `lignes_old` (`id`, `article_id`, `facture_id`, `quantite`, `statut`, `pu`, `remise`) VALUES
(1, 54, 1, 1, 0, 100000, 0),
(2, 107, 2, 1, 0, 50000, 0),
(18, 168, 4, 2, 0, 5000, 0),
(25, 168, 5, 3, 0, 5000, 0),
(26, 178, 5, 1, 0, 10000, 0),
(28, 6, 7, 1, 0, 140000, 0),
(31, 52, 9, 1, 0, 100000, 0),
(32, 168, 10, 1, 0, 5000, 0),
(33, 179, 11, 2, 0, 250, 0),
(34, 4, 8, 1, 0, 225000, 0),
(35, 104, 3, 1, 0, 20000, 0),
(36, 78, 3, 1, 0, 50000, 0),
(37, 75, 3, 2, 0, 30000, 0),
(38, 148, 3, 1, 0, 1500, 0),
(39, 165, 3, 2, 0, 1200, 0),
(40, 90, 3, 1, 0, 40000, 0),
(41, 134, 3, 1, 0, 40000, 0),
(42, 54, 3, 4, 0, 100000, 0),
(43, 53, 3, 1, 0, 100000, 0),
(44, 55, 3, 1, 0, 80000, 0),
(45, 160, 3, 1, 0, 10000, 0),
(46, 161, 3, 1, 0, 60000, 0),
(47, 162, 3, 1, 0, 15000, 0),
(48, 180, 3, 2, 0, 5000, 0),
(49, 50, 12, 2, 0, 60000, 0),
(50, 54, 12, 1, 0, 120000, 0),
(51, 121, 12, 1, 0, 75000, 0),
(59, 16, 16, 1, 0, 550000, 0),
(68, 168, 17, 1, 0, 5000, 0),
(69, 51, 14, 1, 0, 100000, 0),
(70, 194, 18, 1, 0, 3000, 0),
(72, 191, 19, 1, 0, 12000, 0),
(75, 168, 22, 2, 0, 5000, 0),
(76, 2, 23, 1, 0, 100000, 0),
(77, 104, 24, 1, 0, 10000, 0),
(82, 130, 25, 2, 0, 10000, 0),
(85, 123, 21, 2, 0, 75000, 0),
(86, 205, 15, 1, 0, 2000, 0),
(87, 170, 26, 1, 0, 10000, 0),
(89, 243, 28, 2, 0, 15000, 0),
(123, 121, 29, 1, 0, 75000, 0),
(124, 104, 29, 1, 0, 20000, 0),
(125, 186, 29, 1, 0, 120000, 0),
(126, 130, 29, 1, 0, 10000, 0),
(127, 162, 29, 1, 0, 15000, 0),
(128, 60, 29, 1, 0, 10000, 0),
(129, 98, 29, 2, 0, 12000, 0),
(130, 97, 29, 2, 0, 8000, 0),
(131, 151, 29, 4, 0, 3000, 0),
(132, 152, 29, 4, 0, 3500, 0),
(133, 79, 29, 1, 0, 60000, 0),
(134, 77, 29, 1, 0, 45000, 0),
(135, 53, 29, 1, 0, 125000, 0),
(136, 257, 29, 2, 0, 8000, 0),
(137, 270, 29, 1, 0, 1500, 0),
(138, 271, 29, 1, 0, 1500, 0),
(139, 272, 29, 1, 0, 1500, 0),
(140, 278, 29, 2, 0, 35000, 0),
(141, 121, 30, 1, 0, 75000, 0),
(142, 130, 30, 1, 0, 10000, 0),
(143, 168, 31, 1, 0, 5000, 0),
(145, 12, 33, 1, 0, 285000, 0),
(146, 206, 34, 1, 0, 2500, 0),
(147, 102, 35, 1, 0, 5000, 0),
(148, 285, 35, 2, 0, 1000, 0),
(149, 290, 35, 2, 0, 500, 0),
(234, 297, 38, 1, 0, 15000, 0),
(237, 179, 39, 56, 0, 175, 0),
(283, 279, 36, 4, 0, 5000, 0),
(284, 133, 36, 2, 0, 80000, 0),
(285, 104, 36, 4, 0, 20000, 0),
(286, 185, 36, 2, 0, 140000, 0),
(287, 292, 36, 1, 0, 80000, 0),
(288, 53, 36, 2, 0, 125000, 0),
(289, 55, 36, 1, 0, 90000, 0),
(290, 50, 36, 1, 0, 65000, 0),
(291, 122, 36, 2, 0, 75000, 0),
(292, 272, 36, 4, 0, 2000, 0),
(293, 271, 36, 4, 0, 1500, 0),
(294, 270, 36, 4, 0, 1000, 0),
(295, 130, 36, 2, 0, 10000, 0),
(296, 306, 36, 6, 0, 35000, 0),
(297, 239, 36, 8, 0, 40000, 0),
(298, 240, 36, 4, 0, 5000, 0),
(299, 113, 37, 1, 0, 40000, 0),
(302, 168, 40, 5000, 0, 1, 0),
(303, 6, 41, 1, 0, 140000, 0),
(304, 13, 42, 1, 0, 590000, 0),
(305, 58, 43, 1, 0, 8000, 0),
(306, 116, 44, 1, 0, 150000, 0),
(307, 214, 45, 1, 0, 6000, 0),
(308, 11, 46, 1, 0, 225000, 0),
(309, 2, 47, 2, 0, 120000, 0),
(310, 2, 48, 1, 0, 120000, 0),
(314, 53, 52, 2, 0, 125000, 0),
(315, 292, 52, 1, 0, 80000, 0),
(316, 185, 52, 1, 0, 140000, 0),
(317, 60, 52, 1, 0, 10000, 0),
(318, 104, 52, 1, 0, 20000, 0),
(319, 242, 53, 1, 0, 50000, 0),
(321, 52, 51, 6, 0, 110000, 0),
(322, 3, 54, 2, 0, 140000, 0),
(325, 16, 55, 4, 0, 550000, 0),
(330, 102, 57, 1, 0, 10000, 0),
(345, 191, 59, 1, 0, 15000, 0),
(346, 310, 60, 1, 0, 1000000, 0),
(347, 311, 61, 1, 0, 10000, 0),
(348, 215, 62, 1, 0, 7000, 0),
(350, 104, 64, 1, 0, 10000, 0),
(351, 206, 64, 1, 0, 3000, 0),
(352, 16, 65, 1, 0, 550000, 0),
(358, 52, 66, 4, 0, 110000, 0),
(359, 53, 66, 13, 0, 85000, 0),
(360, 2, 67, 1, 0, 120000, 0),
(361, 3, 68, 1, 0, 140000, 0),
(392, 315, 72, 2, 0, 2650000, 0),
(393, 92, 70, 50, 0, 5300, 0),
(394, 87, 70, 50, 0, 2500, 0),
(395, 253, 70, 26, 0, 3000, 0),
(396, 255, 70, 26, 0, 3500, 0),
(397, 288, 73, 1, 0, 50000, 0),
(399, 316, 75, 2, 0, 378600, 0),
(404, 287, 77, 2, 0, 10000, 0),
(405, 213, 76, 2, 0, 10000, 0),
(406, 215, 76, 2, 0, 10000, 0),
(407, 171, 76, 2, 0, 10000, 0),
(408, 102, 78, 1, 0, 5000, 0),
(411, 213, 79, 3, 0, 5000, 0),
(412, 94, 79, 1, 0, 85000, 0),
(413, 206, 58, 4, 0, 2500, 0),
(414, 207, 58, 2, 0, 2500, 0),
(415, 45, 58, 1, 0, 110000, 0),
(416, 309, 58, 5, 0, 3000, 0),
(417, 2, 80, 1, 0, 120000, 0),
(422, 190, 49, 1, 0, 15000, 0),
(423, 192, 49, 1, 0, 15000, 0),
(424, 191, 49, 1, 0, 15000, 0),
(426, 179, 83, 5, 0, 6000, 0),
(428, 287, 85, 3, 0, 10000, 0),
(429, 113, 86, 3, 0, 60000, 0),
(435, 241, 89, 1, 0, 45000, 0),
(436, 319, 90, 2, 0, 25000, 0),
(437, 318, 90, 1, 0, 35000, 0),
(438, 320, 90, 2, 0, 20000, 0),
(439, 147, 81, 3, 0, 2500, 0),
(440, 179, 81, 3, 0, 250, 0),
(441, 54, 91, 10, 0, 150000, 0),
(455, 85, 92, 1, 0, 15000, 0),
(456, 87, 92, 1, 0, 25000, 0),
(457, 255, 92, 7, 0, 2000, 0),
(458, 58, 93, 1, 0, 14000, 0),
(459, 226, 93, 10, 0, 500, 0),
(460, 60, 94, 1, 0, 6000, 0),
(461, 87, 95, 10, 0, 35000, 0),
(462, 58, 96, 1, 0, 10000, 0),
(463, 324, 97, 1, 0, 500000, 0),
(464, 172, 98, 1, 0, 5000, 0),
(465, 218, 99, 1, 0, 5000, 0),
(468, 52, 100, 1, 0, 80000, 0),
(469, 214, 101, 2, 0, 5000, 0),
(482, 58, 102, 1, 0, 8000, 0),
(487, 173, 103, 1, 0, 7000, 0),
(488, 325, 103, 1, 0, 3000, 0),
(489, 171, 103, 2, 0, 7000, 0),
(490, 280, 105, 2, 0, 15000, 0),
(494, 58, 106, 2, 0, 8000, 0),
(495, 58, 104, 1, 0, 9000, 0),
(497, 58, 107, 2, 0, 9000, 0),
(499, 58, 109, 1, 0, 9000, 0),
(500, 78, 110, 1, 0, 30000, 0),
(501, 80, 110, 1, 0, 60000, 0),
(502, 179, 110, 4, 0, 5000, 0),
(503, 172, 111, 1, 0, 10000, 0),
(504, 58, 112, 2, 0, 9500, 0),
(507, 58, 114, 1, 0, 15000, 0),
(508, 58, 115, 1, 0, 15000, 0),
(509, 87, 113, 10, 0, 35000, 0),
(510, 58, 116, 1, 0, 9000, 0),
(512, 164, 118, 2, 0, 1500, 0),
(513, 103, 118, 1, 0, 15000, 0),
(514, 58, 117, 2, 0, 9000, 0),
(515, 168, 117, 1, 0, 5000, 0),
(525, 169, 119, 4, 0, 10000, 0),
(526, 190, 119, 1, 0, 4000, 0),
(527, 168, 119, 2, 0, 5000, 0),
(528, 179, 119, 4, 0, 250, 0),
(529, 103, 119, 1, 0, 13000, 0),
(530, 3, 108, 0, 0, 160000, 0),
(531, 58, 120, 1, 0, 8000, 0),
(534, 58, 122, 2, 0, 9000, 0),
(535, 168, 122, 1, 0, 5000, 0),
(536, 58, 123, 2, 0, 9000, 0),
(537, 168, 123, 1, 0, 5000, 0),
(538, 215, 69, 1, 0, 5000, 0),
(539, 213, 69, 1, 0, 5000, 0),
(540, 179, 69, 2, 0, 250, 0),
(541, 102, 69, 1, 0, 1000, 0),
(542, 226, 69, 3, 0, 1000, 0),
(543, 168, 69, 1, 0, 5000, 0),
(544, 214, 69, 1, 0, 5000, 0),
(545, 249, 20, 1, 0, 50000, 0),
(546, 58, 20, 1, 0, 9000, 0),
(547, 403, 124, 1, 0, 100000, 0),
(548, 2, 124, 1, 0, 120000, 0),
(549, 3, 124, 1, 0, 160000, 0),
(550, 4, 124, 1, 0, 225000, 0),
(551, 14, 124, 1, 0, 450000, 0),
(552, 45, 124, 1, 0, 140000, 0),
(553, 43, 124, 1, 0, 85000, 0),
(554, 42, 124, 1, 0, 75000, 0),
(555, 47, 124, 1, 0, 110000, 0),
(557, 185, 27, 0, 0, 160000, 0),
(558, 312, 63, 0, 0, 70000, 0),
(559, 308, 50, 0, 0, 15000, 0),
(560, 124, 125, 2, 0, 97500, 0),
(561, 29, 126, 1, 0, 400000, 0),
(562, 124, 126, 1, 0, 30000, 0),
(563, 47, 127, 1, 0, 85000, 0),
(566, 168, 128, 1, 0, 5000, 0),
(567, 102, 129, 2, 0, 1000, 0),
(568, 226, 129, 2, 0, 1000, 0),
(569, 58, 129, 1, 0, 9000, 0),
(570, 160, 129, 1, 0, 500, 0),
(571, 168, 130, 1, 0, 5000, 0),
(583, 26, 121, 1, 0, 1200000, 0),
(584, 25, 121, 1, 0, 900000, 0),
(585, 58, 132, 1, 0, 8000, 0),
(586, 219, 133, 1, 0, 15000, 0),
(587, 59, 134, 3, 0, 12000, 0),
(588, 2, 71, 1, 0, 120000, 0),
(589, 12, 71, 1, 0, 285000, 0),
(590, 208, 71, 1, 0, 3500, 0),
(591, 311, 71, 2, 0, 10000, 0),
(592, 168, 71, 2, 0, 5000, 0),
(595, 53, 135, 5, 0, 85000, 0),
(596, 52, 135, 5, 0, 110000, 0),
(597, 168, 136, 2, 0, 5000, 0),
(598, 58, 137, 1, 0, 10000, 0),
(605, 53, 138, 1, 0, 185000, 0),
(606, 51, 138, 1, 0, 150000, 0),
(607, 328, 138, 1, 0, 450000, 0),
(608, 318, 139, 1, 0, 15000, 0),
(609, 58, 140, 1, 0, 9000, 0),
(610, 179, 140, 15, 0, 200, 0),
(611, 194, 140, 1, 0, 3000, 0),
(614, 179, 141, 2, 0, 250, 0),
(619, 160, 143, 1, 0, 15000, 0),
(620, 330, 143, 5, 0, 7500, 0),
(621, 179, 143, 10, 0, 250, 0),
(622, 104, 143, 1, 0, 25000, 0),
(623, 165, 143, 2, 0, 2500, 0),
(624, 331, 143, 1, 0, 600000, 0),
(629, 51, 142, 1, 0, 125000, 0),
(630, 329, 142, 1, 0, 40000, 0),
(631, 254, 142, 8, 0, 2000, 0),
(632, 29, 142, 1, 0, 450000, 0),
(634, 332, 144, 3, 0, 20000, 0),
(635, 3, 84, 0, 0, 160000, 0),
(636, 179, 145, 1, 0, 250, 0),
(637, 160, 145, 1, 0, 500, 0),
(638, 58, 145, 1, 0, 7000, 0),
(643, 403, 147, 1, 0, 100000, 0),
(644, 2, 147, 1, 0, 120000, 0),
(645, 2, 146, 0, 0, 120000, 0),
(647, 213, 148, 1, 0, 5000, 0),
(648, 285, 149, 1, 0, 1000, 0),
(649, 50, 150, 1, 0, 55000, 0),
(651, 3, 152, 1, 0, 120000, 0),
(653, 323, 153, 3, 0, 15000, 0),
(654, 67, 6, 0, 0, 60000, 0),
(660, 58, 155, 3, 0, 8000, 0),
(661, 102, 155, 1, 0, 1000, 0),
(662, 168, 155, 1, 0, 2500, 0),
(664, 214, 151, 0, 0, 10000, 0),
(665, 6, 156, 1, 0, 140000, 0),
(668, 329, 157, 1, 0, 40000, 0),
(669, 17, 157, 1, 0, 900000, 0),
(670, 104, 87, 5, 0, 20000, 0),
(671, 60, 87, 2, 0, 10000, 0),
(672, 53, 87, 2, 0, 125000, 0),
(673, 323, 87, 4, 0, 70000, 0),
(674, 112, 87, 4, 0, 60000, 0),
(676, 68, 158, 1, 0, 75000, 0),
(678, 103, 159, 1, 0, 10000, 0),
(679, 179, 160, 2, 0, 250, 0),
(682, 51, 162, 2, 0, 100000, 0),
(683, 226, 163, 1, 0, 1000, 0),
(684, 58, 164, 1, 0, 10000, 0),
(691, 87, 165, 2, 0, 30000, 0),
(692, 85, 165, 2, 0, 25000, 0),
(693, 255, 165, 15, 0, 3000, 0),
(694, 281, 165, 1, 0, 6000, 0),
(695, 58, 166, 1, 0, 8000, 0),
(697, 50, 167, 1, 0, 75000, 0),
(699, 16, 88, 0, 0, 500000, 0),
(700, 52, 56, 0, 0, 110000, 0),
(701, 285, 56, 0, 0, 2000, 0),
(702, 44, 168, 1, 0, 70000, 0),
(703, 58, 169, 1, 0, 10000, 0),
(704, 3, 170, 1, 0, 140000, 0),
(705, 335, 171, 5, 0, 7000, 0),
(706, 190, 172, 1, 0, 10000, 0),
(707, 2, 173, 1, 0, 120000, 0),
(711, 403, 176, 14, 0, 100000, 1400000),
(713, 403, 177, 19, 0, 100000, 1900000),
(715, 318, 178, 1, 0, 20000, 0),
(718, 54, 179, 5, 0, 150000, 0),
(719, 42, 180, 1, 0, 45000, 45000),
(720, 215, 181, 1, 0, 5000, 5000),
(722, 215, 183, 2, 0, 7500, 15000),
(723, 168, 183, 1, 0, 5000, 5000),
(771, 50, 161, 1, 0, 50000, 0),
(773, 104, 185, 1, 0, 20000, 0),
(774, 285, 186, 5, 0, 1000, 5000),
(776, 219, 187, 1, 0, 9000, 0),
(777, 190, 188, 1, 0, 10000, 10000),
(778, 316, 189, 0, 0, 600000, 0),
(779, 333, 154, 0, 0, 68000, 0),
(780, 74, 154, 0, 0, 47000, 0),
(797, 403, 190, 0, 0, 100000, 0),
(814, 149, 192, 40, 0, 2250, 90000),
(815, 150, 192, 50, 0, 2500, 125000),
(816, 345, 192, 6, 0, 65000, 390000),
(817, 105, 192, 5, 0, 25000, 125000),
(834, 104, 191, 3, 0, 20000, 60000),
(835, 55, 191, 1, 0, 90000, 90000),
(836, 313, 191, 3, 0, 35000, 0),
(837, 190, 191, 3, 0, 15000, 0),
(838, 50, 191, 2, 0, 55000, 0),
(839, 53, 191, 2, 0, 95000, 0),
(840, 122, 191, 3, 0, 55000, 0),
(841, 133, 191, 3, 0, 55000, 0),
(849, 348, 193, 1, 0, 350000, 350000),
(850, 242, 193, 1, 0, 50000, 50000),
(851, 103, 193, 1, 0, 10000, 10000),
(852, 332, 193, 1, 0, 15000, 0),
(853, 180, 193, 1, 0, 5000, 0),
(854, 219, 174, 1, 0, 10000, 0),
(855, 4, 174, 1, 0, 170000, 0),
(856, 317, 194, 1, 0, 3000, 3000),
(857, 317, 195, 1, 0, 3000, 3000),
(859, 45, 197, 1, 0, 150000, 150000),
(860, 205, 198, 1, 0, 1000, 1000),
(861, 287, 199, 2, 0, 5000, 10000),
(862, 59, 199, 1, 0, 10000, 10000),
(863, 94, 199, 1, 0, 90000, 90000),
(867, 403, 200, 0, 0, 100000, 0),
(872, 403, 201, 0, 0, 100000, 0),
(891, 90, 202, 1, 0, 40000, 0),
(892, 255, 202, 7, 0, 2500, 0),
(893, 85, 202, 1, 0, 20000, 0),
(894, 287, 202, 1, 0, 7000, 0),
(896, 105, 204, 5, 0, 30000, 0),
(897, 3, 74, 1, 0, 140000, 0),
(899, 168, 205, 5, 0, 5000, 0),
(904, 3, 207, 1, 0, 140000, 140000),
(905, 16, 207, 1, 0, 550000, 550000),
(911, 87, 209, 1, 0, 30000, 30000),
(912, 93, 209, 1, 0, 90000, 90000),
(915, 403, 211, 1, 0, 100000, 100000),
(916, 181, 212, 4, 0, 150000, 600000),
(918, 42, 213, 1, 0, 80000, 80000),
(923, 6, 215, 1, 0, 140000, 140000),
(924, 403, 216, 1, 0, 100000, 100000),
(925, 50, 217, 1, 0, 70000, 70000),
(926, 50, 218, 1, 0, 60000, 60000),
(927, 103, 219, 1, 0, 10000, 10000),
(928, 44, 220, 1, 0, 80000, 80000),
(929, 58, 220, 1, 0, 10000, 10000),
(930, 351, 221, 1, 0, 650000, 650000),
(931, 54, 221, 1, 0, 105000, 105000),
(932, 102, 221, 1, 0, 10000, 10000),
(933, 330, 221, 4, 0, 11000, 44000),
(935, 102, 222, 10, 0, 2000, 20000),
(936, 74, 222, 1, 0, 20000, 0),
(937, 6, 223, 1, 0, 140000, 140000),
(938, 403, 224, 1, 0, 100000, 100000),
(939, 284, 225, 4, 0, 250, 1000),
(940, 60, 225, 1, 0, 9000, 9000),
(941, 48, 226, 1, 0, 275000, 275000),
(942, 50, 227, 1, 0, 45000, 45000),
(943, 215, 228, 1, 0, 5000, 5000),
(944, 50, 229, 1, 0, 50000, 50000),
(945, 285, 230, 10, 0, 1000, 10000),
(946, 183, 231, 1, 0, 140000, 140000),
(947, 2, 232, 1, 0, 120000, 120000),
(949, 14, 233, 0, 0, 500000, 0),
(953, 14, 234, 1, 0, 500000, 0),
(954, 352, 235, 1, 0, 50000, 50000),
(966, 87, 236, 1, 0, 30000, 30000),
(967, 97, 236, 15, 0, 10000, 150000),
(968, 151, 236, 10, 0, 3500, 35000),
(969, 253, 236, 8, 0, 2000, 16000),
(970, 354, 236, 20, 0, 250, 0),
(971, 52, 236, 1, 0, 100000, 0),
(972, 160, 236, 1, 0, 10000, 0),
(973, 356, 236, 1, 0, 25000, 0),
(974, 355, 236, 1, 0, 20000, 0),
(978, 53, 237, 1, 0, 80000, 80000),
(982, 351, 238, 1, 0, 400000, 400000),
(983, 102, 238, 1, 0, 10000, 10000),
(984, 54, 238, 1, 0, 70000, 0),
(986, 6, 240, 1, 0, 140000, 140000),
(987, 321, 241, 1, 0, 800000, 800000),
(989, 15, 242, 1, 0, 600000, 600000),
(990, 168, 243, 2, 0, 5000, 10000),
(992, 151, 208, 6, 0, 2500, 15000),
(993, 332, 208, 3, 0, 15000, 45000),
(994, 239, 206, 1, 0, 15000, 0),
(995, 238, 206, 1, 0, 15000, 0),
(1000, 87, 210, 0, 0, 30000, 0),
(1001, 93, 210, 0, 0, 90000, 0),
(1018, 332, 247, 2, 0, 15000, 30000),
(1019, 191, 247, 2, 0, 15000, 30000),
(1020, 192, 248, 1, 0, 12000, 12000),
(1021, 6, 249, 1, 0, 140000, 140000),
(1022, 358, 250, 1, 0, 770000, 770000),
(1024, 242, 251, 1, 0, 50000, 0),
(1025, 103, 214, 1, 0, 15000, 15000),
(1026, 357, 214, 1, 0, 30000, 0),
(1027, 228, 214, 1, 0, 20000, 0),
(1028, 13, 214, 1, 0, 325000, 0),
(1029, 190, 252, 1, 0, 12000, 12000),
(1030, 318, 203, 1, 0, 15000, 15000),
(1031, 318, 203, 1, 0, 15000, 0),
(1032, 204, 203, 1, 0, 2000, 0),
(1033, 204, 203, 1, 0, 2000, 0),
(1034, 52, 253, 5, 0, 121000, 605000),
(1035, 55, 253, 2, 0, 88000, 176000),
(1037, 321, 246, 0, 0, 700000, 0),
(1047, 322, 131, 0, 0, 450000, 0),
(1048, 321, 131, 0, 0, 1850000, 0),
(1052, 8, 254, 1, 0, 270000, 0),
(1053, 2, 255, 1, 0, 110000, 0),
(1055, 85, 257, 3, 0, 15000, 0),
(1056, 113, 258, 1, 0, 30000, 30000),
(1060, 173, 260, 1, 0, 5000, 5000),
(1081, 170, 261, 1, 0, 15000, 0),
(1082, 334, 261, 1, 0, 1000, 0),
(1083, 179, 261, 2, 0, 250, 0),
(1084, 173, 262, 1, 0, 4000, 4000),
(1085, 179, 262, 2, 0, 250, 500),
(1086, 51, 263, 1, 0, 110000, 110000),
(1087, 179, 263, 5, 0, 250, 1250),
(1088, 60, 263, 1, 0, 10000, 10000),
(1089, 190, 263, 1, 0, 40000, 40000),
(1093, 321, 245, 1, 0, 700000, 700000),
(1094, 168, 264, 1, 0, 5000, 5000),
(1101, 53, 244, 1, 0, 125000, 125000),
(1102, 104, 244, 4, 0, 20000, 80000),
(1103, 121, 244, 1, 0, 75000, 75000),
(1104, 183, 244, 1, 0, 140000, 140000),
(1105, 340, 244, 2, 0, 35000, 70000),
(1106, 133, 244, 1, 0, 80000, 0),
(1107, 309, 244, 1, 0, 30000, 0),
(1108, 113, 265, 1, 0, 35000, 35000),
(1114, 50, 267, 5, 0, 40000, 200000),
(1115, 170, 268, 1, 0, 7000, 7000),
(1116, 168, 259, 5, 0, 4000, 20000),
(1117, 213, 259, 1, 0, 3500, 0),
(1118, 168, 259, 0.5, 0, 5000, 0),
(1119, 103, 259, 1, 0, 7500, 0),
(1121, 170, 270, 1, 0, 10000, 10000),
(1124, 249, 269, 1, 0, 35000, 0),
(1137, 168, 271, 1, 0, 0, 0),
(1139, 102, 266, 10, 0, 500, 0),
(1140, 332, 266, 4, 0, 9000, 0),
(1147, 267, 274, 1, 0, 4000, 4000),
(1148, 296, 274, 2, 0, 1000, 2000),
(1149, 362, 272, 1, 0, 2500, 2500),
(1150, 318, 272, 1, 0, 20000, 0),
(1151, 303, 272, 1, 0, 10000, 0),
(1152, 215, 275, 3, 0, 10000, 30000),
(1153, 218, 275, 3, 0, 15000, 45000),
(1154, 217, 275, 3, 0, 10000, 30000),
(1155, 297, 275, 1, 0, 25000, 25000),
(1156, 298, 275, 1, 0, 35000, 35000),
(1159, 2, 276, 1, 0, 120000, 0),
(1160, 47, 239, 0, 0, 90000, 0),
(1162, 170, 278, 1, 0, 10000, 10000),
(1184, 168, 281, 1, 0, 5000, 5000),
(1185, 215, 281, 1, 0, 5000, 0),
(1186, 190, 281, 1, 0, 10000, 0),
(1189, 105, 283, 1, 0, 25000, 25000),
(1190, 168, 282, 0, 0, 5000, 0),
(1191, 316, 284, 1, 0, 450000, 450000),
(1192, 242, 284, 1, 0, 60000, 60000),
(1195, 318, 277, 1, 0, 15000, 15000),
(1196, 318, 277, 1, 0, 15000, 0),
(1197, 204, 277, 2, 0, 1000, 0),
(1198, 321, 182, 0, 0, 900000, 0),
(1199, 168, 285, 2, 0, 4000, 8000),
(1202, 18, 286, 1, 0, 940000, 940000),
(1203, 51, 286, 1, 0, 60000, 60000),
(1208, 366, 288, 1, 0, 5000, 0),
(1224, 11, 292, 1, 0, 140000, 140000),
(1225, 106, 290, 1, 0, 30000, 30000),
(1226, 114, 290, 1, 0, 100000, 100000),
(1227, 183, 290, 1, 0, 80000, 0),
(1231, 310, 295, 1, 0, 1000000, 1000000),
(1232, 403, 296, 1, 0, 100000, 100000),
(1235, 403, 298, 1, 0, 100000, 100000),
(1240, 13, 299, 2, 0, 425000, 850000),
(1241, 149, 299, 4, 0, 3000, 12000),
(1242, 148, 299, 4, 0, 2500, 10000),
(1243, 134, 299, 2, 0, 50000, 100000),
(1245, 60, 300, 1, 0, 10000, 10000),
(1246, 367, 300, 1, 0, 40000, 0),
(1247, 169, 301, 1, 0, 10000, 10000),
(1248, 215, 301, 1, 0, 5000, 5000),
(1249, 225, 301, 1, 0, 3000, 3000),
(1250, 49, 302, 1, 0, 225000, 225000),
(1251, 102, 302, 3, 0, 1000, 3000),
(1252, 59, 302, 3, 0, 10000, 30000),
(1253, 179, 302, 4, 0, 250, 1000),
(1254, 290, 302, 2, 0, 100, 200),
(1255, 297, 302, 2, 0, 10000, 20000),
(1256, 168, 302, 1, 0, 5000, 5000),
(1257, 179, 302, 4, 0, 1000, 4000),
(1258, 232, 302, 3, 0, 2000, 6000),
(1259, 354, 302, 8, 0, 250, 2000),
(1260, 160, 302, 2, 0, 500, 1000),
(1261, 340, 184, 0, 0, 35000, 0),
(1262, 53, 184, 0, 0, 125000, 0),
(1263, 104, 184, 0, 0, 20000, 0),
(1264, 343, 184, 0, 0, 100000, 0),
(1265, 338, 184, 0, 0, 2500, 0),
(1266, 342, 184, 0, 0, 2500, 0),
(1267, 313, 184, 0, 0, 45000, 0),
(1268, 53, 303, 5, 0, 85000, 425000),
(1271, 2, 304, 0, 0, 170000, 0),
(1272, 43, 306, 1, 0, 80000, 80000),
(1275, 18, 307, 1, 0, 1000000, 1000000),
(1276, 238, 308, 8, 0, 15000, 120000),
(1286, 50, 309, 1, 0, 90000, 90000),
(1287, 52, 309, 1, 0, 175000, 175000),
(1288, 242, 310, 2, 0, 95000, 190000),
(1289, 104, 311, 1, 0, 15000, 15000),
(1291, 250, 313, 1, 0, 50000, 50000),
(1292, 2, 312, 3, 0, 165000, 495000),
(1293, 155, 314, 4, 0, 5000, 20000),
(1294, 368, 314, 1, 0, 100000, 100000),
(1296, 318, 316, 2, 0, 15000, 30000),
(1297, 204, 316, 1, 0, 2000, 2000),
(1298, 214, 316, 1, 0, 5000, 5000),
(1299, 308, 315, 3, 0, 15000, 0),
(1301, 113, 318, 3, 0, 30000, 90000),
(1302, 131, 319, 1, 0, 25000, 25000),
(1304, 308, 320, 4, 0, 7000, 0),
(1305, 168, 321, 2, 0, 5000, 10000),
(1306, 332, 322, 2, 0, 15000, 30000),
(1307, 308, 323, 5, 0, 7000, 35000),
(1308, 54, 324, 4, 0, 50000, 200000),
(1309, 349, 297, 0, 0, 60000, 0),
(1310, 41, 293, 0, 0, 2000000, 0),
(1311, 54, 291, 0, 0, 50000, 0),
(1312, 41, 289, 0, 0, 6500000, 0),
(1315, 90, 294, 14, 0, 40000, 560000),
(1316, 93, 294, 14, 0, 100000, 1400000),
(1319, 93, 325, 5, 0, 100000, 500000),
(1320, 87, 325, 2, 0, 35000, 0),
(1325, 94, 326, 1, 0, 100000, 100000),
(1326, 285, 326, 1, 0, 5000, 5000),
(1327, 179, 326, 8, 0, 250, 0),
(1328, 148, 326, 4, 0, 1000, 0),
(1338, 47, 329, 2, 0, 100000, 200000),
(1339, 45, 330, 1, 0, 40000, 0),
(1342, 325, 328, 1, 0, 3000, 3000),
(1343, 295, 328, 1, 0, 500, 0),
(1345, 53, 331, 1, 0, 40000, 0),
(1346, 104, 332, 2, 0, 15000, 30000),
(1347, 269, 333, 3, 0, 5000, 0),
(1348, 298, 334, 3, 0, 5000, 0),
(1349, 94, 327, 1, 0, 90000, 0),
(1350, 325, 335, 1, 0, 3000, 3000),
(1351, 179, 336, 25, 0, 200, 5000),
(1352, 15, 337, 1, 0, 150000, 0),
(1356, 53, 339, 1, 0, 40000, 0),
(1358, 52, 340, 1, 0, 30000, 0),
(1359, 52, 341, 1, 0, 30000, 0),
(1360, 58, 342, 1, 0, 5000, 5000),
(1363, 54, 343, 1, 0, 40000, 0),
(1364, 52, 344, 18, 0, 100000, 1800000),
(1367, 58, 346, 1, 0, 10000, 10000),
(1368, 87, 347, 3, 0, 10000, 0),
(1369, 50, 348, 1, 0, 50000, 50000),
(1371, 54, 349, 2, 0, 50000, 0),
(1381, 298, 351, 1, 0, 40000, 40000),
(1382, 373, 351, 2, 0, 500, 0),
(1387, 60, 352, 1, 0, 8000, 8000),
(1388, 151, 352, 2, 0, 1000, 2000),
(1389, 218, 352, 2, 0, 6000, 12000),
(1390, 354, 352, 4, 0, 250, 1000),
(1392, 403, 353, 1, 0, 100000, 100000),
(1393, 370, 350, 1, 0, 275000, 275000),
(1394, 330, 350, 4, 0, 8000, 0),
(1396, 54, 354, 1, 0, 100000, 0),
(1397, 3, 355, 1, 0, 140000, 140000),
(1399, 250, 356, 1, 0, 50000, 0),
(1400, 168, 279, 2, 0, 5000, 10000),
(1401, 179, 279, 1, 0, 250, 250),
(1402, 403, 279, 1, 0, 75000, 0),
(1403, 226, 357, 1, 0, 1000, 1000),
(1405, 44, 359, 6, 0, 100000, 600000),
(1408, 90, 360, 1, 0, 45000, 45000),
(1409, 93, 360, 1, 0, 110000, 110000),
(1410, 52, 361, 1, 0, 30000, 0),
(1412, 92, 363, 1, 0, 60000, 0),
(1414, 188, 364, 24, 0, 185000, 0),
(1417, 403, 365, 0, 0, 100000, 0),
(1418, 168, 366, 1, 0, 7000, 7000),
(1419, 50, 367, 5, 0, 57000, 285000),
(1422, 374, 369, 1, 0, 17408534, 0),
(1425, 42, 345, 1, 0, 75000, 75000),
(1426, 49, 345, 1, 0, 300000, 0),
(1431, 168, 371, 1, 0, 5000, 5000),
(1432, 15, 372, 1, 0, 650000, 650000),
(1435, 53, 373, 1, 0, 125000, 125000),
(1436, 49, 373, 1, 0, 400000, 400000),
(1437, 191, 374, 1, 0, 15000, 15000),
(1438, 161, 375, 1, 0, 50000, 50000),
(1443, 172, 376, 1, 0, 7000, 0),
(1444, 170, 377, 1, 0, 10000, 10000),
(1445, 163, 378, 3, 0, 1500, 4500),
(1446, 164, 378, 3, 0, 2000, 6000),
(1447, 74, 379, 1, 0, 17000, 17000),
(1450, 133, 280, 0, 0, 80000, 0),
(1451, 321, 273, 0, 0, 700000, 0),
(1454, 35, 370, 0, 0, 2200000, 0),
(1455, 54, 370, 0, 0, 175000, 0),
(1460, 50, 383, 1, 0, 25000, 0),
(1461, 52, 383, 1, 0, 30000, 0),
(1472, 365, 384, 1, 0, 3700000, 0),
(1473, 375, 384, 1, 0, 5500000, 0),
(1475, 183, 381, 5, 0, 120000, 600000),
(1480, 130, 385, 1, 0, 10000, 0),
(1488, 403, 386, 1, 0, 80000, 0),
(1489, 50, 386, 1, 0, 40000, 0),
(1492, 376, 388, 1, 0, 175000, 175000),
(1493, 167, 388, 4, 0, 2500, 0),
(1494, 325, 389, 1, 0, 4000, 4000),
(1495, 52, 390, 2, 0, 30000, 0),
(1503, 75, 391, 1, 0, 35000, 35000),
(1504, 76, 391, 1, 0, 45000, 45000),
(1505, 124, 391, 1, 0, 75000, 75000),
(1506, 298, 391, 1, 0, 35000, 35000),
(1507, 147, 391, 3, 0, 1500, 4500),
(1508, 149, 391, 3, 0, 2500, 7500),
(1509, 330, 391, 3, 0, 7500, 22500),
(1510, 380, 391, 2, 0, 2500, 0),
(1511, 381, 391, 2, 0, 5000, 0),
(1512, 74, 387, 1, 0, 20000, 0),
(1513, 6, 392, 1, 0, 140000, 140000),
(1515, 74, 362, 1, 0, 5000, 0),
(1516, 295, 393, 1, 0, 500, 500),
(1519, 71, 395, 2, 0, 175000, 350000),
(1522, 324, 398, 2, 0, 850000, 1700000),
(1524, 55, 400, 2, 0, 40000, 0),
(1525, 168, 401, 2, 0, 5000, 10000),
(1526, 50, 402, 1, 0, 40000, 40000),
(1529, 170, 403, 1, 0, 10000, 10000),
(1530, 173, 403, 1, 0, 5000, 5000),
(1531, 334, 403, 10, 0, 1000, 0),
(1532, 54, 404, 1, 0, 65000, 65000),
(1533, 150, 405, 6, 0, 3500, 21000),
(1534, 12, 396, 0, 0, 40000, 0),
(1535, 93, 406, 2, 0, 25000, 0),
(1536, 382, 407, 2, 0, 20000, 40000),
(1538, 117, 408, 1, 0, 430000, 430000),
(1542, 117, 394, 1, 0, 430000, 0),
(1543, 242, 409, 1, 0, 60000, 60000),
(1544, 55, 410, 4, 0, 40000, 0),
(1545, 52, 410, 8, 0, 30000, 0),
(1546, 183, 410, 2, 0, 25000, 0),
(1548, 192, 411, 2, 0, 15000, 0),
(1549, 119, 412, 1, 0, 60000, 60000),
(1550, 24, 413, 1, 0, 1400000, 1400000),
(1551, 6, 414, 1, 0, 140000, 140000),
(1552, 2, 415, 3, 0, 165000, 495000),
(1553, 50, 416, 2, 0, 40000, 80000),
(1555, 349, 417, 2, 0, 70000, 140000),
(1556, 183, 418, 4, 0, 80000, 320000),
(1568, 3, 420, 1, 0, 140000, 140000),
(1570, 403, 421, 1, 0, 100000, 100000),
(1571, 106, 422, 1, 0, 30000, 30000),
(1572, 226, 423, 10, 0, 1000, 10000),
(1576, 403, 419, 0, 0, 100000, 0),
(1577, 50, 424, 1, 0, 40000, 40000),
(1578, 19, 424, 1, 0, 800000, 0),
(1579, 168, 424, 2, 0, 5000, 0),
(1585, 47, 426, 1, 0, 100000, 100000),
(1586, 321, 427, 2, 0, 750000, 1500000),
(1587, 122, 427, 1, 0, 125000, 125000),
(1589, 31, 428, 1, 0, 1850000, 1850000),
(1591, 31, 429, 1, 0, 1850000, 1850000),
(1592, 321, 380, 0, 0, 1850000, 0),
(1594, 50, 358, 0, 0, 80000, 0),
(1595, 2, 305, 0, 0, 170000, 0),
(1596, 135, 287, 0, 0, 50000, 0),
(1597, 148, 287, 0, 0, 2500, 0),
(1598, 149, 287, 0, 0, 3000, 0),
(1599, 12, 397, 0, 0, 400000, 0),
(1604, 351, 430, 1, 0, 600000, 0),
(1605, 54, 430, 1, 0, 105000, 0),
(1606, 67, 430, 1, 0, 65000, 0),
(1607, 391, 431, 1, 0, 50000, 50000),
(1608, 28, 432, 1, 0, 680000, 680000),
(1609, 54, 432, 1, 0, 105000, 105000),
(1610, 103, 432, 1, 0, 15000, 15000),
(1614, 355, 434, 1, 0, 80000, 80000),
(1616, 190, 436, 20, 0, 8500, 170000),
(1617, 403, 437, 1, 0, 100000, 100000),
(1621, 28, 433, 0, 0, 680000, 0),
(1622, 103, 433, 0, 0, 15000, 0),
(1623, 54, 433, 0, 0, 105000, 0),
(1624, 392, 435, 1, 0, 55000, 0),
(1626, 403, 438, 1, 0, 100000, 100000),
(1627, 168, 439, 1, 0, 4000, 4000),
(1628, 104, 32, 0, 0, 20000, 0),
(1634, 168, 445, 1, 0, 2500, 2500),
(1635, 168, 444, 0, 0, 2500, 0),
(1636, 177, 13, 1, 0, 5000, 0),
(1637, 177, 13, 1, 0, 5000, 0),
(1638, 168, 443, 0, 0, 2500, 0),
(1639, 168, 440, 0, 0, 2500, 0),
(1640, 168, 441, 0, 0, 2500, 0),
(1641, 168, 442, 0, 0, 2500, 0),
(1642, 375, 446, 1, 0, 9500000, 9500000),
(1643, 98, 446, 10, 0, 10000, 100000),
(1644, 90, 446, 1, 0, 40000, 40000),
(1645, 257, 446, 5, 0, 4000, 20000),
(1646, 350, 446, 1, 0, 135000, 135000),
(1647, 152, 446, 4, 0, 3500, 14000),
(1648, 354, 446, 30, 0, 250, 7500),
(1649, 393, 447, 1, 0, 20000, 20000),
(1650, 168, 448, 1, 0, 5000, 5000),
(1657, 54, 452, 4, 0, 100000, 0),
(1659, 70, 453, 1, 0, 150000, 150000),
(1660, 54, 382, 1, 0, 50000, 50000),
(1661, 53, 382, 1, 0, 70000, 0),
(1662, 54, 454, 1, 0, 55000, 0),
(1663, 54, 449, 0, 0, 100000, 0),
(1664, 54, 450, 0, 0, 100000, 0),
(1668, 217, 455, 1, 0, 10000, 10000),
(1669, 218, 455, 1, 0, 10000, 10000),
(1670, 73, 455, 2, 0, 180000, 0),
(1671, 51, 456, 5, 0, 85000, 425000),
(1674, 168, 457, 1, 0, 5000, 0),
(1675, 50, 459, 1, 0, 40000, 40000),
(1676, 54, 451, 0, 0, 100000, 0),
(1678, 50, 461, 1, 0, 25000, 0),
(1688, 170, 462, 1, 0, 8000, 8000),
(1689, 334, 462, 1, 0, 1000, 0),
(1690, 354, 462, 1, 0, 250, 0),
(1691, 3, 463, 1, 0, 120000, 120000),
(1693, 113, 465, 1, 0, 30000, 30000),
(1697, 3, 467, 2, 0, 185000, 370000),
(1698, 4, 467, 1, 0, 265000, 0),
(1701, 4, 464, 0, 0, 225000, 0),
(1702, 396, 460, 0, 0, 400000, 0),
(1707, 49, 472, 1, 0, 275000, 275000),
(1708, 172, 473, 2, 0, 5000, 10000),
(1710, 50, 475, 1, 0, 40000, 40000),
(1711, 49, 470, 0, 0, 325000, 0),
(1713, 49, 469, 0, 0, 325000, 0),
(1714, 49, 468, 0, 0, 325000, 0),
(1715, 399, 474, 2, 0, 25000, 0),
(1716, 87, 476, 1, 0, 40000, 40000),
(1717, 93, 476, 1, 0, 120000, 120000),
(1718, 183, 256, 0, 0, 90000, 0),
(1719, 369, 317, 0, 0, 2650000, 0),
(1720, 50, 196, 0, 0, 90000, 0),
(1721, 50, 458, 0, 0, 40000, 0),
(1722, 50, 477, 1, 0, 40000, 40000),
(1735, 241, 479, 1, 0, 40000, 0),
(1739, 400, 478, 1, 0, 3000, 3000),
(1740, 168, 478, 1, 0, 5000, 0),
(1741, 354, 478, 8, 0, 250, 0),
(1742, 50, 480, 1, 0, 35000, 35000),
(1749, 147, 482, 20, 0, 2000, 40000),
(1750, 150, 482, 20, 0, 3000, 60000),
(1751, 152, 482, 20, 0, 3500, 70000),
(1752, 87, 482, 5, 0, 40000, 200000),
(1753, 93, 482, 4, 0, 120000, 480000),
(1754, 98, 482, 10, 0, 15000, 150000),
(1755, 399, 483, 1, 0, 50000, 0),
(1756, 92, 484, 1, 0, 60000, 0),
(1757, 98, 484, 10, 0, 8000, 0),
(1758, 147, 484, 20, 0, 800, 0),
(1759, 147, 481, 0, 0, 2000, 0),
(1760, 150, 481, 0, 0, 3000, 0),
(1761, 152, 481, 0, 0, 3500, 0),
(1762, 399, 481, 0, 0, 120000, 0),
(1763, 98, 481, 0, 0, 15000, 0),
(1772, 53, 485, 2, 0, 85000, 170000),
(1773, 60, 485, 5, 0, 10000, 50000),
(1774, 299, 485, 5, 0, 40000, 200000),
(1775, 402, 485, 15, 0, 10000, 0),
(1776, 401, 487, 2, 0, 35000, 70000),
(1832, 62, 488, 1, 0, 75000, 0),
(1833, 51, 488, 1, 0, 100000, 0),
(1834, 119, 488, 1, 0, 50000, 0),
(1835, 190, 488, 1, 0, 15000, 0),
(1836, 179, 488, 4, 0, 250, 0),
(1837, 104, 488, 2, 0, 15000, 0),
(1839, 43, 490, 1, 0, 85000, 85000),
(1840, 191, 425, 1, 0, 15000, 15000),
(1841, 403, 491, 1, 0, 80000, 80000),
(1842, 30, 492, 1, 0, 650000, 650000),
(1843, 50, 493, 1, 0, 40000, 40000),
(1844, 168, 494, 1, 0, 5000, 5000),
(1845, 226, 495, 1, 0, 1000, 1000),
(1846, 170, 495, 1, 0, 6000, 6000),
(1847, 168, 489, 3, 0, 5000, 0),
(1849, 404, 496, 3, 0, 400000, 0),
(1851, 404, 497, 2, 0, 800000, 1600000),
(1852, 228, 498, 1, 0, 40000, 40000),
(1855, 226, 499, 1, 0, 1000, 1000),
(1856, 183, 499, 1, 0, 90000, 0),
(1857, 60, 500, 14, 0, 2500, 0),
(1858, 3, 501, 1, 0, 140000, 140000),
(1859, 400, 502, 2, 0, 3000, 6000),
(1861, 168, 503, 3, 0, 5000, 0),
(1863, 318, 505, 1, 0, 15000, 15000),
(1866, 53, 338, 4, 0, 70000, 0),
(1867, 218, 506, 5, 0, 15000, 75000),
(1868, 406, 506, 5, 0, 16500, 82500),
(1869, 215, 507, 15, 0, 12000, 180000),
(1870, 90, 507, 2, 0, 45000, 90000),
(1871, 335, 504, 1, 0, 3500, 3500),
(1872, 168, 504, 1, 0, 5000, 0),
(1873, 52, 508, 2, 0, 30000, 0),
(1874, 133, 509, 1, 0, 60000, 60000),
(1875, 50, 510, 1, 0, 40000, 40000),
(1876, 104, 510, 1, 0, 10000, 10000),
(1877, 160, 510, 1, 0, 500, 500),
(1878, 179, 510, 2, 0, 250, 500),
(1879, 226, 510, 1, 0, 1000, 1000),
(1880, 407, 511, 2, 0, 750000, 1500000),
(1881, 31, 512, 1, 0, 1400000, 1400000),
(1882, 104, 512, 1, 0, 20000, 20000),
(1883, 140, 512, 1, 0, 35000, 35000),
(1884, 350, 512, 1, 0, 125000, 125000),
(1895, 150, 514, 10, 0, 3000, 30000),
(1896, 152, 514, 10, 0, 3500, 35000),
(1897, 93, 514, 2, 0, 120000, 0),
(1902, 327, 516, 28, 0, 4500, 126000),
(1903, 408, 516, 2, 0, 24000, 0),
(1904, 243, 517, 2, 0, 50000, 100000),
(1916, 134, 518, 1, 0, 40000, 40000),
(1917, 239, 518, 1, 0, 15000, 0),
(1918, 238, 518, 1, 0, 15000, 0),
(1920, 42, 515, 1, 0, 65000, 0),
(1921, 123, 519, 1, 0, 70000, 70000),
(1923, 239, 521, 2, 0, 15000, 30000),
(1924, 230, 521, 1, 0, 50000, 50000),
(1925, 243, 522, 1, 0, 20000, 20000),
(1927, 324, 524, 1, 0, 400000, 0),
(1928, 395, 525, 1, 0, 750000, 750000),
(1941, 242, 528, 1, 0, 75000, 75000),
(1942, 254, 529, 2, 0, 2000, 4000),
(1943, 255, 529, 1, 0, 2500, 2500),
(1944, 285, 529, 1, 0, 1000, 1000),
(1947, 130, 520, 4, 0, 10000, 0),
(1972, 6, 532, 1, 0, 140000, 140000),
(1982, 51, 530, 2, 0, 110000, 220000),
(1983, 154, 530, 2, 0, 5000, 10000),
(1984, 330, 530, 2, 0, 10000, 20000),
(1985, 190, 530, 1, 0, 35000, 0),
(1986, 77, 530, 1, 0, 20000, 0),
(1987, 105, 530, 1, 0, 25000, 0),
(1988, 287, 530, 2, 0, 5000, 0),
(1989, 409, 530, 1, 0, 70000, 0),
(1990, 50, 531, 0, 0, 80000, 0),
(1991, 168, 533, 2, 0, 5000, 10000),
(1992, 297, 533, 1, 0, 10000, 10000),
(1995, 58, 534, 0, 0, 10000, 0),
(1996, 9, 535, 3, 0, 100000, 300000),
(1997, 85, 536, 3, 0, 7500, 0),
(1998, 87, 536, 3, 0, 10000, 0),
(1999, 90, 536, 3, 0, 15000, 0),
(2009, 321, 527, 0, 0, 1400000, 0),
(2010, 313, 527, 0, 0, 45000, 0),
(2011, 104, 527, 0, 0, 20000, 0),
(2012, 218, 537, 10, 0, 16500, 165000),
(2013, 217, 537, 5, 0, 16500, 82500),
(2014, 216, 537, 5, 0, 16500, 82500),
(2015, 213, 537, 10, 0, 13500, 135000),
(2016, 212, 537, 10, 0, 13500, 135000),
(2017, 205, 537, 10, 0, 3500, 35000),
(2018, 204, 537, 10, 0, 3000, 30000),
(2019, 215, 537, 10, 0, 15000, 150000),
(2020, 2, 513, 0, 0, 120000, 0),
(2021, 410, 538, 100, 0, 2650, 265000),
(2022, 147, 538, 50, 0, 1500, 75000),
(2023, 152, 538, 50, 0, 3500, 175000),
(2024, 147, 539, 15, 0, 600, 0),
(2025, 152, 539, 31, 0, 2000, 0),
(2026, 324, 523, 0, 0, 400000, 0),
(2027, 87, 540, 2, 0, 40000, 80000),
(2028, 318, 541, 1, 0, 25000, 25000),
(2029, 204, 541, 1, 0, 2000, 2000),
(2030, 168, 541, 1, 0, 5000, 5000),
(2031, 172, 541, 3, 0, 5000, 15000),
(2032, 294, 542, 20, 0, 3000, 60000),
(2033, 408, 542, 2, 0, 15000, 30000),
(2034, 402, 542, 1, 0, 5000, 5000),
(2040, 2, 543, 0, 0, 120000, 0),
(2041, 230, 544, 1, 0, 40000, 40000),
(2042, 168, 544, 1, 0, 5000, 5000),
(2043, 168, 544, 1, 0, 5000, 0),
(2044, 413, 545, 1, 0, 1800000, 1800000),
(2046, 248, 547, 4, 0, 10000, 40000),
(2047, 414, 546, 1, 0, 300000, 0),
(2048, 217, 548, 1, 0, 10000, 10000),
(2049, 308, 549, 4, 0, 40000, 160000),
(2050, 50, 550, 1, 0, 40000, 40000),
(2052, 232, 552, 2, 0, 70000, 140000),
(2053, 345, 552, 2, 0, 50000, 100000),
(2061, 104, 553, 1, 0, 35000, 0),
(2062, 130, 553, 1, 0, 10000, 0),
(2063, 34, 553, 1, 0, 1000000, 0),
(2064, 403, 554, 1, 0, 80000, 80000),
(2070, 9, 556, 1, 0, 100000, 100000),
(2071, 50, 551, 1, 0, 45000, 0),
(2072, 4, 557, 1, 0, 200000, 200000),
(2074, 55, 558, 6, 0, 80000, 480000),
(2075, 398, 559, 1, 0, 4000000, 4000000),
(2078, 349, 560, 1, 0, 60000, 0),
(2082, 218, 561, 20, 0, 16500, 330000),
(2083, 215, 561, 25, 0, 15000, 375000),
(2084, 220, 561, 10, 0, 3500, 0),
(2085, 249, 562, 3, 0, 50000, 150000),
(2086, 130, 555, 1, 0, 10000, 10000),
(2087, 191, 555, 1, 0, 10000, 10000),
(2088, 60, 555, 1, 0, 8000, 8000),
(2089, 119, 555, 1, 0, 25000, 25000),
(2090, 50, 555, 1, 0, 45000, 45000),
(2091, 287, 555, 2, 0, 8000, 0),
(2098, 284, 563, 1, 0, 60000, 60000),
(2099, 42, 563, 2, 0, 75000, 0),
(2100, 242, 563, 1, 0, 170000, 0),
(2101, 55, 399, 2, 0, 25000, 0),
(2102, 55, 564, 3, 0, 80000, 240000),
(2124, 316, 566, 1, 0, 378600, 0),
(2132, 215, 568, 17, 0, 4000, 0),
(2133, 218, 568, 4, 0, 5000, 0),
(2134, 50, 569, 1, 0, 40000, 40000),
(2135, 72, 570, 1, 0, 110000, 110000),
(2136, 321, 526, 1, 0, 1400000, 1400000),
(2137, 313, 526, 2, 0, 45000, 90000),
(2138, 104, 526, 2, 0, 20000, 40000),
(2139, 58, 526, 1, 0, 125000, 0),
(2140, 191, 567, 2, 0, 10000, 20000),
(2141, 332, 567, 1, 0, 9000, 9000),
(2142, 55, 567, 1, 0, 80000, 80000),
(2143, 154, 567, 2, 0, 3000, 6000),
(2144, 371, 567, 2, 0, 3500, 7000),
(2145, 415, 567, 1, 0, 300000, 0),
(2146, 52, 567, 2, 0, 100000, 0),
(2147, 125, 567, 1, 0, 175000, 0),
(2148, 238, 567, 1, 0, 15000, 0),
(2149, 239, 567, 1, 0, 15000, 0),
(2166, 219, 573, 10, 0, 16500, 165000),
(2167, 214, 573, 10, 0, 15000, 150000),
(2168, 205, 573, 10, 0, 3500, 35000),
(2169, 204, 573, 15, 0, 3000, 45000),
(2173, 55, 571, 3, 0, 80000, 0),
(2174, 54, 572, 1, 0, 55000, 0),
(2175, 53, 565, 1, 0, 125000, 125000),
(2176, 55, 565, 1, 0, 90000, 0),
(2186, 90, 575, 1, 0, 50000, 50000),
(2187, 87, 575, 15, 0, 45000, 675000),
(2188, 254, 575, 4, 0, 2000, 0),
(2189, 271, 575, 2, 0, 2000, 0),
(2190, 93, 575, 1, 0, 110000, 0),
(2191, 87, 576, 8, 0, 45000, 360000),
(2192, 49, 577, 1, 0, 275000, 275000),
(2193, 50, 578, 5, 0, 70000, 350000),
(2194, 55, 578, 3, 0, 90000, 270000),
(2195, 395, 579, 1, 0, 750000, 750000),
(2196, 72, 580, 3, 0, 175000, 525000),
(2197, 2, 580, 1, 0, 100000, 100000),
(2198, 6, 574, 1, 0, 140000, 140000);

-- --------------------------------------------------------

--
-- Structure de la table `mois`
--

CREATE TABLE `mois` (
  `id` int(11) NOT NULL,
  `name` varchar(20) NOT NULL,
  `abb` varchar(5) NOT NULL,
  `num` varchar(2) NOT NULL
) ENGINE=InnoDB DEFAULT CHARSET=latin1;

--
-- Déchargement des données de la table `mois`
--

INSERT INTO `mois` (`id`, `name`, `abb`, `num`) VALUES
(1, 'JANVIER', 'JAN', '01'),
(2, 'FEVRIER', 'FEV', '02'),
(3, 'MARS', 'MARS', '03'),
(4, 'AVRIL', 'AVR', '04'),
(5, 'MAI', 'MAI', '05'),
(6, 'JUIN', 'JUIN', '06'),
(7, 'JUILLET', 'JUIL', '07'),
(8, 'AOUT', 'AOUT', '08'),
(9, 'SEPTEMBRE', 'SEP', '09'),
(10, 'OCTOBRE', 'OCT', '10'),
(11, 'NOVEMBRE', 'NOV', '11'),
(12, 'DECEMBRE', 'DEC', '12');

-- --------------------------------------------------------

--
-- Structure de la table `paiements`
--

CREATE TABLE `paiements` (
  `id` int(11) NOT NULL,
  `reference` varchar(100) DEFAULT NULL,
  `facture_id` int(11) NOT NULL DEFAULT 0,
  `client_id` int(11) NOT NULL DEFAULT 0,
  `entree_id` int(11) NOT NULL DEFAULT 0,
  `created_at` datetime DEFAULT NULL,
  `updated_at` datetime DEFAULT NULL,
  `user_id` int(11) NOT NULL DEFAULT 0,
  `montant` int(11) NOT NULL DEFAULT 0,
  `statut` tinyint(1) NOT NULL DEFAULT 1,
  `fournisseur` tinyint(1) NOT NULL DEFAULT 0,
  `moi_id` int(11) DEFAULT 0,
  `annee` int(11) DEFAULT 0
) ENGINE=InnoDB DEFAULT CHARSET=latin1;

--
-- Déchargement des données de la table `paiements`
--

INSERT INTO `paiements` (`id`, `reference`, `facture_id`, `client_id`, `entree_id`, `created_at`, `updated_at`, `user_id`, `montant`, `statut`, `fournisseur`, `moi_id`, `annee`) VALUES
(1, '2-0102102018', 2, 0, 0, '2018-10-02 13:05:13', NULL, 3, 50000, 0, 0, 10, 2018),
(2, '5-0104102018', 5, 0, 0, '2018-10-04 13:24:07', NULL, 3, 15000, 0, 0, 10, 2018),
(3, '9-0105102018', 9, 0, 0, '2018-10-05 13:46:24', NULL, 3, 100000, 0, 0, 10, 2018),
(4, '4-0906102018', 4, 0, 0, '2018-10-06 09:23:37', NULL, 3, 10000, 0, 0, 10, 2018),
(5, '10-0906102018', 10, 0, 0, '2018-10-06 09:25:16', NULL, 3, 5000, 0, 0, 10, 2018),
(6, '8-1108102018', 8, 0, 0, '2018-10-08 11:20:45', NULL, 3, 225000, 0, 0, 10, 2018),
(7, '12-1110102018', 12, 0, 0, '2018-10-10 11:57:29', NULL, 3, 315000, 0, 0, 10, 2018),
(8, '13-0711102018', 13, 0, 0, '2018-10-11 07:32:37', NULL, 3, 5000, 0, 0, 10, 2018),
(9, '15-1011102018', 15, 0, 0, '2018-10-11 10:55:20', NULL, 3, 2000, 0, 0, 10, 2018),
(10, '17-0111102018', 17, 0, 0, '2018-10-11 13:55:57', NULL, 3, 5000, 0, 0, 10, 2018),
(11, '14-0411102018', 14, 0, 0, '2018-10-11 16:06:37', NULL, 3, 100000, 0, 0, 10, 2018),
(12, '18-0315102018', 18, 0, 0, '2018-10-15 15:25:01', NULL, 3, 3000, 0, 0, 10, 2018),
(13, '19-0816102018', 19, 0, 0, '2018-10-16 08:16:59', NULL, 3, 12000, 0, 0, 10, 2018),
(14, '20-0316102018', 20, 0, 0, '2018-10-16 15:28:36', NULL, 3, 50000, 0, 0, 10, 2018),
(15, '22-0717102018', 22, 0, 0, '2018-10-17 07:34:17', NULL, 3, 10000, 0, 0, 10, 2018),
(16, '21-0917102018', 21, 0, 0, '2018-10-17 09:26:34', NULL, 3, 150000, 0, 0, 10, 2018),
(17, '24-0317102018', 24, 0, 0, '2018-10-17 15:52:43', NULL, 3, 10000, 0, 0, 10, 2018),
(18, '25-0517102018', 25, 0, 0, '2018-10-17 17:29:56', NULL, 3, 20000, 0, 0, 10, 2018),
(19, '26-0418102018', 26, 0, 0, '2018-10-18 16:27:31', NULL, 3, 10000, 0, 0, 10, 2018),
(20, '28-0119102018', 28, 0, 0, '2018-10-19 13:23:30', NULL, 3, 30000, 0, 0, 10, 2018),
(21, '31-0222102018', 31, 0, 0, '2018-10-22 14:58:12', NULL, 3, 5000, 0, 0, 10, 2018),
(22, '34-1023102018', 34, 0, 0, '2018-10-23 10:10:13', NULL, 3, 2500, 0, 0, 10, 2018),
(23, '35-1223102018', 35, 0, 0, '2018-10-23 12:04:26', NULL, 3, 8000, 0, 0, 10, 2018),
(24, '29-0124102018', 29, 0, 0, '2018-10-24 13:02:19', NULL, 3, 636500, 0, 0, 10, 2018),
(25, '38-0124102018', 38, 0, 0, '2018-10-24 13:17:27', NULL, 3, 15000, 0, 0, 10, 2018),
(26, '30-0124102018', 30, 0, 0, '2018-10-24 13:39:25', NULL, 3, 85000, 0, 0, 10, 2018),
(27, '39-0124102018', 39, 0, 0, '2018-10-24 13:53:27', NULL, 3, 9800, 0, 0, 10, 2018),
(28, '11-0826102018', 11, 0, 0, '2018-10-26 08:01:01', NULL, 3, 500, 0, 0, 10, 2018),
(29, '40-1126102018', 40, 0, 0, '2018-10-26 11:52:48', NULL, 3, 5000, 0, 0, 10, 2018),
(30, '37-0426102018', 37, 0, 0, '2018-10-26 16:28:54', NULL, 3, 40000, 0, 0, 10, 2018),
(31, '43-1029102018', 43, 0, 0, '2018-10-29 10:30:58', NULL, 3, 8000, 0, 0, 10, 2018),
(32, '45-0429102018', 45, 0, 0, '2018-10-29 16:39:54', NULL, 3, 6000, 0, 0, 10, 2018),
(33, '5-0230102018', 5, 0, 0, '2018-10-30 14:20:21', NULL, 3, 10000, 0, 0, 10, 2018),
(34, '23-0203112018', 23, 0, 0, '2018-11-03 14:44:42', NULL, 3, 100000, 0, 0, 11, 2018),
(35, '36-0305112018', 36, 0, 0, '2018-11-05 15:26:57', NULL, 3, 1763000, 0, 0, 11, 2018),
(36, '52-0221112018', 52, 0, 0, '2018-11-21 14:26:14', NULL, 3, 500000, 0, 0, 11, 2018),
(37, '53-0230112018', 53, 0, 0, '2018-11-30 14:48:12', NULL, 3, 50000, 0, 0, 11, 2018),
(38, '51-0230112018', 51, 0, 0, '2018-11-30 14:50:07', NULL, 3, 50000, 0, 0, 11, 2018),
(39, '51-0230112018', 51, 0, 0, '2018-11-30 14:51:06', NULL, 3, 610000, 0, 0, 11, 2018),
(40, '61-0105122018', 61, 0, 0, '2018-12-05 13:54:52', NULL, 3, 10000, 0, 0, 12, 2018),
(41, '62-0205122018', 62, 0, 0, '2018-12-05 14:12:45', NULL, 3, 7000, 0, 0, 12, 2018),
(42, '64-1107122018', 64, 0, 0, '2018-12-07 11:26:31', NULL, 3, 13000, 0, 0, 12, 2018),
(43, '1-0908122018', 1, 0, 0, '2018-12-08 09:33:50', NULL, 3, 100000, 0, 0, 12, 2018),
(44, '78-0114122018', 78, 0, 0, '2018-12-14 13:59:33', NULL, 3, 5000, 0, 0, 12, 2018),
(45, '79-0215122018', 79, 0, 0, '2018-12-15 14:02:04', NULL, 3, 100000, 0, 0, 12, 2018),
(46, '58-0215122018', 58, 0, 0, '2018-12-15 14:08:17', NULL, 3, 140000, 0, 0, 12, 2018),
(47, '66-0918122018', 66, 0, 0, '2018-12-18 09:12:10', NULL, 3, 1545000, 0, 0, 12, 2018),
(48, '68-0918122018', 68, 0, 0, '2018-12-18 09:12:50', NULL, 3, 140000, 0, 0, 12, 2018),
(49, '49-0918122018', 49, 0, 0, '2018-12-18 09:42:59', NULL, 3, 45000, 0, 0, 12, 2018),
(50, '13-1118122018', 13, 0, 0, '2018-12-18 11:27:31', NULL, 3, 5000, 0, 0, 12, 2018),
(51, '77-0819122018', 77, 0, 0, '2018-12-19 08:20:27', NULL, 3, 20000, 0, 0, 12, 2018),
(52, '83-0220122018', 83, 0, 0, '2018-12-20 14:19:59', NULL, 3, 30000, 0, 0, 12, 2018),
(53, '89-0102012019', 89, 0, 0, '2019-01-02 13:39:05', NULL, 3, 45000, 0, 0, 1, 2019),
(54, '81-0803012019', 81, 0, 0, '2019-01-03 08:57:13', NULL, 3, 8250, 0, 0, 1, 2019),
(55, '93-0405012019', 93, 0, 0, '2019-01-05 16:24:23', NULL, 3, 19000, 0, 0, 1, 2019),
(56, '94-0707012019', 94, 0, 0, '2019-01-07 07:31:51', NULL, 3, 6000, 0, 0, 1, 2019),
(57, '92-0807012019', 92, 0, 0, '2019-01-07 08:30:29', NULL, 3, 54000, 0, 0, 1, 2019),
(58, '96-1207012019', 96, 0, 0, '2019-01-07 12:58:41', NULL, 3, 10000, 0, 0, 1, 2019),
(59, '97-0207012019', 97, 0, 0, '2019-01-07 14:57:02', NULL, 3, 70000, 0, 0, 1, 2019),
(60, '98-0709012019', 98, 0, 0, '2019-01-09 07:20:40', NULL, 3, 5000, 0, 0, 1, 2019),
(61, '100-0410012019', 100, 0, 0, '2019-01-10 16:02:23', NULL, 3, 80000, 0, 0, 1, 2019),
(62, '101-0711012019', 101, 0, 0, '2019-01-11 07:07:53', NULL, 3, 10000, 0, 0, 1, 2019),
(63, '99-0711012019', 99, 0, 0, '2019-01-11 07:08:49', NULL, 3, 5000, 0, 0, 1, 2019),
(64, '102-1011012019', 102, 0, 0, '2019-01-11 10:16:21', NULL, 3, 8000, 0, 0, 1, 2019),
(65, '104-0112012019', 104, 0, 0, '2019-01-12 13:25:31', NULL, 3, 9000, 0, 0, 1, 2019),
(66, '103-0414012019', 103, 0, 0, '2019-01-14 16:11:23', NULL, 3, 10000, 0, 0, 1, 2019),
(67, '106-1115012019', 106, 0, 0, '2019-01-15 11:58:25', NULL, 3, 8000, 0, 0, 1, 2019),
(68, '106-1115012019', 106, 0, 0, '2019-01-15 11:59:09', NULL, 3, 8000, 0, 0, 1, 2019),
(69, '107-0215012019', 107, 0, 0, '2019-01-15 14:20:45', NULL, 3, 9000, 0, 0, 1, 2019),
(70, '107-0315012019', 107, 0, 0, '2019-01-15 15:21:39', NULL, 3, 9000, 0, 0, 1, 2019),
(71, '109-0416012019', 109, 0, 0, '2019-01-16 16:22:04', NULL, 3, 9000, 0, 0, 1, 2019),
(72, '111-0817012019', 111, 0, 0, '2019-01-17 08:09:56', NULL, 3, 10000, 0, 0, 1, 2019),
(73, '112-0217012019', 112, 0, 0, '2019-01-17 14:53:03', NULL, 3, 19000, 0, 0, 1, 2019),
(74, '114-1218012019', 114, 0, 0, '2019-01-18 12:29:10', NULL, 3, 15000, 0, 0, 1, 2019),
(75, '116-0318012019', 116, 0, 0, '2019-01-18 15:57:07', NULL, 3, 9000, 0, 0, 1, 2019),
(76, '117-0419012019', 117, 0, 0, '2019-01-19 16:44:42', NULL, 3, 18000, 0, 0, 1, 2019),
(77, '117-0721012019', 117, 0, 0, '2019-01-21 07:45:04', NULL, 3, 5000, 0, 0, 1, 2019),
(78, '119-0721012019', 119, 0, 0, '2019-01-21 07:56:38', NULL, 3, 68000, 0, 0, 1, 2019),
(79, '120-0121012019', 120, 0, 0, '2019-01-21 13:27:42', NULL, 3, 8000, 0, 0, 1, 2019),
(80, '121-0523012019', 121, 0, 0, '2019-01-23 17:12:06', NULL, 3, 900000, 0, 0, 1, 2019),
(81, '122-0523012019', 122, 0, 0, '2019-01-23 17:15:18', NULL, 3, 23000, 0, 0, 1, 2019),
(82, '123-0724012019', 123, 0, 0, '2019-01-24 07:08:14', NULL, 3, 23000, 0, 0, 1, 2019),
(83, '110-0724012019', 110, 0, 0, '2019-01-24 07:10:17', NULL, 3, 110000, 0, 0, 1, 2019),
(84, '7-0724012019', 7, 0, 0, '2019-01-24 07:11:14', NULL, 3, 140000, 0, 0, 1, 2019),
(85, '16-0724012019', 16, 0, 0, '2019-01-24 07:11:52', NULL, 3, 550000, 0, 0, 1, 2019),
(86, '33-0724012019', 33, 0, 0, '2019-01-24 07:12:30', NULL, 3, 285000, 0, 0, 1, 2019),
(87, '41-0724012019', 41, 0, 0, '2019-01-24 07:13:02', NULL, 3, 140000, 0, 0, 1, 2019),
(88, '42-0724012019', 42, 0, 0, '2019-01-24 07:13:40', NULL, 3, 590000, 0, 0, 1, 2019),
(89, '69-0924012019', 69, 0, 0, '2019-01-24 09:53:40', NULL, 3, 5000, 0, 0, 1, 2019),
(90, '69-0924012019', 69, 0, 0, '2019-01-24 09:55:51', NULL, 3, 5000, 0, 0, 1, 2019),
(91, '20-0124012019', 20, 0, 0, '2019-01-24 13:52:00', NULL, 3, 9000, 0, 0, 1, 2019),
(92, '126-0225012019', 126, 0, 0, '2019-01-25 14:06:58', NULL, 3, 330000, 0, 0, 1, 2019),
(93, '127-0225012019', 127, 0, 0, '2019-01-25 14:08:24', NULL, 3, 85000, 0, 0, 1, 2019),
(94, '128-0926012019', 128, 0, 0, '2019-01-26 09:21:19', NULL, 3, 5000, 0, 0, 1, 2019),
(95, '129-1226012019', 129, 0, 0, '2019-01-26 12:13:15', NULL, 3, 13500, 0, 0, 1, 2019),
(96, '121-0230012019', 121, 0, 0, '2019-01-30 14:27:27', NULL, 3, 300000, 0, 0, 1, 2019),
(97, '132-0831012019', 132, 0, 0, '2019-01-31 08:02:33', NULL, 3, 8000, 0, 0, 1, 2019),
(98, '133-0931012019', 133, 0, 0, '2019-01-31 09:09:12', NULL, 3, 15000, 0, 0, 1, 2019),
(99, '134-0331012019', 134, 0, 0, '2019-01-31 15:25:42', NULL, 3, 36000, 0, 0, 1, 2019),
(100, '118-0401022019', 118, 0, 0, '2019-02-01 16:54:09', NULL, 3, 18000, 0, 0, 2, 2019),
(101, '136-1102022019', 136, 0, 0, '2019-02-02 11:53:55', NULL, 3, 10000, 0, 0, 2, 2019),
(102, '137-0704022019', 137, 0, 0, '2019-02-04 07:26:49', NULL, 3, 10000, 0, 0, 2, 2019),
(103, '139-0404022019', 139, 0, 0, '2019-02-04 16:36:41', NULL, 3, 15000, 0, 0, 2, 2019),
(104, '140-1005022019', 140, 0, 0, '2019-02-05 10:29:44', NULL, 3, 15000, 0, 0, 2, 2019),
(105, '126-0305022019', 126, 0, 0, '2019-02-05 15:12:20', NULL, 3, 100000, 0, 0, 2, 2019),
(106, '130-0505022019', 130, 0, 0, '2019-02-05 17:07:01', NULL, 3, 5000, 0, 0, 2, 2019),
(107, '141-0505022019', 141, 0, 0, '2019-02-05 17:08:15', NULL, 3, 500, 0, 0, 2, 2019),
(108, '142-0206022019', 142, 0, 0, '2019-02-06 14:13:04', NULL, 3, 631000, 0, 0, 2, 2019),
(109, '145-0807022019', 145, 0, 0, '2019-02-07 08:52:30', NULL, 3, 7750, 0, 0, 2, 2019),
(110, '148-1207022019', 148, 0, 0, '2019-02-07 12:31:41', NULL, 3, 5000, 0, 0, 2, 2019),
(111, '149-0107022019', 149, 0, 0, '2019-02-07 13:43:20', NULL, 3, 1000, 0, 0, 2, 2019),
(112, '150-0307022019', 150, 0, 0, '2019-02-07 15:13:49', NULL, 3, 55000, 0, 0, 2, 2019),
(113, '69-0407022019', 69, 0, 0, '2019-02-07 16:24:56', NULL, 3, 3000, 0, 0, 2, 2019),
(114, '153-0908022019', 153, 0, 0, '2019-02-08 09:51:49', NULL, 3, 45000, 0, 0, 2, 2019),
(115, '155-0111022019', 155, 0, 0, '2019-02-11 13:46:41', NULL, 3, 27500, 0, 0, 2, 2019),
(116, '87-1012022019', 87, 0, 0, '2019-02-12 10:10:59', NULL, 3, 890000, 0, 0, 2, 2019),
(117, '158-1012022019', 158, 0, 0, '2019-02-12 10:34:19', NULL, 3, 75000, 0, 0, 2, 2019),
(118, '159-1112022019', 159, 0, 0, '2019-02-12 11:16:28', NULL, 3, 10000, 0, 0, 2, 2019),
(119, '160-1112022019', 160, 0, 0, '2019-02-12 11:31:34', NULL, 3, 500, 0, 0, 2, 2019),
(120, '69-1112022019', 69, 0, 0, '2019-02-12 11:44:09', NULL, 3, 11500, 0, 0, 2, 2019),
(121, '162-0112022019', 162, 0, 0, '2019-02-12 13:19:01', NULL, 3, 200000, 0, 0, 2, 2019),
(122, '163-0312022019', 163, 0, 0, '2019-02-12 15:57:01', NULL, 3, 1000, 0, 0, 2, 2019),
(123, '164-0714022019', 164, 0, 0, '2019-02-14 07:07:17', NULL, 3, 10000, 0, 0, 2, 2019),
(124, '166-0915022019', 166, 0, 0, '2019-02-15 09:39:49', NULL, 3, 8000, 0, 0, 2, 2019),
(125, '48-0315022019', 48, 0, 0, '2019-02-15 15:28:34', NULL, 3, 120000, 0, 0, 2, 2019),
(126, '47-0315022019', 47, 0, 0, '2019-02-15 15:30:11', NULL, 3, 240000, 0, 0, 2, 2019),
(127, '54-0315022019', 54, 0, 0, '2019-02-15 15:31:41', NULL, 3, 280000, 0, 0, 2, 2019),
(128, '168-0116022019', 168, 0, 0, '2019-02-16 13:26:37', NULL, 3, 70000, 0, 0, 2, 2019),
(129, '169-0116022019', 169, 0, 0, '2019-02-16 13:42:16', NULL, 3, 10000, 0, 0, 2, 2019),
(130, '172-0418022019', 172, 0, 0, '2019-02-18 16:30:55', NULL, 3, 10000, 0, 0, 2, 2019),
(133, '178-0820022019', 178, 0, 0, '2019-02-20 08:17:35', NULL, 3, 20000, 0, 0, 2, 2019),
(134, '180-1220022019', 180, 0, 0, '2019-02-20 12:00:31', NULL, 3, 45000, 0, 0, 2, 2019),
(135, '181-0320022019', 181, 0, 0, '2019-02-20 15:07:10', NULL, 3, 5000, 0, 0, 2, 2019),
(136, '183-1221022019', 183, 0, 0, '2019-02-21 12:49:38', NULL, 3, 20000, 0, 0, 2, 2019),
(137, '161-0422022019', 161, 0, 0, '2019-02-22 16:22:08', NULL, 3, 50000, 0, 0, 2, 2019),
(138, '188-0423022019', 188, 0, 0, '2019-02-23 16:40:27', NULL, 3, 10000, 0, 0, 2, 2019),
(139, '193-0427022019', 193, 0, 0, '2019-02-27 16:11:35', NULL, 3, 430000, 0, 0, 2, 2019),
(140, '174-0928022019', 174, 0, 0, '2019-02-28 09:05:49', NULL, 3, 180000, 0, 0, 2, 2019),
(141, '135-1128022019', 135, 0, 0, '2019-02-28 11:04:28', NULL, 3, 975000, 0, 0, 2, 2019),
(142, '144-1128022019', 144, 0, 0, '2019-02-28 11:04:58', NULL, 3, 60000, 0, 0, 2, 2019),
(143, '194-0228022019', 194, 0, 0, '2019-02-28 14:12:01', NULL, 3, 3000, 0, 0, 2, 2019),
(144, '197-1001032019', 197, 0, 0, '2019-03-01 10:47:25', NULL, 3, 150000, 0, 0, 3, 2019),
(145, '198-0301032019', 198, 0, 0, '2019-03-01 15:55:04', NULL, 3, 1000, 0, 0, 3, 2019),
(146, '199-1002032019', 199, 0, 0, '2019-03-02 10:11:55', NULL, 3, 110000, 0, 0, 3, 2019),
(147, '195-1002032019', 195, 0, 0, '2019-03-02 10:13:46', NULL, 3, 3000, 0, 0, 3, 2019),
(148, '187-1002032019', 187, 0, 0, '2019-03-02 10:14:40', NULL, 3, 9000, 0, 0, 3, 2019),
(149, '200-0202032019', 200, 0, 0, '2019-03-02 14:07:03', NULL, 3, 317500, 0, 0, 3, 2019),
(150, '202-0504032019', 202, 0, 0, '2019-03-04 17:33:26', NULL, 3, 84500, 0, 0, 3, 2019),
(151, '205-0408032019', 205, 0, 0, '2019-03-08 16:13:22', NULL, 3, 25000, 0, 0, 3, 2019),
(152, '105-0126032019', 105, 0, 0, '2019-03-26 13:33:38', NULL, 3, 30000, 0, 0, 3, 2019),
(153, '152-0126032019', 152, 0, 0, '2019-03-26 13:34:10', NULL, 3, 120000, 0, 0, 3, 2019),
(154, '72-0130032019', 72, 0, 0, '2019-03-30 13:39:58', NULL, 3, 5300000, 0, 0, 3, 2019),
(155, '217-0409042019', 217, 0, 0, '2019-04-09 16:54:45', NULL, 3, 70000, 0, 0, 4, 2019),
(156, '218-0210042019', 218, 0, 0, '2019-04-10 14:36:31', NULL, 3, 60000, 0, 0, 4, 2019),
(157, '219-0312042019', 219, 0, 0, '2019-04-12 15:18:52', NULL, 3, 10000, 0, 0, 4, 2019),
(158, '220-1013042019', 220, 0, 0, '2019-04-13 10:10:44', NULL, 3, 50000, 0, 0, 4, 2019),
(159, '80-0718042019', 80, 0, 0, '2019-04-18 07:12:08', NULL, 3, 120000, 0, 0, 4, 2019),
(160, '75-0718042019', 75, 0, 0, '2019-04-18 07:12:58', NULL, 3, 757200, 0, 0, 4, 2019),
(161, '74-0718042019', 74, 0, 0, '2019-04-18 07:13:46', NULL, 3, 140000, 0, 0, 4, 2019),
(162, '67-0718042019', 67, 0, 0, '2019-04-18 07:14:25', NULL, 3, 120000, 0, 0, 4, 2019),
(163, '65-0718042019', 65, 0, 0, '2019-04-18 07:15:20', NULL, 3, 550000, 0, 0, 4, 2019),
(164, '60-0718042019', 60, 0, 0, '2019-04-18 07:15:49', NULL, 3, 1000000, 0, 0, 4, 2019),
(165, '55-0718042019', 55, 0, 0, '2019-04-18 07:16:32', NULL, 3, 2200000, 0, 0, 4, 2019),
(166, '225-1018042019', 225, 0, 0, '2019-04-18 10:30:09', NULL, 3, 10000, 0, 0, 4, 2019),
(167, '227-1119042019', 227, 0, 0, '2019-04-19 11:26:44', NULL, 3, 45000, 0, 0, 4, 2019),
(168, '228-1119042019', 228, 0, 0, '2019-04-19 11:50:19', NULL, 3, 5000, 0, 0, 4, 2019),
(169, '229-0119042019', 229, 0, 0, '2019-04-19 13:51:20', NULL, 3, 50000, 0, 0, 4, 2019),
(170, '230-0123042019', 230, 0, 0, '2019-04-23 13:26:17', NULL, 3, 10000, 0, 0, 4, 2019),
(171, '235-0224042019', 235, 0, 0, '2019-04-24 14:28:18', NULL, 3, 50000, 0, 0, 4, 2019),
(172, '238-0325042019', 238, 0, 0, '2019-04-25 15:39:18', NULL, 3, 480000, 0, 0, 4, 2019),
(173, '237-0325042019', 237, 0, 0, '2019-04-25 15:58:00', NULL, 3, 80000, 0, 0, 4, 2019),
(174, '241-0329042019', 241, 0, 0, '2019-04-29 15:29:31', NULL, 3, 800000, 0, 0, 4, 2019),
(175, '242-0329042019', 242, 0, 0, '2019-04-29 15:44:36', NULL, 3, 600000, 0, 0, 4, 2019),
(176, '242-0329042019', 242, 0, 0, '2019-04-29 15:46:30', NULL, 3, 200000, 0, 0, 4, 2019),
(177, '208-1130042019', 208, 0, 0, '2019-04-30 11:00:21', NULL, 3, 60000, 0, 0, 4, 2019),
(178, '206-1130042019', 206, 0, 0, '2019-04-30 11:03:24', NULL, 3, 30000, 0, 0, 4, 2019),
(179, '209-1130042019', 209, 0, 0, '2019-04-30 11:05:27', NULL, 3, 120000, 0, 0, 4, 2019),
(180, '213-1130042019', 213, 0, 0, '2019-04-30 11:06:11', NULL, 3, 70000, 0, 0, 4, 2019),
(181, '222-1130042019', 222, 0, 0, '2019-04-30 11:06:45', NULL, 3, 40000, 0, 0, 4, 2019),
(182, '234-1130042019', 234, 0, 0, '2019-04-30 11:07:11', NULL, 3, 450000, 0, 0, 4, 2019),
(183, '248-0202052019', 248, 0, 0, '2019-05-02 14:42:41', NULL, 3, 12000, 0, 0, 5, 2019),
(184, '252-1106052019', 252, 0, 0, '2019-05-06 11:11:42', NULL, 3, 12000, 0, 0, 5, 2019),
(185, '203-0207052019', 203, 0, 0, '2019-05-07 14:55:16', NULL, 3, 17000, 0, 0, 5, 2019),
(186, '213-1108052019', 213, 0, 0, '2019-05-08 11:19:28', NULL, 3, 10000, 0, 0, 5, 2019),
(187, '254-0308052019', 254, 0, 0, '2019-05-08 15:47:04', NULL, 3, 200000, 0, 0, 5, 2019),
(188, '1-0908122018', 44, 0, 0, '2018-12-08 09:33:50', NULL, 3, 150000, 1, 0, 12, 2018),
(189, '255-1209052019', 255, 0, 0, '2019-05-09 12:18:42', NULL, 3, 110000, 0, 0, 5, 2019),
(190, '257-1010052019', 257, 0, 0, '2019-05-10 10:38:12', NULL, 3, 45000, 0, 0, 5, 2019),
(191, '258-1110052019', 258, 0, 0, '2019-05-10 11:07:18', NULL, 3, 30000, 0, 0, 5, 2019),
(192, '259-1110052019', 259, 0, 0, '2019-05-10 11:19:21', NULL, 3, 5000, 0, 0, 5, 2019),
(193, '260-1210052019', 260, 0, 0, '2019-05-10 12:07:20', NULL, 3, 5000, 0, 0, 5, 2019),
(194, '261-0210052019', 261, 0, 0, '2019-05-10 14:37:56', NULL, 3, 16500, 0, 0, 5, 2019),
(195, '262-0210052019', 262, 0, 0, '2019-05-10 14:39:36', NULL, 3, 4500, 0, 0, 5, 2019),
(196, '263-0911052019', 263, 0, 0, '2019-05-11 09:42:20', NULL, 3, 161250, 0, 0, 5, 2019),
(197, '259-0211052019', 259, 0, 0, '2019-05-11 14:27:13', NULL, 3, 2500, 0, 0, 5, 2019),
(198, '264-1113052019', 264, 0, 0, '2019-05-13 11:26:38', NULL, 3, 5000, 0, 0, 5, 2019),
(199, '266-0413052019', 266, 0, 0, '2019-05-13 16:20:55', NULL, 3, 15000, 0, 0, 5, 2019),
(200, '268-0714052019', 268, 0, 0, '2019-05-14 07:11:22', NULL, 3, 7000, 0, 0, 5, 2019),
(201, '259-0314052019', 259, 0, 0, '2019-05-14 15:42:19', NULL, 3, 7500, 0, 0, 5, 2019),
(202, '269-0815052019', 269, 0, 0, '2019-05-15 08:58:09', NULL, 3, 35000, 0, 0, 5, 2019),
(203, '274-0516052019', 274, 0, 0, '2019-05-16 17:12:06', NULL, 3, 6000, 0, 0, 5, 2019),
(204, '272-0817052019', 272, 0, 0, '2019-05-17 08:23:07', NULL, 3, 32500, 0, 0, 5, 2019),
(205, '220-1117052019', 220, 0, 0, '2019-05-17 11:48:09', NULL, 3, 40000, 0, 0, 5, 2019),
(206, '277-1229052019', 277, 0, 0, '2019-05-29 12:29:58', NULL, 3, 10000, 0, 0, 5, 2019),
(207, '278-0229052019', 278, 0, 0, '2019-05-29 14:13:10', NULL, 3, 10000, 0, 0, 5, 2019),
(208, '281-0931052019', 281, 0, 0, '2019-05-31 09:33:50', NULL, 3, 5000, 0, 0, 5, 2019),
(209, '281-0931052019', 281, 0, 0, '2019-05-31 09:36:08', NULL, 3, 5000, 0, 0, 5, 2019),
(210, '281-0931052019', 281, 0, 0, '2019-05-31 09:41:12', NULL, 3, 10000, 0, 0, 5, 2019),
(211, '283-1231052019', 283, 0, 0, '2019-05-31 12:23:03', NULL, 3, 25000, 0, 0, 5, 2019),
(212, '250-1101062019', 250, 0, 0, '2019-06-01 11:43:21', NULL, 3, 770000, 0, 0, 6, 2019),
(213, '253-1101062019', 253, 0, 0, '2019-06-01 11:44:39', NULL, 3, 781000, 0, 0, 6, 2019),
(214, '277-0101062019', 277, 0, 0, '2019-06-01 13:19:41', NULL, 3, 10000, 0, 0, 6, 2019),
(215, '285-0301062019', 285, 0, 0, '2019-06-01 15:45:44', NULL, 3, 8000, 0, 0, 6, 2019),
(217, '286-1103062019', 286, 0, 0, '2019-06-03 11:55:11', NULL, 3, 900000, 0, 0, 6, 2019),
(218, '288-0804062019', 288, 0, 0, '2019-06-04 08:07:46', NULL, 3, 5000, 0, 0, 6, 2019),
(219, '290-1104062019', 290, 0, 0, '2019-06-04 11:06:47', NULL, 3, 210000, 0, 0, 6, 2019),
(220, '46-1028062019', 46, 0, 0, '2019-06-28 10:37:15', NULL, 3, 225000, 0, 0, 6, 2019),
(221, '91-1028062019', 91, 0, 0, '2019-06-28 10:42:19', NULL, 3, 1500000, 0, 0, 6, 2019),
(222, '95-1028062019', 95, 0, 0, '2019-06-28 10:43:41', NULL, 3, 350000, 0, 0, 6, 2019),
(223, '113-1028062019', 113, 0, 0, '2019-06-28 10:44:44', NULL, 3, 350000, 0, 0, 6, 2019),
(224, '147-1028062019', 147, 0, 0, '2019-06-28 10:46:26', NULL, 3, 220000, 0, 0, 6, 2019),
(225, '156-1028062019', 156, 0, 0, '2019-06-28 10:48:06', NULL, 3, 140000, 0, 0, 6, 2019),
(226, '170-1028062019', 170, 0, 0, '2019-06-28 10:49:18', NULL, 3, 140000, 0, 0, 6, 2019),
(227, '173-1028062019', 173, 0, 0, '2019-06-28 10:50:06', NULL, 3, 120000, 0, 0, 6, 2019),
(228, '179-1028062019', 179, 0, 0, '2019-06-28 10:50:38', NULL, 3, 750000, 0, 0, 6, 2019),
(229, '204-1028062019', 204, 0, 0, '2019-06-28 10:52:28', NULL, 3, 150000, 0, 0, 6, 2019),
(230, '207-1028062019', 207, 0, 0, '2019-06-28 10:53:45', NULL, 3, 690000, 0, 0, 6, 2019),
(231, '214-0902072019', 214, 0, 0, '2019-07-02 09:48:29', NULL, 3, 250000, 0, 0, 7, 2019),
(232, '299-0902072019', 299, 0, 0, '2019-07-02 09:50:04', NULL, 3, 972000, 0, 0, 7, 2019),
(233, '316-1122072019', 316, 0, 0, '2019-07-22 11:48:19', NULL, 3, 15000, 0, 0, 7, 2019),
(235, '303-0426072019', 303, 0, 0, '2019-07-26 16:34:26', NULL, 3, 425000, 0, 0, 7, 2019),
(236, '306-0426072019', 306, 0, 0, '2019-07-26 16:35:12', NULL, 3, 80000, 0, 0, 7, 2019),
(237, '315-0426072019', 315, 0, 0, '2019-07-26 16:36:03', NULL, 3, 45000, 0, 0, 7, 2019),
(238, '320-0227072019', 320, 0, 0, '2019-07-27 14:31:45', NULL, 3, 28000, 0, 0, 7, 2019),
(239, '321-0227072019', 321, 0, 0, '2019-07-27 14:33:54', NULL, 3, 10000, 0, 0, 7, 2019),
(240, '322-0527072019', 322, 0, 0, '2019-07-27 17:15:22', NULL, 3, 20000, 0, 0, 7, 2019),
(241, '323-0429072019', 323, 0, 0, '2019-07-29 16:21:29', NULL, 3, 35000, 0, 0, 7, 2019),
(242, '318-0429072019', 318, 0, 0, '2019-07-29 16:22:44', NULL, 3, 90000, 0, 0, 7, 2019),
(243, '314-0429072019', 314, 0, 0, '2019-07-29 16:23:25', NULL, 3, 120000, 0, 0, 7, 2019),
(244, '324-1231072019', 324, 0, 0, '2019-07-31 12:28:56', NULL, 3, 200000, 0, 0, 7, 2019),
(245, '326-0201082019', 326, 0, 0, '2019-08-01 14:39:49', NULL, 3, 105000, 0, 0, 8, 2019),
(246, '326-0201082019', 326, 0, 0, '2019-08-01 14:44:20', NULL, 3, 6000, 0, 0, 8, 2019),
(247, '327-1102082019', 327, 0, 0, '2019-08-02 11:29:21', NULL, 3, 90000, 0, 0, 8, 2019),
(248, '328-1003082019', 328, 0, 0, '2019-08-03 10:16:13', NULL, 3, 3000, 0, 0, 8, 2019),
(249, '329-0303082019', 329, 0, 0, '2019-08-03 15:42:56', NULL, 3, 200000, 0, 0, 8, 2019),
(250, '330-0403082019', 330, 0, 0, '2019-08-03 16:07:22', NULL, 3, 40000, 0, 1, 8, 2019),
(251, '331-0403082019', 331, 0, 0, '2019-08-03 16:25:03', NULL, 3, 30000, 0, 1, 8, 2019),
(252, '331-0403082019', 331, 0, 0, '2019-08-03 16:26:51', NULL, 3, 5000, 0, 1, 8, 2019),
(253, '332-0403082019', 332, 0, 0, '2019-08-03 16:27:51', NULL, 3, 30000, 0, 0, 8, 2019),
(254, '334-0205082019', 334, 0, 0, '2019-08-05 14:46:53', NULL, 3, 15000, 0, 1, 8, 2019),
(255, '336-0206082019', 336, 0, 0, '2019-08-06 14:28:30', NULL, 3, 5000, 0, 0, 8, 2019),
(256, '337-0306082019', 337, 0, 0, '2019-08-06 15:09:19', NULL, 3, 150000, 0, 1, 8, 2019),
(257, '335-0306082019', 335, 0, 0, '2019-08-06 15:46:33', NULL, 3, 3000, 0, 0, 8, 2019),
(258, '338-0908082019', 338, 0, 0, '2019-08-08 09:50:27', NULL, 3, 50000, 0, 0, 8, 2019),
(259, '211-1008082019', 211, 0, 0, '2019-08-08 10:33:24', NULL, 3, 100000, 0, 0, 8, 2019),
(260, '212-1008082019', 212, 0, 0, '2019-08-08 10:36:10', NULL, 3, 600000, 0, 0, 8, 2019),
(261, '215-1008082019', 215, 0, 0, '2019-08-08 10:36:51', NULL, 3, 140000, 0, 0, 8, 2019),
(262, '216-1008082019', 216, 0, 0, '2019-08-08 10:37:21', NULL, 3, 100000, 0, 0, 8, 2019),
(263, '223-1008082019', 223, 0, 0, '2019-08-08 10:38:00', NULL, 3, 140000, 0, 0, 8, 2019),
(264, '224-1008082019', 224, 0, 0, '2019-08-08 10:40:31', NULL, 3, 100000, 0, 0, 8, 2019),
(265, '226-1008082019', 226, 0, 0, '2019-08-08 10:41:22', NULL, 3, 275000, 0, 0, 8, 2019),
(266, '232-1008082019', 232, 0, 0, '2019-08-08 10:41:58', NULL, 3, 120000, 0, 0, 8, 2019),
(267, '240-1008082019', 240, 0, 0, '2019-08-08 10:42:39', NULL, 3, 140000, 0, 0, 8, 2019),
(268, '340-1108082019', 340, 0, 0, '2019-08-08 11:09:43', NULL, 3, 30000, 0, 1, 8, 2019),
(269, '342-1208082019', 342, 0, 0, '2019-08-08 12:02:11', NULL, 3, 5000, 0, 0, 8, 2019),
(270, '341-0308082019', 341, 0, 0, '2019-08-08 15:57:38', NULL, 3, 30000, 0, 1, 8, 2019),
(272, '343-0410082019', 343, 0, 0, '2019-08-10 16:34:25', NULL, 3, 40000, 0, 1, 8, 2019),
(273, '339-0410082019', 339, 0, 0, '2019-08-10 16:35:28', NULL, 3, 40000, 0, 1, 8, 2019),
(274, '346-1213082019', 346, 0, 0, '2019-08-13 12:26:33', NULL, 3, 10000, 0, 0, 8, 2019),
(275, '347-0313082019', 347, 0, 0, '2019-08-13 15:22:34', NULL, 3, 30000, 0, 1, 8, 2019),
(276, '348-0313082019', 348, 0, 0, '2019-08-13 15:55:58', NULL, 3, 50000, 0, 0, 8, 2019),
(277, '338-0414082019', 338, 0, 0, '2019-08-14 16:06:49', NULL, 3, 90000, 0, 0, 8, 2019),
(278, '352-0316082019', 352, 0, 0, '2019-08-16 15:43:45', NULL, 3, 23000, 0, 0, 8, 2019),
(279, '352-0316082019', 352, 0, 0, '2019-08-16 15:44:21', NULL, 3, 23000, 0, 0, 8, 2019),
(280, '308-1019082019', 308, 0, 0, '2019-08-19 10:26:22', NULL, 3, 120000, 0, 0, 8, 2019),
(281, '354-0120082019', 354, 0, 0, '2019-08-20 13:39:47', NULL, 3, 100000, 0, 0, 8, 2019),
(282, '356-0921082019', 356, 0, 0, '2019-08-21 09:53:05', NULL, 3, 50000, 0, 0, 8, 2019),
(283, '357-1122082019', 357, 0, 0, '2019-08-22 11:48:42', NULL, 3, 1000, 0, 0, 8, 2019),
(284, '361-1127082019', 361, 0, 0, '2019-08-27 11:40:22', NULL, 3, 30000, 0, 1, 8, 2019),
(285, '363-0327082019', 363, 0, 0, '2019-08-27 15:13:25', NULL, 3, 60000, 0, 1, 8, 2019),
(286, '3-0129082019', 3, 0, 0, '2019-08-29 13:39:04', NULL, 3, 600000, 0, 0, 8, 2019),
(288, '345-1230082019', 345, 0, 0, '2019-08-30 12:59:31', NULL, 3, 250000, 0, 0, 8, 2019),
(289, '367-0702092019', 367, 0, 0, '2019-09-02 07:38:12', NULL, 3, 285000, 0, 0, 9, 2019),
(290, '325-1002092019', 325, 0, 0, '2019-09-02 10:29:18', NULL, 3, 570000, 0, 0, 9, 2019),
(291, '344-1002092019', 344, 0, 0, '2019-09-02 10:29:54', NULL, 3, 1800000, 0, 0, 9, 2019),
(292, '360-1002092019', 360, 0, 0, '2019-09-02 10:30:49', NULL, 3, 155000, 0, 0, 9, 2019),
(293, '371-1202092019', 371, 0, 0, '2019-09-02 12:33:03', NULL, 3, 5000, 0, 0, 9, 2019),
(294, '345-0202092019', 345, 0, 0, '2019-09-02 14:26:32', NULL, 3, 125000, 0, 0, 9, 2019),
(295, '373-1203092019', 373, 0, 0, '2019-09-03 12:27:20', NULL, 3, 125000, 0, 0, 9, 2019),
(296, '374-1203092019', 374, 0, 0, '2019-09-03 12:32:30', NULL, 3, 15000, 0, 0, 9, 2019),
(297, '376-0303092019', 376, 0, 0, '2019-09-03 15:59:11', NULL, 3, 7000, 0, 0, 9, 2019),
(298, '377-0804092019', 377, 0, 0, '2019-09-04 08:55:51', NULL, 3, 10000, 0, 0, 9, 2019),
(299, '378-0904092019', 378, 0, 0, '2019-09-04 09:29:12', NULL, 3, 10500, 0, 0, 9, 2019),
(300, '375-0204092019', 375, 0, 0, '2019-09-04 14:52:39', NULL, 3, 50000, 0, 0, 9, 2019),
(301, '379-0204092019', 379, 0, 0, '2019-09-04 14:59:35', NULL, 3, 17000, 0, 0, 9, 2019),
(302, '382-0506092019', 382, 0, 0, '2019-09-06 17:16:32', NULL, 3, 30000, 0, 0, 9, 2019),
(303, '383-1007092019', 383, 0, 0, '2019-09-07 10:23:07', NULL, 3, 55000, 0, 1, 9, 2019),
(304, '385-0309092019', 385, 0, 0, '2019-09-09 15:01:24', NULL, 3, 10000, 0, 0, 9, 2019),
(305, '386-0810092019', 386, 0, 0, '2019-09-10 08:43:53', NULL, 3, 120000, 0, 0, 9, 2019),
(306, '389-1110092019', 389, 0, 0, '2019-09-10 11:22:59', NULL, 3, 4000, 0, 0, 9, 2019),
(307, '331-1110092019', 331, 0, 0, '2019-09-10 11:29:14', NULL, 3, 5000, 0, 1, 9, 2019),
(308, '390-1110092019', 390, 0, 0, '2019-09-10 11:29:37', NULL, 3, 60000, 0, 1, 9, 2019),
(309, '362-1111092019', 362, 0, 0, '2019-09-11 11:11:10', NULL, 3, 5000, 0, 0, 9, 2019),
(310, '373-0211092019', 373, 0, 0, '2019-09-11 14:39:08', NULL, 3, 200000, 0, 0, 9, 2019),
(311, '312-0311092019', 312, 0, 0, '2019-09-11 15:27:36', NULL, 3, 495000, 0, 0, 9, 2019),
(312, '393-0311092019', 393, 0, 0, '2019-09-11 15:53:33', NULL, 3, 500, 0, 0, 9, 2019),
(313, '369-0411092019', 369, 0, 0, '2019-09-11 16:40:50', NULL, 3, 2000000, 0, 1, 9, 2019),
(314, '249-0213092019', 249, 0, 0, '2019-09-13 14:54:54', NULL, 3, 140000, 0, 0, 9, 2019),
(315, '398-0213092019', 398, 0, 0, '2019-09-13 14:57:16', NULL, 3, 1700000, 0, 0, 9, 2019),
(316, '400-0413092019', 400, 0, 0, '2019-09-13 16:38:10', NULL, 3, 80000, 0, 1, 9, 2019),
(317, '401-0914092019', 401, 0, 0, '2019-09-14 09:11:59', NULL, 3, 10000, 0, 0, 9, 2019),
(318, '403-1214092019', 403, 0, 0, '2019-09-14 12:18:00', NULL, 3, 15000, 0, 0, 9, 2019),
(319, '403-1214092019', 403, 0, 0, '2019-09-14 12:19:45', NULL, 3, 10000, 0, 0, 9, 2019),
(320, '373-1214092019', 373, 0, 0, '2019-09-14 12:39:14', NULL, 3, 200000, 0, 0, 9, 2019),
(321, '369-0214092019', 369, 0, 0, '2019-09-14 14:35:44', NULL, 3, 2000000, 0, 1, 9, 2019),
(322, '406-0818092019', 406, 0, 0, '2019-09-18 08:50:11', NULL, 3, 50000, 0, 1, 9, 2019),
(323, '394-0319092019', 408, 0, 0, '2019-09-19 15:20:06', NULL, 3, 430000, 0, 0, 9, 2019),
(324, '407-0720092019', 407, 0, 0, '2019-09-20 07:39:19', NULL, 3, 40000, 0, 0, 9, 2019),
(325, '411-0820092019', 411, 0, 0, '2019-09-20 08:07:14', NULL, 3, 30000, 0, 0, 9, 2019),
(326, '409-1120092019', 409, 0, 0, '2019-09-20 11:32:05', NULL, 3, 60000, 0, 0, 9, 2019),
(327, '292-0220092019', 292, 0, 0, '2019-09-20 14:36:17', NULL, 3, 100000, 0, 0, 9, 2019),
(328, '410-0723092019', 410, 0, 0, '2019-09-23 07:00:59', NULL, 3, 300000, 0, 1, 9, 2019),
(329, '416-1123092019', 416, 0, 0, '2019-09-23 11:52:05', NULL, 3, 40000, 0, 0, 9, 2019),
(330, '267-1223092019', 267, 0, 0, '2019-09-23 12:11:30', NULL, 3, 180000, 0, 0, 9, 2019),
(331, '418-0424092019', 418, 0, 0, '2019-09-24 16:01:00', NULL, 3, 320000, 0, 0, 9, 2019),
(332, '422-1226092019', 422, 0, 0, '2019-09-26 12:01:53', NULL, 3, 30000, 0, 0, 9, 2019),
(333, '424-0828092019', 424, 0, 0, '2019-09-28 08:41:19', NULL, 3, 40000, 0, 0, 9, 2019),
(334, '424-0928092019', 424, 0, 0, '2019-09-28 09:45:34', NULL, 3, 300000, 0, 0, 9, 2019),
(335, '424-1028092019', 424, 0, 0, '2019-09-28 10:42:58', NULL, 3, 10000, 0, 0, 9, 2019),
(336, '424-0330092019', 424, 0, 0, '2019-09-30 15:34:11', NULL, 3, 500000, 0, 0, 9, 2019),
(337, '427-0430092019', 427, 0, 0, '2019-09-30 16:11:51', NULL, 3, 1625000, 0, 0, 9, 2019),
(338, '387-0702102019', 387, 0, 0, '2019-10-02 07:32:23', NULL, 3, 20000, 0, 0, 10, 2019),
(339, '405-0702102019', 405, 0, 0, '2019-10-02 07:33:01', NULL, 3, 21000, 0, 0, 10, 2019),
(340, '417-0702102019', 417, 0, 0, '2019-10-02 07:34:21', NULL, 3, 140000, 0, 0, 10, 2019),
(341, '420-0702102019', 420, 0, 0, '2019-10-02 07:35:18', NULL, 3, 140000, 0, 0, 10, 2019),
(342, '428-0702102019', 428, 0, 0, '2019-10-02 07:59:24', NULL, 3, 1665000, 0, 0, 10, 2019),
(343, '295-0408102019', 295, 0, 0, '2019-10-08 16:15:52', NULL, 3, 1000000, 0, 0, 10, 2019),
(344, '296-0408102019', 296, 0, 0, '2019-10-08 16:16:28', NULL, 3, 100000, 0, 0, 10, 2019),
(345, '298-0408102019', 298, 0, 0, '2019-10-08 16:17:01', NULL, 3, 100000, 0, 0, 10, 2019),
(346, '432-0710102019', 432, 0, 0, '2019-10-10 07:25:22', NULL, 3, 800000, 0, 0, 10, 2019),
(347, '436-0710102019', 436, 0, 0, '2019-10-10 07:43:54', NULL, 3, 170000, 0, 0, 10, 2019),
(348, '372-1110102019', 372, 0, 0, '2019-10-10 11:18:11', NULL, 3, 650000, 0, 0, 10, 2019),
(349, '369-0711102019', 369, 0, 0, '2019-10-11 07:40:36', NULL, 3, 3000000, 0, 1, 10, 2019),
(350, '435-0211102019', 435, 0, 0, '2019-10-11 14:42:21', NULL, 3, 55000, 0, 0, 10, 2019),
(351, '3-0311102019', 3, 0, 0, '2019-10-11 15:09:37', NULL, 3, 288900, 0, 0, 10, 2019),
(352, '350-0311102019', 350, 0, 0, '2019-10-11 15:10:34', NULL, 3, 307000, 0, 0, 10, 2019),
(353, '430-0317102019', 430, 0, 0, '2019-10-17 15:33:35', NULL, 3, 770000, 0, 0, 10, 2019),
(354, '431-1018102019', 431, 0, 0, '2019-10-18 10:42:48', NULL, 3, 50000, 0, 0, 10, 2019),
(355, '214-1018102019', 214, 0, 0, '2019-10-18 10:47:17', NULL, 3, 140000, 0, 0, 10, 2019),
(356, '247-1018102019', 247, 0, 0, '2019-10-18 10:47:45', NULL, 3, 60000, 0, 0, 10, 2019),
(357, '445-0721102019', 445, 0, 0, '2019-10-21 07:45:10', NULL, 3, 2500, 0, 0, 10, 2019),
(358, '453-1122102019', 453, 0, 0, '2019-10-22 11:38:46', NULL, 3, 150000, 0, 0, 10, 2019),
(359, '452-0122102019', 452, 0, 0, '2019-10-22 13:14:40', NULL, 3, 400000, 0, 0, 10, 2019),
(360, '447-0122102019', 447, 0, 0, '2019-10-22 13:16:13', NULL, 3, 20000, 0, 0, 10, 2019),
(361, '448-0122102019', 448, 0, 0, '2019-10-22 13:16:44', NULL, 3, 5000, 0, 0, 10, 2019),
(362, '410-0824102019', 410, 0, 0, '2019-10-24 08:10:24', NULL, 3, 50000, 0, 1, 10, 2019),
(363, '454-0824102019', 454, 0, 0, '2019-10-24 08:10:58', NULL, 3, 550000, 0, 1, 10, 2019),
(364, '457-0926102019', 457, 0, 0, '2019-10-26 09:43:32', NULL, 3, 5000, 0, 0, 10, 2019),
(365, '459-0926102019', 459, 0, 0, '2019-10-26 09:44:29', NULL, 3, 30000, 0, 0, 10, 2019),
(366, '461-0326102019', 461, 0, 0, '2019-10-26 15:51:09', NULL, 3, 25000, 0, 1, 10, 2019),
(367, '465-1230102019', 465, 0, 0, '2019-10-30 12:18:11', NULL, 3, 30000, 0, 0, 10, 2019),
(368, '473-0304112019', 473, 0, 0, '2019-11-04 15:17:25', NULL, 3, 10000, 0, 0, 11, 2019),
(369, '462-0705112019', 462, 0, 0, '2019-11-05 07:44:07', NULL, 3, 9250, 0, 0, 11, 2019),
(370, '410-0806112019', 410, 0, 0, '2019-11-06 08:54:24', NULL, 3, 70000, 0, 1, 11, 2019),
(371, '475-0906112019', 475, 0, 0, '2019-11-06 09:32:52', NULL, 3, 40000, 0, 0, 11, 2019),
(372, '474-1206112019', 474, 0, 0, '2019-11-06 12:36:37', NULL, 3, 50000, 0, 1, 11, 2019),
(373, '477-0211112019', 477, 0, 0, '2019-11-11 14:28:12', NULL, 3, 40000, 0, 0, 11, 2019),
(374, '479-0311112019', 479, 0, 0, '2019-11-11 15:30:40', NULL, 3, 40000, 0, 0, 11, 2019),
(375, '478-0311112019', 478, 0, 0, '2019-11-11 15:32:34', NULL, 3, 10000, 0, 0, 11, 2019),
(376, '480-0212112019', 480, 0, 0, '2019-11-12 14:49:28', NULL, 3, 35000, 0, 0, 11, 2019),
(377, '484-0414112019', 484, 0, 0, '2019-11-14 16:44:05', NULL, 3, 156000, 0, 1, 11, 2019),
(378, '483-0414112019', 483, 0, 0, '2019-11-14 16:44:32', NULL, 3, 40000, 0, 1, 11, 2019),
(379, '488-1215112019', 488, 0, 0, '2019-11-15 12:41:00', NULL, 3, 271000, 0, 0, 11, 2019),
(380, '488-1215112019', 488, 0, 0, '2019-11-15 12:42:19', NULL, 3, 271000, 0, 0, 11, 2019),
(381, '489-0816112019', 489, 0, 0, '2019-11-16 08:11:12', NULL, 3, 7500, 0, 0, 11, 2019),
(382, '489-0816112019', 489, 0, 0, '2019-11-16 08:12:21', NULL, 3, 7500, 0, 0, 11, 2019),
(383, '310-0320112019', 310, 0, 0, '2019-11-20 15:53:04', NULL, 3, 190000, 0, 0, 11, 2019),
(384, '455-0126112019', 455, 0, 0, '2019-11-26 13:21:13', NULL, 3, 200000, 0, 0, 11, 2019),
(385, '493-0827112019', 493, 0, 0, '2019-11-27 08:33:55', NULL, 3, 30000, 0, 0, 11, 2019),
(386, '494-0827112019', 494, 0, 0, '2019-11-27 08:55:21', NULL, 3, 5000, 0, 0, 11, 2019),
(387, '495-0927112019', 495, 0, 0, '2019-11-27 09:17:29', NULL, 3, 7000, 0, 0, 11, 2019),
(388, '476-0527112019', 476, 0, 0, '2019-11-27 17:15:59', NULL, 3, 160000, 0, 0, 11, 2019),
(389, '482-0527112019', 482, 0, 0, '2019-11-27 17:16:39', NULL, 3, 1000000, 0, 0, 11, 2019),
(390, '487-0527112019', 487, 0, 0, '2019-11-27 17:17:15', NULL, 3, 70000, 0, 0, 11, 2019),
(391, '490-0527112019', 490, 0, 0, '2019-11-27 17:17:46', NULL, 3, 85000, 0, 0, 11, 2019),
(392, '496-0627112019', 496, 0, 0, '2019-11-27 18:12:21', NULL, 3, 1200000, 0, 1, 11, 2019),
(393, '497-0627112019', 497, 0, 0, '2019-11-27 18:13:59', NULL, 3, 800000, 0, 0, 11, 2019),
(394, '498-0828112019', 498, 0, 0, '2019-11-28 08:42:58', NULL, 3, 40000, 0, 0, 11, 2019),
(395, '499-0928112019', 499, 0, 0, '2019-11-28 09:36:50', NULL, 3, 91000, 0, 0, 11, 2019),
(396, '500-0428112019', 500, 0, 0, '2019-11-28 16:39:20', NULL, 3, 35000, 0, 1, 11, 2019),
(397, '410-0803122019', 410, 0, 0, '2019-12-03 08:36:29', NULL, 3, 30000, 0, 1, 12, 2019),
(398, '483-0803122019', 483, 0, 0, '2019-12-03 08:37:18', NULL, 3, 10000, 0, 1, 12, 2019),
(399, '503-0303122019', 503, 0, 0, '2019-12-03 15:42:39', NULL, 3, 15000, 0, 0, 12, 2019),
(400, '502-0303122019', 502, 0, 0, '2019-12-03 15:43:12', NULL, 3, 6000, 0, 0, 12, 2019),
(401, '504-0303122019', 504, 0, 0, '2019-12-03 15:45:16', NULL, 3, 3500, 0, 0, 12, 2019),
(402, '505-0104122019', 505, 0, 0, '2019-12-04 13:54:50', NULL, 3, 15000, 0, 0, 12, 2019),
(403, '504-0806122019', 504, 0, 0, '2019-12-06 08:29:07', NULL, 3, 5000, 0, 0, 12, 2019),
(404, '508-0506122019', 508, 0, 0, '2019-12-06 17:06:54', NULL, 3, 30000, 0, 1, 12, 2019),
(405, '508-1209122019', 508, 0, 0, '2019-12-09 12:21:38', NULL, 3, 30000, 0, 1, 12, 2019),
(406, '515-0213122019', 515, 0, 0, '2019-12-13 14:03:33', NULL, 3, 65000, 0, 0, 12, 2019),
(407, '519-0816122019', 519, 0, 0, '2019-12-16 08:21:30', NULL, 3, 70000, 0, 0, 12, 2019),
(408, '467-0117122019', 467, 0, 0, '2019-12-17 13:44:31', NULL, 3, 635000, 0, 0, 12, 2019),
(409, '524-0517122019', 524, 0, 0, '2019-12-17 17:07:14', NULL, 3, 200000, 0, 1, 12, 2019),
(410, '529-0821122019', 529, 0, 0, '2019-12-21 08:40:39', NULL, 3, 7500, 0, 0, 12, 2019),
(411, '520-0821122019', 520, 0, 0, '2019-12-21 08:42:12', NULL, 3, 40000, 0, 0, 12, 2019),
(412, '533-1223122019', 533, 0, 0, '2019-12-23 12:55:57', NULL, 3, 10000, 0, 0, 12, 2019),
(413, '536-0524122019', 536, 0, 0, '2019-12-24 17:03:51', NULL, 3, 50000, 0, 1, 12, 2019),
(414, '416-0524122019', 416, 0, 0, '2019-12-24 17:05:16', NULL, 3, 30000, 0, 0, 12, 2019),
(415, '455-1126122019', 455, 0, 0, '2019-12-26 11:24:21', NULL, 3, 150000, 0, 0, 12, 2019),
(416, '492-1126122019', 492, 0, 0, '2019-12-26 11:25:06', NULL, 3, 650000, 0, 0, 12, 2019),
(417, '536-0426122019', 536, 0, 0, '2019-12-26 16:52:16', NULL, 3, 47500, 0, 1, 12, 2019),
(418, '507-1127122019', 507, 0, 0, '2019-12-27 11:51:33', NULL, 3, 270000, 0, 0, 12, 2019),
(419, '511-1127122019', 511, 0, 0, '2019-12-27 11:52:48', NULL, 3, 1500000, 0, 0, 12, 2019),
(420, '514-1127122019', 514, 0, 0, '2019-12-27 11:53:57', NULL, 3, 305000, 0, 0, 12, 2019),
(421, '501-1127122019', 501, 0, 0, '2019-12-27 11:55:20', NULL, 3, 140000, 0, 0, 12, 2019),
(422, '524-0427122019', 524, 0, 0, '2019-12-27 16:39:32', NULL, 3, 200000, 0, 1, 12, 2019),
(423, '369-0102012020', 369, 0, 0, '2020-01-02 13:06:43', NULL, 3, 2580000, 0, 1, 1, 2020),
(424, '539-1103012020', 539, 0, 0, '2020-01-03 11:52:07', NULL, 3, 71000, 0, 1, 1, 2020),
(425, '542-0506012020', 542, 0, 0, '2020-01-06 17:00:18', NULL, 3, 95000, 0, 0, 1, 2020),
(426, '544-0506012020', 544, 0, 0, '2020-01-06 17:03:43', NULL, 3, 45000, 0, 0, 1, 2020),
(427, '544-0506012020', 544, 0, 0, '2020-01-06 17:56:03', NULL, 3, 5000, 0, 0, 1, 2020),
(428, '547-1007012020', 547, 0, 0, '2020-01-07 10:52:03', NULL, 3, 20000, 0, 0, 1, 2020),
(429, '548-0307012020', 548, 0, 0, '2020-01-07 15:37:09', NULL, 3, 10000, 0, 0, 1, 2020),
(430, '553-1118022020', 553, 0, 0, '2020-02-18 11:17:01', NULL, 3, 545000, 0, 0, 2, 2020),
(431, '552-1219022020', 552, 0, 0, '2020-02-19 12:49:45', NULL, 3, 240000, 0, 0, 2, 2020),
(432, '555-0219022020', 555, 0, 0, '2020-02-19 14:43:52', NULL, 3, 10000, 0, 0, 2, 2020),
(433, '560-0320022020', 560, 0, 0, '2020-02-20 15:47:09', NULL, 3, 60000, 0, 0, 2, 2020),
(434, '525-0420022020', 525, 0, 0, '2020-02-20 16:47:54', NULL, 3, 750000, 0, 0, 2, 2020),
(435, '562-0520022020', 562, 0, 0, '2020-02-20 17:35:40', NULL, 3, 150000, 0, 0, 2, 2020),
(436, '559-0121022020', 559, 0, 0, '2020-02-21 13:40:23', NULL, 3, 4000000, 0, 0, 2, 2020),
(437, '399-0925022020', 399, 0, 0, '2020-02-25 09:56:59', NULL, 3, 50000, 0, 0, 2, 2020),
(438, '353-0325022020', 353, 0, 0, '2020-02-25 15:36:49', NULL, 3, 100000, 0, 0, 2, 2020),
(439, '355-0325022020', 355, 0, 0, '2020-02-25 15:38:08', NULL, 3, 140000, 0, 0, 2, 2020),
(440, '359-0325022020', 359, 0, 0, '2020-02-25 15:38:27', NULL, 3, 600000, 0, 0, 2, 2020),
(441, '381-0325022020', 381, 0, 0, '2020-02-25 15:38:46', NULL, 3, 600000, 0, 0, 2, 2020),
(442, '392-0325022020', 392, 0, 0, '2020-02-25 15:39:02', NULL, 3, 140000, 0, 0, 2, 2020),
(443, '413-0325022020', 413, 0, 0, '2020-02-25 15:39:20', NULL, 3, 1400000, 0, 0, 2, 2020),
(444, '414-0325022020', 414, 0, 0, '2020-02-25 15:39:36', NULL, 3, 140000, 0, 0, 2, 2020),
(445, '421-0325022020', 421, 0, 0, '2020-02-25 15:39:53', NULL, 3, 100000, 0, 0, 2, 2020),
(446, '568-0226022020', 568, 0, 0, '2020-02-26 14:05:09', NULL, 3, 88000, 0, 1, 2, 2020),
(447, '369-0226022020', 369, 0, 0, '2020-02-26 14:05:24', NULL, 3, 6200000, 0, 1, 2, 2020),
(448, '369-0226022020', 369, 0, 0, '2020-02-26 14:05:30', NULL, 3, 60000, 0, 1, 2, 2020),
(449, '316-1028022020', 316, 0, 0, '2020-02-28 10:37:16', NULL, 3, 15000, 0, 0, 2, 2020),
(450, '569-1028022020', 569, 0, 0, '2020-02-28 10:52:25', NULL, 3, 10000, 0, 0, 2, 2020),
(451, '570-1128022020', 570, 0, 0, '2020-02-28 11:32:17', NULL, 3, 110000, 0, 0, 2, 2020),
(452, '549-1128022020', 549, 0, 0, '2020-02-28 11:36:43', NULL, 3, 160000, 0, 0, 2, 2020),
(453, '569-0117032020', 569, 0, 0, '2020-03-17 13:47:29', NULL, 3, 20000, 0, 0, 3, 2020),
(454, '0-1027032020', 582, 0, 0, '2020-03-27 10:07:10', NULL, 3, 80000, 0, 1, 3, 2020),
(455, '0-1127032020', 583, 0, 0, '2020-03-27 11:54:44', NULL, 3, 200000, 0, 1, 3, 2020),
(458, '575-0228032020', 575, 0, 0, '2020-03-28 14:08:44', NULL, 3, 847000, 0, 0, 3, 2020),
(459, '576-0228032020', 576, 0, 0, '2020-03-28 14:09:00', NULL, 3, 360000, 0, 0, 3, 2020),
(460, '553-0228032020', 553, 0, 0, '2020-03-28 14:12:57', NULL, 3, 250000, 0, 0, 3, 2020),
(461, '585-0929032020', 585, 0, 0, '2020-03-29 09:44:17', NULL, 3, 19000, 0, 0, 3, 2020),
(462, '251-0929032020', 251, 0, 0, '2020-03-29 09:47:23', NULL, 3, 50000, 0, 0, 3, 2020),
(463, '265-0929032020', 265, 0, 0, '2020-03-29 09:47:57', NULL, 3, 35000, 0, 0, 3, 2020),
(464, '351-0929032020', 351, 0, 0, '2020-03-29 09:48:29', NULL, 3, 41000, 0, 0, 3, 2020),
(465, '509-0929032020', 509, 0, 0, '2020-03-29 09:48:58', NULL, 3, 60000, 0, 0, 3, 2020),
(466, '517-0929032020', 517, 0, 0, '2020-03-29 09:49:30', NULL, 3, 100000, 0, 0, 3, 2020),
(467, '518-0929032020', 518, 0, 0, '2020-03-29 09:50:01', NULL, 3, 70000, 0, 0, 3, 2020),
(468, '521-0929032020', 521, 0, 0, '2020-03-29 09:50:20', NULL, 3, 80000, 0, 0, 3, 2020),
(469, '522-0929032020', 522, 0, 0, '2020-03-29 09:50:38', NULL, 3, 20000, 0, 0, 3, 2020),
(470, '586-0929032020', 586, 0, 0, '2020-03-29 09:57:42', NULL, 3, 60000, 0, 0, 3, 2020),
(471, '584-0431032020', 584, 0, 0, '2020-03-31 16:44:45', NULL, 3, 300000, 0, 0, 3, 2020),
(472, '587-0431032020', 587, 0, 0, '2020-03-31 16:50:13', NULL, 3, 180000, 0, 1, 3, 2020),
(473, '580-0310042020', 580, 0, 0, '2020-04-10 15:34:18', NULL, 3, 625000, 0, 0, 4, 2020),
(474, '578-0927042020', 578, 0, 0, '2020-04-27 09:10:32', NULL, 3, 400000, 0, 0, 4, 2020),
(475, '553-0927042020', 553, 0, 0, '2020-04-27 09:19:15', NULL, 3, 250000, 0, 0, 4, 2020),
(476, '590-1227042020', 590, 0, 0, '2020-04-27 12:13:13', NULL, 3, 500000, 0, 0, 4, 2020),
(477, '591-1227042020', 591, 0, 0, '2020-04-27 12:59:15', NULL, 3, 125000, 0, 1, 4, 2020),
(478, '595-1104052020', 595, 0, 0, '2020-05-04 11:58:25', NULL, 3, 1000000, 0, 1, 5, 2020),
(479, '595-1104052020', 595, 0, 0, '2020-05-04 11:58:39', NULL, 3, 10000, 0, 1, 5, 2020),
(480, '595-1104052020', 595, 0, 0, '2020-05-04 11:59:03', NULL, 3, 90000, 0, 1, 5, 2020),
(481, '588-1104052020', 588, 0, 0, '2020-05-04 11:59:29', NULL, 3, 1100000, 0, 0, 5, 2020),
(482, '592-0905052020', 592, 0, 0, '2020-05-05 09:46:24', NULL, 3, 180000, 0, 0, 5, 2020),
(483, '437-0920052020', 437, 0, 0, '2020-05-20 09:43:42', NULL, 3, 100000, 0, 0, 5, 2020),
(484, '438-0920052020', 438, 0, 0, '2020-05-20 09:44:50', NULL, 3, 100000, 0, 0, 5, 2020),
(485, '463-0920052020', 463, 0, 0, '2020-05-20 09:45:36', NULL, 3, 120000, 0, 0, 5, 2020),
(486, '491-0920052020', 491, 0, 0, '2020-05-20 09:48:00', NULL, 3, 80000, 0, 0, 5, 2020),
(487, '532-0920052020', 532, 0, 0, '2020-05-20 09:49:10', NULL, 3, 140000, 0, 0, 5, 2020),
(488, '535-0920052020', 535, 0, 0, '2020-05-20 09:50:53', NULL, 3, 300000, 0, 0, 5, 2020),
(489, '545-0920052020', 545, 0, 0, '2020-05-20 09:54:20', NULL, 3, 1800000, 0, 0, 5, 2020),
(490, '537-0221052020', 537, 0, 0, '2020-05-21 14:10:07', NULL, 3, 652000, 0, 0, 5, 2020),
(491, '598-1223052020', 598, 0, 0, '2020-05-23 12:27:54', NULL, 3, 100000, 0, 1, 5, 2020),
(492, '599-1223052020', 599, 0, 0, '2020-05-23 12:30:34', NULL, 3, 150000, 0, 1, 5, 2020),
(493, '600-0725052020', 600, 0, 0, '2020-05-25 07:54:01', NULL, 3, 6000, 0, 0, 5, 2020),
(494, '551-0826052020', 551, 0, 0, '2020-05-26 08:19:33', NULL, 3, 40000, 0, 0, 5, 2020),
(495, '608-0930052020', 608, 0, 0, '2020-05-30 09:49:07', NULL, 3, 5000, 0, 0, 5, 2020),
(496, '607-1001062020', 607, 0, 0, '2020-06-01 10:20:10', NULL, 3, 100000, 0, 1, 6, 2020),
(497, '607-0802062020', 607, 0, 0, '2020-06-02 08:11:56', NULL, 3, 20000, 0, 1, 6, 2020),
(498, '610-1103062020', 610, 0, 0, '2020-06-03 11:22:56', NULL, 3, 60000, 0, 1, 6, 2020),
(499, '611-1103062020', 611, 0, 0, '2020-06-03 11:24:27', NULL, 3, 42000, 0, 1, 6, 2020),
(500, '589-0704062020', 589, 0, 0, '2020-06-04 07:00:50', NULL, 3, 550000, 0, 0, 6, 2020),
(501, '578-0704062020', 578, 0, 0, '2020-06-04 07:01:54', NULL, 3, 125000, 0, 0, 6, 2020),
(502, '612-0704062020', 612, 0, 0, '2020-06-04 07:04:26', NULL, 3, 550000, 0, 1, 6, 2020),
(503, '613-0806062020', 613, 0, 0, '2020-06-06 08:44:00', NULL, 3, 5315400, 0, 1, 6, 2020),
(504, '615-1006062020', 615, 0, 0, '2020-06-06 10:00:30', NULL, 3, 28000, 0, 0, 6, 2020),
(505, '616-1006062020', 616, 0, 0, '2020-06-06 10:24:33', NULL, 3, 240000, 0, 1, 6, 2020),
(506, '614-0708062020', 614, 0, 0, '2020-06-08 07:30:21', NULL, 3, 240000, 0, 0, 6, 2020),
(507, '620-1020062020', 620, 0, 0, '2020-06-20 10:01:05', NULL, 3, 125000, 0, 1, 6, 2020),
(508, '597-1025062020', 597, 0, 0, '2020-06-25 10:40:24', NULL, 3, 65000, 0, 0, 6, 2020),
(509, '621-1225062020', 621, 0, 0, '2020-06-25 12:09:17', NULL, 3, 25600, 0, 0, 6, 2020),
(510, '555-0827062020', 555, 0, 0, '2020-06-27 08:12:16', NULL, 3, 40000, 0, 0, 6, 2020),
(511, '555-0827062020', 555, 0, 0, '2020-06-27 08:12:35', NULL, 3, 40000, 0, 0, 6, 2020),
(512, '603-0927062020', 603, 0, 0, '2020-06-27 09:16:16', NULL, 3, 25000, 0, 0, 6, 2020),
(513, '606-0927062020', 606, 0, 0, '2020-06-27 09:17:11', NULL, 3, 478500, 0, 0, 6, 2020),
(514, '619-0927062020', 619, 0, 0, '2020-06-27 09:17:58', NULL, 3, 450000, 0, 0, 6, 2020),
(515, '622-0927062020', 622, 0, 0, '2020-06-27 09:18:45', NULL, 3, 120000, 0, 0, 6, 2020),
(516, '609-1127062020', 609, 0, 0, '2020-06-27 11:31:31', NULL, 3, 500000, 0, 0, 6, 2020),
(517, '624-0829062020', 624, 0, 0, '2020-06-29 08:37:18', NULL, 3, 284750, 0, 0, 6, 2020),
(518, '626-0829062020', 626, 0, 0, '2020-06-29 08:47:09', NULL, 3, 284000, 0, 1, 6, 2020),
(519, '627-0829062020', 627, 0, 0, '2020-06-29 08:47:50', NULL, 3, 3000, 0, 0, 6, 2020),
(520, '546-1229062020', 546, 0, 0, '2020-06-29 12:03:59', NULL, 3, 450000, 0, 0, 6, 2020),
(521, '556-1229062020', 556, 0, 0, '2020-06-29 12:07:14', NULL, 3, 100000, 0, 0, 6, 2020),
(522, '557-1229062020', 557, 0, 0, '2020-06-29 12:08:25', NULL, 3, 200000, 0, 0, 6, 2020),
(523, '558-1229062020', 558, 0, 0, '2020-06-29 12:09:20', NULL, 3, 480000, 0, 0, 6, 2020),
(524, '554-1229062020', 554, 0, 0, '2020-06-29 12:11:13', NULL, 3, 80000, 0, 0, 6, 2020),
(526, '630-0103072020', 630, 0, 0, '2020-07-03 13:21:48', NULL, 3, 10000, 0, 0, 7, 2020),
(527, '625-0203072020', 625, 0, 0, '2020-07-03 14:19:37', NULL, 3, 140000, 0, 1, 7, 2020),
(528, '631-0904072020', 631, 0, 0, '2020-07-04 09:21:51', NULL, 3, 11000, 0, 0, 7, 2020),
(529, '635-0908072020', 635, 0, 0, '2020-07-08 09:46:58', NULL, 3, 10000, 0, 0, 7, 2020),
(530, '625-1108072020', 625, 0, 0, '2020-07-08 11:34:27', NULL, 3, 60000, 0, 1, 7, 2020),
(531, '416-1108072020', 416, 0, 0, '2020-07-08 11:37:40', NULL, 3, 10000, 0, 0, 7, 2020),
(532, '635-1108072020', 635, 0, 0, '2020-07-08 11:51:14', NULL, 3, 5000, 0, 0, 7, 2020),
(533, '644-0922072020', 644, 0, 0, '2020-07-22 09:11:08', NULL, 3, 45000, 0, 0, 7, 2020),
(534, '628-0824072020', 628, 0, 0, '2020-07-24 08:50:52', NULL, 3, 350000, 0, 0, 7, 2020),
(535, '645-0224072020', 645, 0, 0, '2020-07-24 14:01:21', NULL, 3, 187000, 0, 0, 7, 2020),
(536, '638-0325072020', 638, 0, 0, '2020-07-25 15:06:26', NULL, 3, 10000, 0, 0, 7, 2020),
(537, '628-0325072020', 628, 0, 0, '2020-07-25 15:07:31', NULL, 3, 350000, 0, 0, 7, 2020),
(538, '634-0828072020', 634, 0, 0, '2020-07-28 08:16:49', NULL, 3, 330000, 0, 0, 7, 2020),
(539, '641-0828072020', 641, 0, 0, '2020-07-28 08:18:55', NULL, 3, 75000, 0, 0, 7, 2020),
(540, '643-0828072020', 643, 0, 0, '2020-07-28 08:20:14', NULL, 3, 170000, 0, 0, 7, 2020),
(541, '647-0828072020', 647, 0, 0, '2020-07-28 08:55:17', NULL, 3, 400000, 0, 0, 7, 2020),
(542, '628-0929072020', 628, 0, 0, '2020-07-29 09:27:55', NULL, 3, 200000, 0, 0, 7, 2020),
(543, '649-0929072020', 649, 0, 0, '2020-07-29 09:29:13', NULL, 3, 20000, 0, 0, 7, 2020),
(544, '650-1030072020', 650, 0, 0, '2020-07-30 10:42:05', NULL, 3, 45000, 0, 0, 7, 2020),
(545, '650-0831072020', 650, 0, 0, '2020-07-31 08:37:11', NULL, 3, 5000, 0, 0, 7, 2020),
(546, '533-0931072020', 533, 0, 0, '2020-07-31 09:20:45', NULL, 3, 10000, 0, 0, 7, 2020),
(547, '654-0803082020', 654, 0, 0, '2020-08-03 08:52:24', NULL, 3, 55000, 0, 0, 8, 2020),
(548, '655-0803082020', 655, 0, 0, '2020-08-03 08:47:21', NULL, 3, 28000, 0, 0, 8, 2020),
(549, '655-0803082020', 655, 0, 0, '2020-08-03 08:49:09', NULL, 3, 60000, 0, 0, 8, 2020),
(550, '656-0903082020', 656, 0, 0, '2020-08-03 09:49:39', NULL, 3, 5000, 0, 0, 8, 2020),
(551, '656-1004082020', 656, 0, 0, '2020-08-04 10:12:53', NULL, 3, 2500, 0, 0, 8, 2020),
(552, '656-0705082020', 656, 0, 0, '2020-08-05 07:52:51', NULL, 3, 36000, 0, 0, 8, 2020),
(553, '657-0805082020', 657, 0, 0, '2020-08-05 08:42:49', NULL, 3, 10000, 0, 0, 8, 2020),
(554, '656-0805082020', 656, 0, 0, '2020-08-05 08:43:50', NULL, 3, 5000, 0, 0, 8, 2020),
(555, '647-0805082020', 647, 0, 0, '2020-08-05 08:47:58', NULL, 3, 112500, 0, 0, 8, 2020),
(556, '594-0905082020', 594, 0, 0, '2020-08-05 09:06:40', NULL, 3, 140000, 0, 0, 8, 2020),
(557, '574-0905082020', 574, 0, 0, '2020-08-05 09:07:43', NULL, 3, 140000, 0, 0, 8, 2020),
(558, '573-0905082020', 573, 0, 0, '2020-08-05 09:08:31', NULL, 3, 316000, 0, 0, 8, 2020),
(559, '571-0905082020', 571, 0, 0, '2020-08-05 09:16:31', NULL, 3, 240000, 0, 0, 8, 2020),
(560, '566-0905082020', 566, 0, 0, '2020-08-05 09:18:17', NULL, 3, 378600, 0, 0, 8, 2020),
(561, '564-0905082020', 564, 0, 0, '2020-08-05 09:18:55', NULL, 3, 240000, 0, 0, 8, 2020),
(562, '561-0905082020', 561, 0, 0, '2020-08-05 09:20:04', NULL, 3, 592000, 0, 0, 8, 2020),
(563, '658-0907082020', 658, 0, 0, '2020-08-07 09:01:35', NULL, 3, 240000, 0, 0, 8, 2020),
(564, '656-0907082020', 656, 0, 0, '2020-08-07 09:32:05', NULL, 3, 5000, 0, 0, 8, 2020),
(565, '659-0810082020', 659, 0, 0, '2020-08-10 08:47:11', NULL, 3, 39000, 0, 0, 8, 2020),
(566, '661-0911082020', 661, 0, 0, '2020-08-11 09:20:46', NULL, 3, 17000, 0, 0, 8, 2020),
(567, '609-0914082020', 609, 0, 0, '2020-08-14 09:08:41', NULL, 3, 2000000, 0, 0, 8, 2020),
(568, '663-0915082020', 663, 0, 0, '2020-08-15 09:31:06', NULL, 3, 8000, 0, 0, 8, 2020),
(569, '666-0721082020', 666, 0, 0, '2020-08-21 07:48:21', NULL, 3, 1400000, 0, 1, 8, 2020),
(570, '646-0721082020', 646, 0, 0, '2020-08-21 07:48:54', NULL, 3, 1400000, 0, 0, 8, 2020),
(571, '670-1124082020', 670, 0, 0, '2020-08-24 11:06:01', NULL, 3, 133000, 0, 0, 8, 2020),
(572, '672-0825082020', 672, 0, 0, '2020-08-25 08:32:10', NULL, 3, 150000, 0, 0, 8, 2020),
(573, '673-0926082020', 673, 0, 0, '2020-08-26 09:24:06', NULL, 3, 1000, 0, 0, 8, 2020),
(574, '674-1027082020', 674, 0, 0, '2020-08-27 10:23:32', NULL, 3, 5000, 0, 0, 8, 2020),
(575, '676-1027082020', 676, 0, 0, '2020-08-27 10:26:24', NULL, 3, 15000, 0, 0, 8, 2020);
INSERT INTO `paiements` (`id`, `reference`, `facture_id`, `client_id`, `entree_id`, `created_at`, `updated_at`, `user_id`, `montant`, `statut`, `fournisseur`, `moi_id`, `annee`) VALUES
(576, '677-1027082020', 677, 0, 0, '2020-08-27 10:33:00', NULL, 3, 17000, 0, 0, 8, 2020),
(577, '678-0928082020', 678, 0, 0, '2020-08-28 09:59:39', NULL, 3, 25000, 0, 0, 8, 2020),
(578, '648-0829082020', 648, 0, 0, '2020-08-29 08:47:00', NULL, 3, 300000, 0, 0, 8, 2020),
(579, '679-0829082020', 679, 0, 0, '2020-08-29 08:47:42', NULL, 3, 85000, 0, 0, 8, 2020),
(580, '678-0929082020', 678, 0, 0, '2020-08-29 09:29:28', NULL, 3, 60000, 0, 0, 8, 2020),
(581, '617-1102092020', 617, 0, 0, '2020-09-02 11:02:18', NULL, 3, 340000, 0, 0, 9, 2020),
(582, '604-1102092020', 604, 0, 0, '2020-09-02 11:02:53', NULL, 3, 550000, 0, 0, 9, 2020),
(583, '596-1102092020', 596, 0, 0, '2020-09-02 11:03:31', NULL, 3, 125000, 0, 0, 9, 2020),
(584, '682-0202092020', 682, 0, 0, '2020-09-02 14:59:54', NULL, 3, 65000, 0, 0, 9, 2020),
(585, '683-0804092020', 683, 0, 0, '2020-09-04 08:20:05', NULL, 3, 225000, 0, 0, 9, 2020),
(586, '684-1004092020', 684, 0, 0, '2020-09-04 10:05:19', NULL, 3, 312500, 0, 0, 9, 2020),
(587, '685-0905092020', 685, 0, 0, '2020-09-05 09:03:23', NULL, 3, 20000, 0, 0, 9, 2020),
(588, '686-1005092020', 686, 0, 0, '2020-09-05 10:18:12', NULL, 3, 15000, 0, 0, 9, 2020),
(589, '688-1108092020', 688, 0, 0, '2020-09-08 11:55:31', NULL, 3, 60000, 0, 0, 9, 2020),
(590, '656-1208092020', 656, 0, 0, '2020-09-08 12:16:44', NULL, 3, 12500, 0, 0, 9, 2020),
(591, '689-0709092020', 689, 0, 0, '2020-09-09 07:24:36', NULL, 3, 225000, 0, 0, 9, 2020),
(592, '656-0709092020', 656, 0, 0, '2020-09-09 07:49:12', NULL, 3, 10000, 0, 0, 9, 2020),
(593, '690-0209092020', 690, 0, 0, '2020-09-09 14:10:02', NULL, 3, 67000, 0, 0, 9, 2020),
(594, '681-0209092020', 681, 0, 0, '2020-09-09 14:22:54', NULL, 3, 250000, 0, 0, 9, 2020),
(595, '692-1010092020', 692, 0, 0, '2020-09-10 10:27:28', NULL, 3, 35000, 0, 0, 9, 2020),
(596, '694-0711092020', 694, 0, 0, '2020-09-11 07:10:07', NULL, 3, 50000, 0, 0, 9, 2020),
(597, '694-1211092020', 694, 0, 0, '2020-09-11 12:52:12', NULL, 3, 40000, 0, 0, 9, 2020),
(598, '694-0111092020', 694, 0, 0, '2020-09-11 13:17:50', NULL, 3, 9000, 0, 0, 9, 2020),
(599, '695-0712092020', 695, 0, 0, '2020-09-12 07:57:02', NULL, 3, 275000, 0, 0, 9, 2020),
(600, '669-0912092020', 669, 0, 0, '2020-09-12 09:10:54', NULL, 3, 194000, 0, 0, 9, 2020),
(601, '697-0921092020', 697, 0, 0, '2020-09-21 09:41:13', NULL, 3, 10000, 0, 0, 9, 2020),
(602, '697-0921092020', 697, 0, 0, '2020-09-21 09:43:45', NULL, 3, 10000, 0, 0, 9, 2020),
(603, '697-0921092020', 697, 0, 0, '2020-09-21 09:57:34', NULL, 3, 60000, 0, 0, 9, 2020),
(604, '701-0923092020', 701, 0, 0, '2020-09-23 09:09:20', NULL, 3, 240000, 0, 0, 9, 2020),
(605, '613-1024092020', 613, 0, 0, '2020-09-24 10:49:28', NULL, 3, 2126000, 0, 1, 9, 2020),
(606, '613-1024092020', 613, 0, 0, '2020-09-24 10:49:45', NULL, 3, 2126000, 0, 1, 9, 2020),
(607, '704-0225092020', 704, 0, 0, '2020-09-25 14:43:54', NULL, 3, 180000, 0, 0, 9, 2020),
(608, '703-0826092020', 703, 0, 0, '2020-09-26 08:00:52', NULL, 3, 50000, 0, 0, 9, 2020),
(609, '697-0826092020', 697, 0, 0, '2020-09-26 08:02:26', NULL, 3, 5000, 0, 0, 9, 2020),
(610, '705-0727092020', 705, 0, 0, '2020-09-27 07:23:03', NULL, 3, 2342400, 0, 1, 9, 2020),
(611, '706-0727092020', 706, 0, 0, '2020-09-27 07:39:50', NULL, 3, 1000000, 0, 1, 9, 2020),
(612, '706-0827092020', 706, 0, 0, '2020-09-27 08:15:00', NULL, 3, 70800, 0, 1, 9, 2020),
(613, '707-0827092020', 707, 0, 0, '2020-09-27 08:30:22', NULL, 3, 10000, 0, 0, 9, 2020),
(614, '708-0827092020', 708, 0, 0, '2020-09-27 08:36:00', NULL, 3, 225000, 0, 0, 9, 2020),
(615, '567-0928092020', 567, 0, 0, '2020-09-28 09:30:26', NULL, 3, 500000, 0, 0, 9, 2020),
(616, '711-0802102020', 711, 0, 0, '2020-10-02 08:22:29', NULL, 3, 55000, 0, 0, 10, 2020),
(617, '697-0802102020', 697, 0, 0, '2020-10-02 08:37:52', NULL, 3, 10000, 0, 0, 10, 2020),
(618, '712-0803102020', 712, 0, 0, '2020-10-03 08:39:56', NULL, 3, 5000, 0, 0, 10, 2020),
(619, '715-0706102020', 715, 0, 0, '2020-10-06 07:51:51', NULL, 3, 18000, 0, 0, 10, 2020),
(620, '716-0707102020', 716, 0, 0, '2020-10-07 07:59:39', NULL, 3, 495000, 0, 0, 10, 2020),
(621, '715-1108102020', 715, 0, 0, '2020-10-08 11:06:33', NULL, 3, 15000, 0, 0, 10, 2020),
(622, '639-0709102020', 639, 0, 0, '2020-10-09 07:55:49', NULL, 3, 427500, 0, 0, 10, 2020),
(623, '652-0709102020', 652, 0, 0, '2020-10-09 07:56:35', NULL, 3, 160000, 0, 0, 10, 2020),
(624, '653-0709102020', 653, 0, 0, '2020-10-09 07:57:41', NULL, 3, 100000, 0, 0, 10, 2020),
(625, '718-0810102020', 718, 0, 0, '2020-10-10 08:25:55', NULL, 3, 55000, 0, 0, 10, 2020),
(626, '675-0713102020', 675, 0, 0, '2020-10-13 07:39:42', NULL, 3, 150000, 0, 0, 10, 2020),
(627, '719-0714102020', 719, 0, 0, '2020-10-14 07:08:00', NULL, 3, 160000, 0, 1, 10, 2020),
(628, '721-0119102020', 721, 0, 0, '2020-10-19 13:34:10', NULL, 3, 150000, 0, 0, 10, 2020),
(629, '721-0119102020', 721, 0, 0, '2020-10-19 13:40:36', NULL, 3, 10000, 0, 0, 10, 2020),
(630, '722-0219102020', 722, 0, 0, '2020-10-19 14:45:16', NULL, 3, 40000, 0, 0, 10, 2020),
(631, '723-0822102020', 723, 0, 0, '2020-10-22 08:50:11', NULL, 3, 80000, 0, 0, 10, 2020),
(632, '726-0726102020', 726, 0, 0, '2020-10-26 07:26:51', NULL, 3, 100000, 0, 0, 10, 2020),
(633, '729-0826102020', 729, 0, 0, '2020-10-26 08:10:36', NULL, 3, 225000, 0, 0, 10, 2020),
(634, '704-0926102020', 704, 0, 0, '2020-10-26 09:57:54', NULL, 3, 720000, 0, 0, 10, 2020),
(635, '629-0927102020', 629, 0, 0, '2020-10-27 09:28:19', NULL, 3, 125000, 0, 0, 10, 2020),
(636, '541-0729102020', 541, 0, 0, '2020-10-29 07:59:09', NULL, 3, 600000, 0, 0, 10, 2020),
(637, '680-0729102020', 680, 0, 0, '2020-10-29 07:59:42', NULL, 3, 90000, 0, 0, 10, 2020),
(638, '717-0829102020', 717, 0, 0, '2020-10-29 08:00:14', NULL, 3, 280000, 0, 0, 10, 2020),
(639, '727-0829102020', 727, 0, 0, '2020-10-29 08:00:45', NULL, 3, 800000, 0, 0, 10, 2020),
(640, '736-0829102020', 736, 0, 0, '2020-10-29 08:01:17', NULL, 3, 105000, 0, 0, 10, 2020),
(641, '613-0702112020', 613, 0, 0, '2020-11-02 07:58:30', NULL, 3, 2110200, 0, 1, 11, 2020),
(642, '629-0802112020', 629, 0, 0, '2020-11-02 08:12:43', NULL, 3, 15000, 0, 0, 11, 2020),
(643, '735-0102112020', 735, 0, 0, '2020-11-02 13:17:34', NULL, 3, 250000, 0, 0, 11, 2020),
(644, '613-0202112020', 613, 0, 0, '2020-11-02 14:25:12', NULL, 3, 2142800, 0, 1, 11, 2020),
(645, '738-1204112020', 738, 0, 0, '2020-11-04 12:57:56', NULL, 3, 136000, 0, 0, 11, 2020),
(646, '735-1107112020', 735, 0, 0, '2020-11-07 11:48:25', NULL, 3, 150000, 0, 0, 11, 2020),
(647, '742-0507112020', 742, 0, 0, '2020-11-07 17:24:45', NULL, 3, 45000, 0, 0, 11, 2020),
(648, '744-0910112020', 744, 0, 0, '2020-11-10 09:31:34', NULL, 3, 220000, 0, 0, 11, 2020),
(649, '746-0812112020', 746, 0, 0, '2020-11-12 08:37:35', NULL, 3, 136000, 0, 0, 11, 2020),
(650, '749-0813112020', 749, 0, 0, '2020-11-13 08:44:34', NULL, 3, 26000, 0, 0, 11, 2020),
(651, '735-0913112020', 735, 0, 0, '2020-11-13 09:34:04', NULL, 3, 170000, 0, 0, 11, 2020),
(652, '706-0913112020', 706, 0, 0, '2020-11-13 09:38:42', NULL, 3, 1799200, 0, 1, 11, 2020),
(653, '705-0913112020', 705, 0, 0, '2020-11-13 09:56:43', NULL, 3, 127600, 0, 1, 11, 2020),
(654, '751-0916112020', 751, 0, 0, '2020-11-16 09:08:28', NULL, 3, 90000, 0, 0, 11, 2020),
(655, '753-1017112020', 753, 0, 0, '2020-11-17 10:33:00', NULL, 3, 150000, 0, 0, 11, 2020),
(656, '750-1020112020', 750, 0, 0, '2020-11-20 10:20:57', NULL, 3, 245000, 0, 0, 11, 2020),
(657, '755-1020112020', 755, 0, 0, '2020-11-20 10:21:41', NULL, 3, 540000, 0, 0, 11, 2020),
(658, '759-0124112020', 759, 0, 0, '2020-11-24 13:29:21', NULL, 3, 150000, 0, 0, 11, 2020),
(659, '577-0124112020', 577, 0, 0, '2020-11-24 13:29:59', NULL, 3, 225000, 0, 0, 11, 2020),
(660, '747-1227112020', 747, 0, 0, '2020-11-27 12:19:44', NULL, 3, 400000, 0, 0, 11, 2020),
(661, '757-1227112020', 757, 0, 0, '2020-11-27 12:20:28', NULL, 3, 980000, 0, 0, 11, 2020),
(662, '745-1227112020', 745, 0, 0, '2020-11-27 12:22:10', NULL, 3, 95000, 0, 0, 11, 2020),
(663, '765-0803122020', 765, 0, 0, '2020-12-03 08:16:28', NULL, 3, 272000, 0, 0, 12, 2020),
(664, '764-0803122020', 764, 0, 0, '2020-12-03 08:46:39', NULL, 3, 42500, 0, 0, 12, 2020),
(665, '756-1209122020', 756, 0, 0, '2020-12-09 12:46:49', NULL, 3, 60000, 0, 0, 12, 2020),
(666, '772-1110122020', 772, 0, 0, '2020-12-10 11:20:00', NULL, 3, 90000, 0, 0, 12, 2020),
(667, '702-1016122020', 702, 0, 0, '2020-12-16 10:39:41', NULL, 3, 300000, 0, 0, 12, 2020),
(668, '700-1016122020', 700, 0, 0, '2020-12-16 10:41:16', NULL, 3, 280000, 0, 0, 12, 2020),
(669, '699-1016122020', 699, 0, 0, '2020-12-16 10:42:29', NULL, 3, 596000, 0, 0, 12, 2020),
(670, '691-1016122020', 691, 0, 0, '2020-12-16 10:44:04', NULL, 3, 140000, 0, 0, 12, 2020),
(671, '687-1016122020', 687, 0, 0, '2020-12-16 10:44:52', NULL, 3, 100000, 0, 0, 12, 2020),
(672, '664-1017122020', 664, 0, 0, '2020-12-17 10:17:13', NULL, 3, 25000, 0, 1, 12, 2020),
(673, '760-0929122020', 760, 0, 0, '2020-12-29 09:58:49', NULL, 3, 60000, 0, 0, 12, 2020),
(674, '769-1029122020', 769, 0, 0, '2020-12-29 10:00:00', NULL, 3, 60000, 0, 0, 12, 2020),
(675, '769-1029122020', 769, 0, 0, '2020-12-29 10:03:41', NULL, 3, 60000, 0, 0, 12, 2020),
(676, '777-0531122020', 777, 0, 0, '2020-12-31 17:09:44', NULL, 3, 3500, 0, 0, 12, 2020),
(677, '771-1223012021', 771, 0, 0, '2021-01-23 12:26:57', NULL, 3, 500000, 0, 1, 1, 2021),
(678, '785-0927012021', 785, 0, 0, '2021-01-27 09:24:08', NULL, 3, 80000, 0, 0, 1, 2021),
(679, '744-0927012021', 744, 0, 0, '2021-01-27 09:52:54', NULL, 3, 880000, 0, 0, 1, 2021),
(680, '770-0327012021', 770, 0, 0, '2021-01-27 15:08:28', NULL, 3, 400000, 0, 0, 1, 2021),
(681, '734-1030012021', 734, 0, 0, '2021-01-30 10:03:49', NULL, 3, 1365500, 0, 0, 1, 2021),
(682, '763-1030012021', 763, 0, 0, '2021-01-30 10:18:32', NULL, 3, 140000, 0, 0, 1, 2021),
(683, '787-0901022021', 787, 0, 0, '2021-02-01 09:59:42', NULL, 3, 330000, 0, 0, 2, 2021),
(684, '770-0802022021', 770, 0, 0, '2021-02-02 08:32:29', NULL, 3, 300000, 0, 0, 2, 2021),
(685, '771-1003022021', 771, 0, 0, '2021-02-03 10:55:26', NULL, 3, 200000, 0, 1, 2, 2021),
(686, '613-1003022021', 613, 0, 0, '2021-02-03 10:57:40', NULL, 3, 3125800, 0, 1, 2, 2021),
(687, '613-1003022021', 613, 0, 0, '2021-02-03 10:58:27', NULL, 3, 4180600, 0, 1, 2, 2021),
(688, '203-1103022021', 203, 0, 0, '2021-02-03 11:35:20', NULL, 3, 10000, 0, 0, 2, 2021),
(689, '791-1004022021', 791, 0, 0, '2021-02-04 10:58:41', NULL, 3, 55000, 0, 0, 2, 2021),
(690, '567-1105022021', 567, 0, 0, '2021-02-05 11:17:58', NULL, 3, 327000, 0, 0, 2, 2021),
(691, '593-1105022021', 593, 0, 0, '2021-02-05 11:18:51', NULL, 3, 250000, 0, 0, 2, 2021),
(692, '642-1105022021', 642, 0, 0, '2021-02-05 11:19:36', NULL, 3, 40000, 0, 0, 2, 2021),
(693, '662-1105022021', 662, 0, 0, '2021-02-05 11:20:21', NULL, 3, 90000, 0, 0, 2, 2021),
(694, '671-1105022021', 671, 0, 0, '2021-02-05 11:21:30', NULL, 3, 216000, 0, 0, 2, 2021),
(695, '693-1105022021', 693, 0, 0, '2021-02-05 11:22:15', NULL, 3, 10000, 0, 0, 2, 2021),
(696, '698-1105022021', 698, 0, 0, '2021-02-05 11:23:11', NULL, 3, 365000, 0, 0, 2, 2021),
(697, '730-1105022021', 730, 0, 0, '2021-02-05 11:24:05', NULL, 3, 225000, 0, 0, 2, 2021),
(698, '754-1105022021', 754, 0, 0, '2021-02-05 11:24:53', NULL, 3, 100000, 0, 0, 2, 2021),
(699, '766-1105022021', 766, 0, 0, '2021-02-05 11:25:51', NULL, 3, 220000, 0, 0, 2, 2021),
(700, '768-1105022021', 768, 0, 0, '2021-02-05 11:28:37', NULL, 3, 157000, 0, 0, 2, 2021),
(701, '758-0908022021', 758, 0, 0, '2021-02-08 09:42:48', NULL, 3, 426000, 0, 0, 2, 2021),
(702, '739-0916022021', 739, 0, 0, '2021-02-16 09:32:03', NULL, 3, 80000, 0, 0, 2, 2021),
(703, '737-0916022021', 737, 0, 0, '2021-02-16 09:32:50', NULL, 3, 120000, 0, 0, 2, 2021),
(704, '743-0916022021', 743, 0, 0, '2021-02-16 09:33:39', NULL, 3, 600000, 0, 0, 2, 2021),
(705, '762-0916022021', 762, 0, 0, '2021-02-16 09:34:21', NULL, 3, 240000, 0, 0, 2, 2021),
(706, '767-0916022021', 767, 0, 0, '2021-02-16 09:41:38', NULL, 3, 395600, 0, 0, 2, 2021),
(707, '773-0916022021', 773, 0, 0, '2021-02-16 09:42:22', NULL, 3, 600000, 0, 0, 2, 2021),
(708, '775-0916022021', 775, 0, 0, '2021-02-16 09:43:05', NULL, 3, 100000, 0, 0, 2, 2021),
(709, '776-0916022021', 776, 0, 0, '2021-02-16 09:43:40', NULL, 3, 80000, 0, 0, 2, 2021),
(710, '779-0916022021', 779, 0, 0, '2021-02-16 09:44:24', NULL, 3, 240000, 0, 0, 2, 2021),
(711, '613-1023022021', 613, 0, 0, '2021-02-23 10:41:26', NULL, 3, 2634300, 0, 1, 2, 2021),
(712, '710-1026022021', 710, 0, 0, '2021-02-26 10:54:39', NULL, 3, 1200000, 0, 0, 2, 2021),
(713, '713-1026022021', 713, 0, 0, '2021-02-26 10:55:51', NULL, 3, 120000, 0, 0, 2, 2021),
(714, '714-1026022021', 714, 0, 0, '2021-02-26 10:57:29', NULL, 3, 600000, 0, 0, 2, 2021),
(715, '724-1026022021', 724, 0, 0, '2021-02-26 10:58:19', NULL, 3, 140000, 0, 0, 2, 2021),
(716, '725-1026022021', 725, 0, 0, '2021-02-26 10:59:43', NULL, 3, 600000, 0, 0, 2, 2021),
(717, '732-1126022021', 732, 0, 0, '2021-02-26 11:00:51', NULL, 3, 388000, 0, 0, 2, 2021),
(718, '802-1126022021', 802, 0, 0, '2021-02-26 11:03:39', NULL, 3, 64000, 0, 0, 2, 2021),
(719, '810-1115032021', 810, 0, 0, '2021-03-15 11:36:00', NULL, 3, 225000, 0, 0, 3, 2021),
(720, '799-0118032021', 799, 0, 0, '2021-03-18 13:04:25', NULL, 3, 660000, 0, 0, 3, 2021),
(721, '813-0923032021', 813, 0, 0, '2021-03-23 09:17:09', NULL, 3, 679000, 0, 0, 3, 2021),
(722, '807-1129032021', 807, 0, 0, '2021-03-29 11:18:04', NULL, 3, 67500, 0, 0, 3, 2021),
(723, '809-1129032021', 809, 0, 0, '2021-03-29 11:19:27', NULL, 3, 850000, 0, 0, 3, 2021),
(724, '788-0102042021', 788, 0, 0, '2021-04-02 13:25:13', NULL, 3, 614000, 0, 0, 4, 2021),
(725, '822-0102042021', 822, 0, 0, '2021-04-02 13:26:51', NULL, 3, 30000, 0, 1, 4, 2021),
(726, '817-0707042021', 817, 0, 0, '2021-04-07 07:34:54', NULL, 3, 400000, 0, 1, 4, 2021),
(727, '832-0713042021', 832, 0, 0, '2021-04-13 07:56:50', NULL, 3, 140000, 0, 0, 4, 2021),
(728, '781-0816042021', 781, 0, 0, '2021-04-16 08:29:18', NULL, 3, 120000, 0, 0, 4, 2021),
(729, '783-0816042021', 783, 0, 0, '2021-04-16 08:30:33', NULL, 3, 175000, 0, 0, 4, 2021),
(730, '784-0816042021', 784, 0, 0, '2021-04-16 08:31:45', NULL, 3, 372000, 0, 0, 4, 2021),
(731, '786-0816042021', 786, 0, 0, '2021-04-16 08:34:59', NULL, 3, 120000, 0, 0, 4, 2021),
(732, '837-0819042021', 837, 0, 0, '2021-04-19 08:40:52', NULL, 3, 2000000, 0, 0, 4, 2021),
(733, '789-0221042021', 789, 0, 0, '2021-04-21 14:22:59', NULL, 3, 120000, 0, 0, 4, 2021),
(734, '790-0221042021', 790, 0, 0, '2021-04-21 14:23:39', NULL, 3, 120000, 0, 0, 4, 2021),
(735, '793-0221042021', 793, 0, 0, '2021-04-21 14:24:35', NULL, 3, 170000, 0, 0, 4, 2021),
(736, '797-0221042021', 797, 0, 0, '2021-04-21 14:25:58', NULL, 3, 300000, 0, 0, 4, 2021),
(737, '796-0221042021', 796, 0, 0, '2021-04-21 14:26:36', NULL, 3, 140000, 0, 0, 4, 2021),
(738, '798-0221042021', 798, 0, 0, '2021-04-21 14:27:29', NULL, 3, 450000, 0, 0, 4, 2021),
(739, '804-0221042021', 804, 0, 0, '2021-04-21 14:28:42', NULL, 3, 444000, 0, 0, 4, 2021),
(740, '805-0221042021', 805, 0, 0, '2021-04-21 14:29:30', NULL, 3, 600000, 0, 0, 4, 2021),
(741, '811-0221042021', 811, 0, 0, '2021-04-21 14:32:22', NULL, 3, 1987000, 0, 0, 4, 2021),
(742, '768-0221042021', 768, 0, 0, '2021-04-21 14:34:03', NULL, 3, 7000, 0, 0, 4, 2021),
(743, '778-0221042021', 778, 0, 0, '2021-04-21 14:34:56', NULL, 3, 6000, 0, 0, 4, 2021),
(744, '844-0928042021', 844, 0, 0, '2021-04-28 09:54:50', NULL, 3, 440000, 0, 0, 4, 2021),
(745, '821-0928042021', 821, 0, 0, '2021-04-28 09:57:11', NULL, 3, 600000, 0, 0, 4, 2021),
(746, '838-0928042021', 838, 0, 0, '2021-04-28 09:57:48', NULL, 3, 130000, 0, 0, 4, 2021),
(747, '841-0928042021', 841, 0, 0, '2021-04-28 09:58:18', NULL, 3, 140000, 0, 0, 4, 2021),
(748, '843-0829042021', 843, 0, 0, '2021-04-29 08:23:24', NULL, 3, 1300000, 0, 0, 4, 2021),
(749, '842-0708052021', 842, 0, 0, '2021-05-08 07:40:02', NULL, 3, 400000, 0, 0, 5, 2021),
(750, '649-1011052021', 649, 0, 0, '2021-05-11 10:32:35', NULL, 3, 25000, 0, 0, 5, 2021),
(751, '770-1011052021', 770, 0, 0, '2021-05-11 10:33:21', NULL, 3, 16000, 0, 0, 5, 2021),
(752, '799-1011052021', 799, 0, 0, '2021-05-11 10:34:01', NULL, 3, 6000, 0, 0, 5, 2021),
(753, '812-1011052021', 812, 0, 0, '2021-05-11 10:37:22', NULL, 3, 2050000, 0, 0, 5, 2021),
(754, '824-1212052021', 824, 0, 0, '2021-05-12 12:11:30', NULL, 3, 220000, 0, 0, 5, 2021),
(755, '853-0212052021', 853, 0, 0, '2021-05-12 14:23:32', NULL, 3, 524100, 0, 1, 5, 2021),
(756, '814-0918052021', 814, 0, 0, '2021-05-18 09:34:36', NULL, 3, 120000, 0, 0, 5, 2021),
(757, '828-0918052021', 828, 0, 0, '2021-05-18 09:35:48', NULL, 3, 1400000, 0, 0, 5, 2021),
(758, '820-0918052021', 820, 0, 0, '2021-05-18 09:36:29', NULL, 3, 145000, 0, 0, 5, 2021),
(759, '819-0918052021', 819, 0, 0, '2021-05-18 09:37:49', NULL, 3, 555000, 0, 0, 5, 2021),
(760, '818-0918052021', 818, 0, 0, '2021-05-18 09:38:36', NULL, 3, 600000, 0, 0, 5, 2021),
(761, '816-0918052021', 816, 0, 0, '2021-05-18 09:39:21', NULL, 3, 165000, 0, 0, 5, 2021),
(762, '815-0918052021', 815, 0, 0, '2021-05-18 09:40:38', NULL, 3, 600000, 0, 0, 5, 2021),
(763, '848-1124052021', 848, 0, 0, '2021-05-24 11:07:53', NULL, 3, 180000, 0, 0, 5, 2021),
(764, '851-1124052021', 851, 0, 0, '2021-05-24 11:09:10', NULL, 3, 90000, 0, 0, 5, 2021),
(765, '830-0902062021', 830, 0, 0, '2021-06-02 09:03:36', NULL, 3, 430000, 0, 0, 6, 2021),
(766, '829-0902062021', 829, 0, 0, '2021-06-02 09:04:32', NULL, 3, 275000, 0, 0, 6, 2021),
(767, '831-0902062021', 831, 0, 0, '2021-06-02 09:08:00', NULL, 3, 120000, 0, 0, 6, 2021),
(768, '833-0902062021', 833, 0, 0, '2021-06-02 09:08:40', NULL, 3, 140000, 0, 0, 6, 2021),
(769, '835-0902062021', 835, 0, 0, '2021-06-02 09:09:16', NULL, 3, 600000, 0, 0, 6, 2021),
(770, '836-0902062021', 836, 0, 0, '2021-06-02 09:09:54', NULL, 3, 612000, 0, 0, 6, 2021),
(771, '840-0902062021', 840, 0, 0, '2021-06-02 09:10:52', NULL, 3, 300000, 0, 0, 6, 2021),
(772, '845-0902062021', 845, 0, 0, '2021-06-02 09:11:20', NULL, 3, 440000, 0, 0, 6, 2021),
(773, '858-0707062021', 858, 0, 0, '2021-06-07 07:25:35', NULL, 3, 126000, 0, 0, 6, 2021),
(774, '812-0923062021', 812, 0, 0, '2021-06-23 09:14:36', NULL, 3, 100000, 0, 0, 6, 2021),
(775, '865-1002072021', 865, 0, 0, '2021-07-02 10:26:36', NULL, 3, 600000, 0, 0, 7, 2021),
(776, '871-1002072021', 871, 0, 0, '2021-07-02 10:34:23', NULL, 3, 270000, 0, 1, 7, 2021),
(777, '871-0903072021', 871, 0, 0, '2021-07-03 09:44:59', NULL, 3, 150000, 0, 1, 7, 2021),
(778, '853-1103072021', 853, 0, 0, '2021-07-03 11:48:36', NULL, 3, 438300, 0, 1, 7, 2021),
(779, '826-0307072021', 826, 0, 0, '2021-07-07 15:57:07', NULL, 3, 100000, 0, 0, 7, 2021),
(780, '846-0307072021', 846, 0, 0, '2021-07-07 15:57:38', NULL, 3, 260000, 0, 0, 7, 2021),
(781, '852-0307072021', 852, 0, 0, '2021-07-07 15:58:10', NULL, 3, 110000, 0, 0, 7, 2021),
(782, '854-0307072021', 854, 0, 0, '2021-07-07 15:59:02', NULL, 3, 138600, 0, 0, 7, 2021),
(783, '856-0307072021', 856, 0, 0, '2021-07-07 15:59:34', NULL, 3, 120000, 0, 0, 7, 2021),
(784, '778-0112072021', 778, 0, 0, '2021-07-12 13:22:50', NULL, 3, 108000, 0, 0, 7, 2021),
(785, '782-0112072021', 782, 0, 0, '2021-07-12 13:23:38', NULL, 3, 285000, 0, 0, 7, 2021),
(786, '794-1213072021', 794, 0, 0, '2021-07-13 12:31:33', NULL, 3, 195000, 0, 0, 7, 2021),
(787, '803-1213072021', 803, 0, 0, '2021-07-13 12:33:53', NULL, 3, 45000, 0, 0, 7, 2021),
(788, '808-1213072021', 808, 0, 0, '2021-07-13 12:36:15', NULL, 3, 60000, 0, 0, 7, 2021),
(789, '834-1213072021', 834, 0, 0, '2021-07-13 12:38:07', NULL, 3, 185000, 0, 0, 7, 2021),
(790, '839-1213072021', 839, 0, 0, '2021-07-13 12:40:25', NULL, 3, 60000, 0, 0, 7, 2021),
(791, '847-1213072021', 847, 0, 0, '2021-07-13 12:41:40', NULL, 3, 435000, 0, 0, 7, 2021),
(792, '847-1213072021', 847, 0, 0, '2021-07-13 12:43:44', NULL, 3, 435000, 0, 0, 7, 2021),
(793, '812-0613072021', 812, 0, 0, '2021-07-13 18:20:01', NULL, 3, 190000, 0, 0, 7, 2021),
(794, '868-0613072021', 868, 0, 0, '2021-07-13 18:20:42', NULL, 3, 9000, 0, 0, 7, 2021),
(795, '861-0613072021', 861, 0, 0, '2021-07-13 18:21:25', NULL, 3, 201000, 0, 0, 7, 2021),
(796, '870-0613072021', 870, 0, 0, '2021-07-13 18:25:15', NULL, 3, 285000, 0, 1, 7, 2021),
(797, '869-0613072021', 869, 0, 0, '2021-07-13 18:26:02', NULL, 3, 110000, 0, 1, 7, 2021),
(798, '850-0713072021', 850, 0, 0, '2021-07-13 19:43:45', NULL, 3, 670000, 0, 0, 7, 2021),
(799, '867-0713072021', 867, 0, 0, '2021-07-13 19:44:20', NULL, 3, 227500, 0, 0, 7, 2021),
(800, '823-0713072021', 823, 0, 0, '2021-07-13 19:45:16', NULL, 3, 110000, 0, 0, 7, 2021),
(801, '876-0813072021', 876, 0, 0, '2021-07-13 20:31:47', NULL, 3, 150000, 0, 1, 7, 2021),
(802, '878-0813072021', 878, 0, 0, '2021-07-13 20:50:16', NULL, 3, 187000, 0, 0, 7, 2021),
(803, '881-1103082021', 881, 0, 0, '2021-08-03 11:19:41', NULL, 3, 50000, 0, 1, 8, 2021),
(804, '882-0909082021', 882, 0, 0, '2021-08-09 09:37:08', NULL, 3, 175000, 0, 0, 8, 2021),
(805, '857-0114082021', 857, 0, 0, '2021-08-14 13:27:33', NULL, 3, 360000, 0, 0, 8, 2021),
(806, '860-0114082021', 860, 0, 0, '2021-08-14 13:28:18', NULL, 3, 140000, 0, 0, 8, 2021),
(807, '885-0918082021', 885, 0, 0, '2021-08-18 09:23:05', NULL, 3, 600000, 0, 0, 8, 2021),
(808, '887-0918082021', 887, 0, 0, '2021-08-18 09:45:58', NULL, 3, 120000, 0, 1, 8, 2021),
(809, '887-0918082021', 887, 0, 0, '2021-08-18 09:46:37', NULL, 3, 100000, 0, 1, 8, 2021),
(810, '887-0918082021', 887, 0, 0, '2021-08-18 09:46:51', NULL, 3, 260000, 0, 1, 8, 2021),
(811, '866-0323082021', 866, 0, 0, '2021-08-23 15:28:10', NULL, 3, 4305000, 0, 0, 8, 2021),
(812, '887-1128082021', 887, 0, 0, '2021-08-28 11:03:33', NULL, 3, 60000, 0, 1, 8, 2021),
(813, '892-1128082021', 892, 0, 0, '2021-08-28 11:03:57', NULL, 3, 60000, 0, 1, 8, 2021),
(814, '891-1031082021', 891, 0, 0, '2021-08-31 10:38:32', NULL, 3, 45000, 0, 0, 8, 2021),
(815, '883-1031082021', 883, 0, 0, '2021-08-31 10:39:36', NULL, 3, 20000, 0, 0, 8, 2021),
(816, '902-1107092021', 902, 0, 0, '2021-09-07 11:13:00', NULL, 3, 100000, 0, 1, 9, 2021),
(817, '886-1107092021', 886, 0, 0, '2021-09-07 11:42:44', NULL, 3, 600000, 0, 0, 9, 2021),
(818, '896-0809092021', 896, 0, 0, '2021-09-09 08:34:06', NULL, 3, 1035000, 0, 0, 9, 2021),
(819, '898-0809092021', 898, 0, 0, '2021-09-09 08:47:23', NULL, 3, 240000, 0, 0, 9, 2021),
(820, '903-0809092021', 903, 0, 0, '2021-09-09 08:49:06', NULL, 3, 120000, 0, 1, 9, 2021),
(821, '901-0809092021', 901, 0, 0, '2021-09-09 08:33:33', NULL, 3, 500000, 0, 0, 9, 2021),
(822, '795-0323092021', 795, 0, 0, '2021-09-23 15:06:28', NULL, 3, 825000, 0, 0, 9, 2021),
(823, '899-0927092021', 899, 0, 0, '2021-09-27 09:04:44', NULL, 3, 220000, 0, 0, 9, 2021),
(824, '904-0927092021', 904, 0, 0, '2021-09-27 09:05:29', NULL, 3, 225000, 0, 0, 9, 2021),
(825, '905-0927092021', 905, 0, 0, '2021-09-27 09:06:16', NULL, 3, 150000, 0, 0, 9, 2021),
(826, '909-0927092021', 909, 0, 0, '2021-09-27 09:07:20', NULL, 3, 90000, 0, 0, 9, 2021),
(827, '862-1027092021', 862, 0, 0, '2021-09-27 10:03:53', NULL, 3, 240000, 0, 0, 9, 2021),
(828, '863-1027092021', 863, 0, 0, '2021-09-27 10:04:27', NULL, 3, 600000, 0, 0, 9, 2021),
(829, '864-1027092021', 864, 0, 0, '2021-09-27 10:05:09', NULL, 3, 444000, 0, 0, 9, 2021),
(830, '872-1027092021', 872, 0, 0, '2021-09-27 10:05:35', NULL, 3, 300000, 0, 0, 9, 2021),
(831, '874-1027092021', 874, 0, 0, '2021-09-27 10:06:27', NULL, 3, 105000, 0, 0, 9, 2021),
(832, '875-1027092021', 875, 0, 0, '2021-09-27 10:06:58', NULL, 3, 120000, 0, 0, 9, 2021),
(833, '880-1027092021', 880, 0, 0, '2021-09-27 10:07:41', NULL, 3, 230000, 0, 0, 9, 2021),
(834, '609-0129092021', 609, 0, 0, '2021-09-29 13:17:31', NULL, 3, 900000, 0, 0, 9, 2021),
(835, '908-1130092021', 908, 0, 0, '2021-09-30 11:11:32', NULL, 3, 363750, 0, 0, 9, 2021),
(836, '911-1130092021', 911, 0, 0, '2021-09-30 11:23:25', NULL, 3, 525000, 0, 1, 9, 2021),
(837, '800-1205112021', 800, 0, 0, '2021-11-05 12:19:43', NULL, 3, 140000, 0, 0, 11, 2021),
(838, '800-1205112021', 800, 0, 0, '2021-11-05 12:20:17', NULL, 3, 1260000, 0, 0, 11, 2021),
(839, '888-1205112021', 888, 0, 0, '2021-11-05 12:21:14', NULL, 3, 600000, 0, 0, 11, 2021),
(840, '890-1205112021', 890, 0, 0, '2021-11-05 12:22:24', NULL, 3, 378000, 0, 0, 11, 2021),
(841, '879-1205112021', 879, 0, 0, '2021-11-05 12:37:23', NULL, 3, 300000, 0, 0, 11, 2021),
(842, '893-1008112021', 893, 0, 0, '2021-11-08 10:16:18', NULL, 3, 600000, 0, 0, 11, 2021),
(843, '894-1008112021', 894, 0, 0, '2021-11-08 10:16:56', NULL, 3, 1400000, 0, 0, 11, 2021),
(844, '917-0308112021', 917, 0, 0, '2021-11-08 15:15:08', NULL, 3, 137000, 0, 0, 11, 2021),
(845, '910-0308112021', 910, 0, 0, '2021-11-08 15:53:14', NULL, 3, 181000, 0, 0, 11, 2021),
(846, '884-0308112021', 884, 0, 0, '2021-11-08 15:54:05', NULL, 3, 10000, 0, 0, 11, 2021),
(847, '861-0308112021', 861, 0, 0, '2021-11-08 15:54:42', NULL, 3, 9000, 0, 0, 11, 2021),
(848, '917-1009112021', 917, 0, 0, '2021-11-09 10:32:55', NULL, 3, 30000, 0, 0, 11, 2021),
(849, '921-0818112021', 921, 0, 0, '2021-11-18 08:18:03', NULL, 3, 50000, 0, 0, 11, 2021),
(850, '922-0820112021', 922, 0, 0, '2021-11-20 08:39:33', NULL, 3, 360000, 0, 0, 11, 2021),
(851, '912-0926112021', 912, 0, 0, '2021-11-26 09:32:31', NULL, 3, 503750, 0, 0, 11, 2021),
(852, '918-0926112021', 918, 0, 0, '2021-11-26 09:35:33', NULL, 3, 110000, 0, 0, 11, 2021),
(853, '919-0926112021', 919, 0, 0, '2021-11-26 09:36:20', NULL, 3, 650000, 0, 0, 11, 2021),
(854, '927-0126112021', 927, 0, 0, '2021-11-26 13:10:29', NULL, 3, 55000, 0, 0, 11, 2021),
(855, '926-0829112021', 926, 0, 0, '2021-11-29 08:51:11', NULL, 3, 650000, 0, 0, 11, 2021),
(856, '917-1130112021', 917, 0, 0, '2021-11-30 11:26:12', NULL, 3, 45000, 0, 0, 11, 2021),
(857, '929-1001122021', 929, 0, 0, '2021-12-01 10:34:59', NULL, 3, 28000, 0, 0, 12, 2021),
(858, '914-0115122021', 914, 0, 0, '2021-12-15 13:11:32', NULL, 3, 195000, 0, 0, 12, 2021),
(859, '920-1022122021', 920, 0, 0, '2021-12-22 10:53:47', NULL, 3, 17800, 0, 0, 12, 2021),
(860, '795-1223122021', 795, 0, 0, '2021-12-23 12:34:12', NULL, 3, 825000, 0, 0, 12, 2021),
(861, '906-1223122021', 906, 0, 0, '2021-12-23 12:34:35', NULL, 3, 150000, 0, 0, 12, 2021),
(862, '907-1223122021', 907, 0, 0, '2021-12-23 12:34:57', NULL, 3, 300000, 0, 0, 12, 2021),
(863, '923-1223122021', 923, 0, 0, '2021-12-23 12:35:20', NULL, 3, 300000, 0, 0, 12, 2021),
(864, '924-1223122021', 924, 0, 0, '2021-12-23 12:36:03', NULL, 3, 375000, 0, 0, 12, 2021),
(865, '855-0824122021', 855, 0, 0, '2021-12-24 08:45:34', NULL, 3, 225000, 0, 0, 12, 2021),
(866, '939-1124122021', 939, 0, 0, '2021-12-24 11:41:38', NULL, 3, 300000, 0, 1, 12, 2021),
(867, '780-1124122021', 780, 0, 0, '2021-12-24 11:42:04', NULL, 3, 3088000, 0, 0, 12, 2021),
(868, '942-0228122021', 942, 0, 0, '2021-12-28 14:44:40', NULL, 3, 750000, 0, 0, 12, 2021),
(869, '930-0228122021', 930, 0, 0, '2021-12-28 14:55:37', NULL, 3, 800000, 0, 0, 12, 2021),
(870, '935-0228122021', 935, 0, 0, '2021-12-28 14:56:02', NULL, 3, 3800000, 0, 0, 12, 2021),
(871, '945-0330122021', 945, 0, 0, '2021-12-30 15:43:08', NULL, 3, 45000, 0, 1, 12, 2021),
(872, '948-0330122021', 948, 0, 0, '2021-12-30 15:45:17', NULL, 3, 250000, 0, 1, 12, 2021),
(873, '950-1131122021', 950, 0, 0, '2021-12-31 11:42:02', NULL, 3, 300000, 0, 1, 12, 2021),
(874, '948-1106012022', 948, 0, 0, '2022-01-06 11:18:39', NULL, 3, 150000, 0, 1, 1, 2022),
(875, '955-1106012022', 955, 0, 0, '2022-01-06 11:24:02', NULL, 3, 60000, 0, 1, 1, 2022),
(876, '954-1106012022', 954, 0, 0, '2022-01-06 11:25:33', NULL, 3, 60000, 0, 0, 1, 2022),
(877, '780-1106012022', 780, 0, 0, '2022-01-06 11:32:01', NULL, 3, 400000, 0, 0, 1, 2022),
(878, '780-1206012022', 780, 0, 0, '2022-01-06 12:06:40', NULL, 3, 50000, 0, 0, 1, 2022),
(879, '956-0406012022', 956, 0, 0, '2022-01-06 16:41:32', NULL, 3, 240000, 0, 1, 1, 2022),
(880, '817-0411012022', 817, 0, 0, '2022-01-11 16:11:14', NULL, 3, 20000, 0, 1, 1, 2022),
(881, '780-1112012022', 780, 0, 0, '2022-01-12 11:20:39', NULL, 3, 289000, 0, 0, 1, 2022),
(882, '955-0213012022', 955, 0, 0, '2022-01-13 14:08:30', NULL, 3, 150000, 0, 1, 1, 2022),
(883, '961-0814012022', 961, 0, 0, '2022-01-14 08:32:01', NULL, 3, 100000, 0, 0, 1, 2022),
(884, '916-0321012022', 916, 0, 0, '2022-01-21 15:13:05', NULL, 3, 60000, 0, 0, 1, 2022),
(885, '925-0321012022', 925, 0, 0, '2022-01-21 15:13:33', NULL, 3, 600000, 0, 0, 1, 2022),
(886, '932-0321012022', 932, 0, 0, '2022-01-21 15:13:58', NULL, 3, 90000, 0, 0, 1, 2022),
(887, '934-0321012022', 934, 0, 0, '2022-01-21 15:14:18', NULL, 3, 300000, 0, 0, 1, 2022),
(888, '962-0922012022', 962, 0, 0, '2022-01-22 09:21:40', NULL, 3, 125000, 0, 1, 1, 2022),
(889, '955-1024012022', 955, 0, 0, '2022-01-24 10:21:42', NULL, 3, 150000, 0, 1, 1, 2022),
(890, '938-0124012022', 938, 0, 0, '2022-01-24 13:18:01', NULL, 3, 700000, 0, 0, 1, 2022),
(891, '964-0125012022', 964, 0, 0, '2022-01-25 13:22:14', NULL, 3, 45000, 0, 1, 1, 2022),
(892, '949-0927012022', 949, 0, 0, '2022-01-27 09:27:49', NULL, 3, 180000, 0, 0, 1, 2022),
(893, '965-0927012022', 965, 0, 0, '2022-01-27 09:28:12', NULL, 3, 200000, 0, 0, 1, 2022),
(894, '966-0927012022', 966, 0, 0, '2022-01-27 09:28:50', NULL, 3, 1800000, 0, 0, 1, 2022),
(895, '780-0928012022', 780, 0, 0, '2022-01-28 09:25:38', NULL, 3, 251500, 0, 0, 1, 2022),
(896, '969-0204022022', 969, 0, 0, '2022-02-04 14:25:21', NULL, 3, 2500000, 0, 0, 2, 2022),
(897, '970-0905022022', 970, 0, 0, '2022-02-05 09:50:00', NULL, 3, 100000, 0, 1, 2, 2022),
(898, '970-0310022022', 970, 0, 0, '2022-02-10 15:52:08', NULL, 3, 100000, 0, 1, 2, 2022),
(899, '970-0410022022', 970, 0, 0, '2022-02-10 16:18:24', NULL, 3, 100000, 0, 1, 2, 2022),
(900, '970-1014022022', 970, 0, 0, '2022-02-14 10:32:09', NULL, 3, 50000, 0, 1, 2, 2022),
(901, '938-0214022022', 938, 0, 0, '2022-02-14 14:56:56', NULL, 3, 185000, 0, 0, 2, 2022),
(902, '970-0217022022', 970, 0, 0, '2022-02-17 14:22:59', NULL, 3, 650000, 0, 1, 2, 2022),
(903, '987-0219022022', 987, 0, 0, '2022-02-19 14:11:47', NULL, 3, 300000, 0, 1, 2, 2022),
(904, '940-0221022022', 940, 0, 0, '2022-02-21 14:16:25', NULL, 3, 600000, 0, 0, 2, 2022),
(905, '941-0221022022', 941, 0, 0, '2022-02-21 14:17:24', NULL, 3, 600000, 0, 0, 2, 2022),
(906, '943-0221022022', 943, 0, 0, '2022-02-21 14:17:59', NULL, 3, 375000, 0, 0, 2, 2022),
(907, '947-0221022022', 947, 0, 0, '2022-02-21 14:18:53', NULL, 3, 300000, 0, 0, 2, 2022),
(908, '952-0221022022', 952, 0, 0, '2022-02-21 14:19:33', NULL, 3, 780000, 0, 0, 2, 2022),
(909, '957-0221022022', 957, 0, 0, '2022-02-21 14:20:02', NULL, 3, 600000, 0, 0, 2, 2022),
(910, '967-0221022022', 967, 0, 0, '2022-02-21 14:25:44', NULL, 3, 300000, 0, 0, 2, 2022),
(911, '988-1022022022', 988, 0, 0, '2022-02-22 10:27:13', NULL, 3, 164000, 0, 1, 2, 2022),
(912, '989-1022022022', 989, 0, 0, '2022-02-22 10:29:47', NULL, 3, 75000, 0, 0, 2, 2022),
(913, '988-1022022022', 988, 0, 0, '2022-02-22 10:30:07', NULL, 3, 11000, 0, 1, 2, 2022),
(914, '987-0122022022', 987, 0, 0, '2022-02-22 13:56:05', NULL, 3, 200000, 0, 1, 2, 2022),
(915, '993-0725022022', 993, 0, 0, '2022-02-25 07:57:12', NULL, 3, 5000, 0, 0, 2, 2022),
(916, '983-1001032022', 983, 0, 0, '2022-03-01 10:34:05', NULL, 3, 390000, 0, 0, 3, 2022),
(917, '991-1001032022', 991, 0, 0, '2022-03-01 10:34:36', NULL, 3, 220000, 0, 0, 3, 2022),
(918, '1000-1001032022', 1000, 0, 0, '2022-03-01 10:35:02', NULL, 3, 330000, 0, 0, 3, 2022),
(919, '1015-0308032022', 1015, 0, 0, '2022-03-08 15:51:27', NULL, 3, 220000, 0, 1, 3, 2022),
(920, '1002-0408032022', 1002, 0, 0, '2022-03-08 16:01:47', NULL, 3, 120000, 0, 1, 3, 2022),
(921, '986-0408032022', 986, 0, 0, '2022-03-08 16:58:27', NULL, 3, 285000, 0, 0, 3, 2022),
(922, '937-0408032022', 937, 0, 0, '2022-03-08 16:59:04', NULL, 3, 100000, 0, 0, 3, 2022),
(923, '1016-0809032022', 1016, 0, 0, '2022-03-09 08:34:45', NULL, 3, 8000, 0, 0, 3, 2022),
(924, '1018-0910032022', 1018, 0, 0, '2022-03-10 09:33:10', NULL, 3, 150000, 0, 1, 3, 2022),
(925, '1019-0910032022', 1019, 0, 0, '2022-03-10 09:36:43', NULL, 3, 80000, 0, 1, 3, 2022),
(926, '860-0812032022', 860, 0, 0, '2022-03-12 08:02:52', NULL, 3, 80000, 0, 0, 3, 2022),
(927, '877-0812032022', 877, 0, 0, '2022-03-12 08:03:39', NULL, 3, 150000, 0, 0, 3, 2022),
(928, '879-0812032022', 879, 0, 0, '2022-03-12 08:04:21', NULL, 3, 175000, 0, 0, 3, 2022),
(929, '889-0812032022', 889, 0, 0, '2022-03-12 08:05:04', NULL, 3, 270000, 0, 0, 3, 2022),
(930, '900-0812032022', 900, 0, 0, '2022-03-12 08:05:48', NULL, 3, 80000, 0, 0, 3, 2022),
(931, '913-0812032022', 913, 0, 0, '2022-03-12 08:06:19', NULL, 3, 15000, 0, 0, 3, 2022),
(932, '915-0812032022', 915, 0, 0, '2022-03-12 08:06:44', NULL, 3, 55000, 0, 0, 3, 2022),
(933, '928-0812032022', 928, 0, 0, '2022-03-12 08:08:17', NULL, 3, 175000, 0, 0, 3, 2022),
(934, '960-0417032022', 960, 0, 0, '2022-03-17 16:21:44', NULL, 3, 1680000, 0, 0, 3, 2022),
(935, '1021-0417032022', 1021, 0, 0, '2022-03-17 16:48:47', NULL, 3, 150000, 0, 1, 3, 2022),
(936, '1004-0825032022', 1004, 0, 0, '2022-03-25 08:42:17', NULL, 3, 580000, 0, 0, 3, 2022),
(937, '1043-1128032022', 1043, 0, 0, '2022-03-28 11:50:47', NULL, 3, 200000, 0, 1, 3, 2022),
(938, '1001-0805042022', 1001, 0, 0, '2022-04-05 08:45:13', NULL, 3, 350000, 0, 0, 4, 2022),
(939, '1020-0805042022', 1020, 0, 0, '2022-04-05 08:45:56', NULL, 3, 687500, 0, 0, 4, 2022),
(940, '1022-0805042022', 1022, 0, 0, '2022-04-05 08:46:46', NULL, 3, 390000, 0, 0, 4, 2022),
(941, '972-1106042022', 972, 0, 0, '2022-04-06 11:32:55', NULL, 3, 65000, 0, 0, 4, 2022),
(942, '1021-1209042022', 1021, 0, 0, '2022-04-09 12:12:41', NULL, 3, 10000, 0, 1, 4, 2022),
(943, '968-1209042022', 968, 0, 0, '2022-04-09 12:31:27', NULL, 3, 300000, 0, 0, 4, 2022),
(944, '973-1209042022', 973, 0, 0, '2022-04-09 12:31:58', NULL, 3, 300000, 0, 0, 4, 2022),
(945, '976-1209042022', 976, 0, 0, '2022-04-09 12:32:35', NULL, 3, 100000, 0, 0, 4, 2022),
(946, '981-1209042022', 981, 0, 0, '2022-04-09 12:33:03', NULL, 3, 300000, 0, 0, 4, 2022),
(947, '998-1209042022', 998, 0, 0, '2022-04-09 12:33:48', NULL, 3, 150000, 0, 0, 4, 2022),
(948, '999-1209042022', 999, 0, 0, '2022-04-09 12:34:38', NULL, 3, 600000, 0, 0, 4, 2022),
(949, '1048-0411042022', 1048, 0, 0, '2022-04-11 16:43:59', NULL, 3, 500000, 0, 1, 4, 2022),
(950, '1043-0411042022', 1043, 0, 0, '2022-04-11 16:54:21', NULL, 3, 25000, 0, 1, 4, 2022),
(951, '1049-0412042022', 1049, 0, 0, '2022-04-12 16:15:14', NULL, 3, 200000, 0, 1, 4, 2022),
(952, '1060-0316042022', 1060, 0, 0, '2022-04-16 15:39:47', NULL, 3, 542000, 0, 0, 4, 2022),
(953, '979-0321042022', 979, 0, 0, '2022-04-21 15:19:07', NULL, 3, 382500, 0, 0, 4, 2022),
(954, '984-0321042022', 984, 0, 0, '2022-04-21 15:21:04', NULL, 3, 10000, 0, 0, 4, 2022),
(955, '985-0321042022', 985, 0, 0, '2022-04-21 15:22:27', NULL, 3, 10500, 0, 0, 4, 2022),
(956, '1019-1125042022', 1019, 0, 0, '2022-04-25 11:05:07', NULL, 3, 70000, 0, 1, 4, 2022),
(957, '780-0425042022', 780, 0, 0, '2022-04-25 16:34:13', NULL, 3, 587000, 0, 0, 4, 2022),
(958, '1062-0425042022', 1062, 0, 0, '2022-04-25 16:34:54', NULL, 3, 413000, 0, 0, 4, 2022),
(959, '1048-0928042022', 1048, 0, 0, '2022-04-28 09:23:01', NULL, 3, 100000, 0, 1, 4, 2022),
(960, '988-0928042022', 988, 0, 0, '2022-04-28 09:23:34', NULL, 3, 100000, 0, 1, 4, 2022),
(961, '1049-0928042022', 1049, 0, 0, '2022-04-28 09:25:16', NULL, 3, 25000, 0, 1, 4, 2022),
(962, '1068-0928042022', 1068, 0, 0, '2022-04-28 09:27:17', NULL, 3, 100000, 0, 1, 4, 2022),
(963, '1071-0529042022', 1071, 0, 0, '2022-04-29 17:35:09', NULL, 3, 140000, 0, 1, 4, 2022),
(964, '1063-1002052022', 1063, 0, 0, '2022-05-02 10:34:02', NULL, 3, 1750000, 0, 0, 5, 2022),
(965, '1064-1002052022', 1064, 0, 0, '2022-05-02 10:34:43', NULL, 3, 220000, 0, 0, 5, 2022),
(966, '1065-1002052022', 1065, 0, 0, '2022-05-02 10:35:05', NULL, 3, 85000, 0, 0, 5, 2022),
(967, '1072-1202052022', 1072, 0, 0, '2022-05-02 12:25:33', NULL, 3, 1500000, 0, 1, 5, 2022),
(968, '1075-0103052022', 1075, 0, 0, '2022-05-03 13:35:11', NULL, 3, 1050000, 0, 1, 5, 2022),
(969, '1045-0906052022', 1045, 0, 0, '2022-05-06 09:06:41', NULL, 3, 100000, 0, 0, 5, 2022),
(970, '1046-0906052022', 1046, 0, 0, '2022-05-06 09:07:08', NULL, 3, 3200000, 0, 0, 5, 2022),
(971, '928-1024052022', 928, 0, 0, '2022-05-24 10:00:59', NULL, 3, 23000, 0, 0, 5, 2022),
(972, '931-1024052022', 931, 0, 0, '2022-05-24 10:01:35', NULL, 3, 75000, 0, 0, 5, 2022),
(973, '958-1024052022', 958, 0, 0, '2022-05-24 10:02:19', NULL, 3, 90000, 0, 0, 5, 2022),
(974, '959-1024052022', 959, 0, 0, '2022-05-24 10:03:06', NULL, 3, 55000, 0, 0, 5, 2022),
(975, '977-1024052022', 977, 0, 0, '2022-05-24 10:04:49', NULL, 3, 44000, 0, 0, 5, 2022),
(976, '978-0930052022', 978, 0, 0, '2022-05-30 09:44:19', NULL, 3, 10500, 0, 0, 5, 2022),
(977, '994-0930052022', 994, 0, 0, '2022-05-30 09:48:50', NULL, 3, 5000, 0, 0, 5, 2022),
(978, '995-0930052022', 995, 0, 0, '2022-05-30 09:49:47', NULL, 3, 36500, 0, 0, 5, 2022),
(979, '996-0930052022', 996, 0, 0, '2022-05-30 09:50:29', NULL, 3, 32500, 0, 0, 5, 2022),
(980, '1012-0930052022', 1012, 0, 0, '2022-05-30 09:51:28', NULL, 3, 18500, 0, 0, 5, 2022),
(981, '1014-0930052022', 1014, 0, 0, '2022-05-30 09:52:55', NULL, 3, 8500, 0, 0, 5, 2022),
(982, '1009-0930052022', 1009, 0, 0, '2022-05-30 09:59:22', NULL, 3, 2500, 0, 0, 5, 2022),
(983, '1008-1030052022', 1008, 0, 0, '2022-05-30 10:00:11', NULL, 3, 10500, 0, 0, 5, 2022),
(984, '1007-1030052022', 1007, 0, 0, '2022-05-30 10:01:25', NULL, 3, 5500, 0, 0, 5, 2022),
(985, '1010-1030052022', 1010, 0, 0, '2022-05-30 10:02:31', NULL, 3, 15500, 0, 0, 5, 2022),
(986, '992-1030052022', 992, 0, 0, '2022-05-30 10:04:29', NULL, 3, 35500, 0, 0, 5, 2022),
(987, '990-1030052022', 990, 0, 0, '2022-05-30 10:05:24', NULL, 3, 10500, 0, 0, 5, 2022),
(988, '1011-1030052022', 1011, 0, 0, '2022-05-30 10:07:33', NULL, 3, 7500, 0, 0, 5, 2022),
(989, '1080-0330052022', 1080, 0, 0, '2022-05-30 15:51:29', NULL, 3, 133000, 0, 1, 5, 2022),
(990, '1080-0330052022', 1080, 0, 0, '2022-05-30 15:52:06', NULL, 3, 47000, 0, 1, 5, 2022),
(991, '1075-0131052022', 1075, 0, 0, '2022-05-31 13:33:18', NULL, 3, 2250000, 0, 1, 5, 2022),
(992, '1075-0131052022', 1075, 0, 0, '2022-05-31 13:44:22', NULL, 3, 2340000, 0, 1, 5, 2022),
(993, '1081-0131052022', 1081, 0, 0, '2022-05-31 13:51:54', NULL, 3, 4542500, 0, 1, 5, 2022),
(994, '1070-0101062022', 1070, 0, 0, '2022-06-01 13:20:11', NULL, 3, 180000, 0, 1, 6, 2022),
(995, '1023-0202062022', 1023, 0, 0, '2022-06-02 14:05:23', NULL, 3, 140000, 0, 0, 6, 2022),
(996, '1068-0313062022', 1068, 0, 0, '2022-06-13 15:41:21', NULL, 3, 100000, 0, 1, 6, 2022),
(997, '1090-0417062022', 1090, 0, 0, '2022-06-17 16:29:54', NULL, 3, 70000, 0, 1, 6, 2022),
(998, '1090-0321062022', 1090, 0, 0, '2022-06-21 15:36:07', NULL, 3, 30000, 0, 1, 6, 2022),
(999, '1088-0804072022', 1088, 0, 0, '2022-07-04 08:54:55', NULL, 3, 110000, 0, 0, 7, 2022),
(1000, '1094-0804072022', 1094, 0, 0, '2022-07-04 08:56:23', NULL, 3, 45000, 0, 1, 7, 2022),
(1001, '1074-0804072022', 1074, 0, 0, '2022-07-04 08:57:20', NULL, 3, 65000, 0, 1, 7, 2022),
(1002, '1068-0804072022', 1068, 0, 0, '2022-07-04 08:57:48', NULL, 3, 30000, 0, 1, 7, 2022),
(1003, '1093-0408072022', 1093, 0, 0, '2022-07-08 16:56:10', NULL, 3, 480000, 0, 0, 7, 2022),
(1004, '1059-0408072022', 1059, 0, 0, '2022-07-08 16:57:11', NULL, 3, 20000, 0, 0, 7, 2022),
(1005, '1078-0222072022', 1078, 0, 0, '2022-07-22 14:27:06', NULL, 3, 100000, 0, 0, 7, 2022),
(1006, '1077-0222072022', 1077, 0, 0, '2022-07-22 14:28:22', NULL, 3, 120000, 0, 0, 7, 2022),
(1007, '1079-0222072022', 1079, 0, 0, '2022-07-22 14:29:01', NULL, 3, 500000, 0, 0, 7, 2022),
(1008, '1103-1223072022', 1103, 0, 0, '2022-07-23 12:49:53', NULL, 3, 90000, 0, 1, 7, 2022),
(1009, '1106-0326072022', 1106, 0, 0, '2022-07-26 15:37:23', NULL, 3, 30000, 0, 1, 7, 2022),
(1010, '1107-1129072022', 1107, 0, 0, '2022-07-29 11:29:41', NULL, 3, 160000, 0, 0, 7, 2022),
(1011, '1108-1101082022', 1108, 0, 0, '2022-08-01 11:03:41', NULL, 3, 2100000, 0, 0, 8, 2022),
(1012, '1095-1101082022', 1095, 0, 0, '2022-08-01 11:16:34', NULL, 3, 700000, 0, 0, 8, 2022),
(1013, '1101-1101082022', 1101, 0, 0, '2022-08-01 11:17:50', NULL, 3, 825000, 0, 0, 8, 2022),
(1014, '1105-1101082022', 1105, 0, 0, '2022-08-01 11:18:22', NULL, 3, 180000, 0, 0, 8, 2022),
(1015, '1109-0301082022', 1109, 0, 0, '2022-08-01 15:29:00', NULL, 3, 1100000, 0, 0, 8, 2022),
(1016, '1108-0501082022', 1108, 0, 0, '2022-08-01 17:30:46', NULL, 3, 100000, 0, 0, 8, 2022),
(1017, '1108-0501082022', 1108, 0, 0, '2022-08-01 17:31:06', NULL, 3, 900000, 0, 0, 8, 2022),
(1018, '1118-1122082022', 1118, 0, 0, '2022-08-22 11:02:31', NULL, 3, 70000, 0, 0, 8, 2022),
(1019, '1073-1001092022', 1073, 0, 0, '2022-09-01 10:02:40', NULL, 3, 70000, 0, 0, 9, 2022),
(1020, '1076-1001092022', 1076, 0, 0, '2022-09-01 10:03:24', NULL, 3, 35000, 0, 0, 9, 2022),
(1021, '1083-1001092022', 1083, 0, 0, '2022-09-01 10:03:56', NULL, 3, 275000, 0, 0, 9, 2022),
(1022, '1086-1001092022', 1086, 0, 0, '2022-09-01 10:04:38', NULL, 3, 95000, 0, 0, 9, 2022),
(1023, '1098-1001092022', 1098, 0, 0, '2022-09-01 10:05:31', NULL, 3, 25000, 0, 0, 9, 2022),
(1024, '1121-0202092022', 1121, 0, 0, '2022-09-02 14:58:46', NULL, 3, 150000, 0, 0, 9, 2022),
(1025, '1120-0719092022', 1120, 0, 0, '2022-09-19 07:42:19', NULL, 3, 70000, 0, 0, 9, 2022),
(1026, '1127-0201102022', 1127, 0, 0, '2022-10-01 14:03:45', NULL, 3, 60000, 0, 0, 10, 2022),
(1027, '1062-1103102022', 1062, 0, 0, '2022-10-03 11:50:08', NULL, 3, 380000, 0, 0, 10, 2022),
(1028, '1066-1103102022', 1066, 0, 0, '2022-10-03 11:52:37', NULL, 3, 120000, 0, 0, 10, 2022),
(1029, '1130-1107102022', 1130, 0, 0, '2022-10-07 11:45:58', NULL, 3, 540000, 0, 0, 10, 2022),
(1030, '1099-0310102022', 1099, 0, 0, '2022-10-10 15:09:57', NULL, 3, 250000, 0, 0, 10, 2022),
(1031, '1100-0310102022', 1100, 0, 0, '2022-10-10 15:10:33', NULL, 3, 40000, 0, 0, 10, 2022),
(1032, '1104-0310102022', 1104, 0, 0, '2022-10-10 15:11:12', NULL, 3, 300000, 0, 0, 10, 2022),
(1033, '1111-0310102022', 1111, 0, 0, '2022-10-10 15:11:51', NULL, 3, 560000, 0, 0, 10, 2022),
(1034, '1115-0310102022', 1115, 0, 0, '2022-10-10 15:12:32', NULL, 3, 100000, 0, 0, 10, 2022),
(1035, '1117-0310102022', 1117, 0, 0, '2022-10-10 15:13:04', NULL, 3, 50000, 0, 0, 10, 2022),
(1036, '1119-0310102022', 1119, 0, 0, '2022-10-10 15:13:33', NULL, 3, 120000, 0, 0, 10, 2022),
(1037, '1131-0310102022', 1131, 0, 0, '2022-10-10 15:15:28', NULL, 3, 200000, 0, 1, 10, 2022),
(1038, '1132-0718102022', 1132, 0, 0, '2022-10-18 07:47:14', NULL, 3, 1050000, 0, 0, 10, 2022),
(1039, '1102-0921102022', 1102, 0, 0, '2022-10-21 09:50:58', NULL, 3, 100000, 0, 1, 10, 2022),
(1040, '607-0921102022', 607, 0, 0, '2022-10-21 09:54:54', NULL, 3, 24000, 0, 1, 10, 2022),
(1041, '613-0921102022', 613, 0, 0, '2022-10-21 09:55:51', NULL, 3, 1230400, 0, 1, 10, 2022),
(1042, '1128-1003112022', 1128, 0, 0, '2022-11-03 10:25:24', NULL, 3, 65000, 0, 0, 11, 2022),
(1043, '1134-1003112022', 1134, 0, 0, '2022-11-03 10:28:20', NULL, 3, 50000, 0, 0, 11, 2022),
(1044, '1138-0303112022', 1138, 0, 0, '2022-11-03 15:36:14', NULL, 3, 1430000, 0, 0, 11, 2022),
(1045, '1123-0408112022', 1123, 0, 0, '2022-11-08 16:32:07', NULL, 3, 340000, 0, 0, 11, 2022),
(1046, '1124-0408112022', 1124, 0, 0, '2022-11-08 16:32:31', NULL, 3, 100000, 0, 0, 11, 2022),
(1047, '1125-0408112022', 1125, 0, 0, '2022-11-08 16:32:57', NULL, 3, 1700000, 0, 0, 11, 2022),
(1048, '1103-0502122022', 1103, 0, 0, '2022-12-02 17:06:05', NULL, 3, 30000, 0, 1, 12, 2022),
(1049, '1141-0502122022', 1141, 0, 0, '2022-12-02 17:09:19', NULL, 3, 750000, 0, 0, 12, 2022),
(1050, '1146-0502122022', 1146, 0, 0, '2022-12-02 17:10:14', NULL, 3, 125000, 0, 0, 12, 2022),
(1051, '1148-0502122022', 1148, 0, 0, '2022-12-02 17:10:38', NULL, 3, 325000, 0, 0, 12, 2022),
(1052, '1155-0903122022', 1155, 0, 0, '2022-12-03 09:16:01', NULL, 3, 210000, 0, 1, 12, 2022),
(1053, '1158-0305122022', 1158, 0, 0, '2022-12-05 15:18:55', NULL, 3, 82500, 0, 0, 12, 2022),
(1054, '1127-1007122022', 1127, 0, 0, '2022-12-07 10:20:07', NULL, 3, 40000, 0, 0, 12, 2022),
(1055, '1127-1007122022', 1127, 0, 0, '2022-12-07 10:21:21', NULL, 3, 8000, 0, 0, 12, 2022),
(1056, '1154-1007122022', 1154, 0, 0, '2022-12-07 10:22:03', NULL, 3, 120000, 0, 1, 12, 2022),
(1057, '1127-1007122022', 1127, 0, 0, '2022-12-07 10:23:19', NULL, 3, 120000, 0, 0, 12, 2022),
(1058, '1122-1015122022', 1122, 0, 0, '2022-12-15 10:11:04', NULL, 3, 1190000, 0, 0, 12, 2022),
(1059, '1129-1015122022', 1129, 0, 0, '2022-12-15 10:12:06', NULL, 3, 125000, 0, 0, 12, 2022),
(1060, '1135-1015122022', 1135, 0, 0, '2022-12-15 10:12:41', NULL, 3, 350000, 0, 0, 12, 2022),
(1061, '1136-1015122022', 1136, 0, 0, '2022-12-15 10:13:11', NULL, 3, 135000, 0, 0, 12, 2022),
(1062, '1058-1016122022', 1058, 0, 0, '2022-12-16 10:40:50', NULL, 3, 70000, 0, 0, 12, 2022),
(1063, '1092-1016122022', 1092, 0, 0, '2022-12-16 10:41:18', NULL, 3, 200000, 0, 0, 12, 2022),
(1064, '1096-1016122022', 1096, 0, 0, '2022-12-16 10:41:59', NULL, 3, 80000, 0, 0, 12, 2022),
(1065, '1097-1016122022', 1097, 0, 0, '2022-12-16 10:42:36', NULL, 3, 70000, 0, 0, 12, 2022),
(1066, '1112-1016122022', 1112, 0, 0, '2022-12-16 10:43:30', NULL, 3, 80000, 0, 0, 12, 2022),
(1067, '1157-0430122022', 1157, 0, 0, '2022-12-30 16:27:22', NULL, 3, 1025000, 0, 0, 12, 2022),
(1068, '1160-0430122022', 1160, 0, 0, '2022-12-30 16:27:46', NULL, 3, 1900000, 0, 0, 12, 2022),
(1069, '1167-0430122022', 1167, 0, 0, '2022-12-30 16:28:14', NULL, 3, 260000, 0, 0, 12, 2022),
(1070, '1175-0430122022', 1175, 0, 0, '2022-12-30 16:28:36', NULL, 3, 1590000, 0, 0, 12, 2022),
(1071, '1059-0712012023', 1059, 0, 0, '2023-01-12 07:59:37', NULL, 3, 5000, 0, 0, 1, 2023),
(1072, '1069-0812012023', 1069, 0, 0, '2023-01-12 08:00:00', NULL, 3, 195000, 0, 0, 1, 2023),
(1073, '1176-0814012023', 1176, 0, 0, '2023-01-14 08:11:48', NULL, 3, 220000, 0, 1, 1, 2023),
(1074, '1143-0817012023', 1143, 0, 0, '2023-01-17 08:49:51', NULL, 3, 150000, 0, 0, 1, 2023),
(1075, '1144-0817012023', 1144, 0, 0, '2023-01-17 08:50:17', NULL, 3, 140000, 0, 0, 1, 2023),
(1076, '1149-0817012023', 1149, 0, 0, '2023-01-17 08:50:47', NULL, 3, 400000, 0, 0, 1, 2023),
(1077, '1150-0817012023', 1150, 0, 0, '2023-01-17 08:51:14', NULL, 3, 150000, 0, 0, 1, 2023),
(1078, '1151-0817012023', 1151, 0, 0, '2023-01-17 08:51:46', NULL, 3, 100000, 0, 0, 1, 2023),
(1079, '1152-0817012023', 1152, 0, 0, '2023-01-17 08:52:24', NULL, 3, 550000, 0, 0, 1, 2023),
(1080, '1159-0817012023', 1159, 0, 0, '2023-01-17 08:53:45', NULL, 3, 600000, 0, 0, 1, 2023),
(1081, '1161-0817012023', 1161, 0, 0, '2023-01-17 08:54:13', NULL, 3, 850000, 0, 0, 1, 2023),
(1082, '1163-0817012023', 1163, 0, 0, '2023-01-17 08:58:10', NULL, 3, 450000, 0, 0, 1, 2023),
(1083, '1182-1118012023', 1182, 0, 0, '2023-01-18 11:50:05', NULL, 3, 1176000, 0, 1, 1, 2023),
(1084, '1181-1118012023', 1181, 0, 0, '2023-01-18 11:50:46', NULL, 3, 4670000, 0, 1, 1, 2023),
(1085, '1190-1126012023', 1190, 0, 0, '2023-01-26 11:29:46', NULL, 3, 380000, 0, 0, 1, 2023),
(1086, '1186-1126012023', 1186, 0, 0, '2023-01-26 11:30:11', NULL, 3, 315000, 0, 0, 1, 2023),
(1087, '1193-0427012023', 1193, 0, 0, '2023-01-27 16:17:47', NULL, 3, 250000, 0, 1, 1, 2023),
(1088, '1178-0301022023', 1178, 0, 0, '2023-02-01 15:20:06', NULL, 3, 224000, 0, 0, 2, 2023),
(1089, '1179-0301022023', 1179, 0, 0, '2023-02-01 15:20:29', NULL, 3, 85000, 0, 0, 2, 2023),
(1090, '1127-0501022023', 1127, 0, 0, '2023-02-01 17:29:39', NULL, 3, 120000, 0, 0, 2, 2023),
(1091, '1127-0501022023', 1127, 0, 0, '2023-02-01 17:34:56', NULL, 3, 20000, 0, 0, 2, 2023),
(1092, '1174-0501022023', 1174, 0, 0, '2023-02-01 17:36:26', NULL, 3, 240000, 0, 1, 2, 2023),
(1093, '1127-0501022023', 1127, 0, 0, '2023-02-01 17:39:44', NULL, 3, 250000, 0, 0, 2, 2023),
(1094, NULL, 1211, 71, 0, '2023-02-16 15:12:04', '2023-02-16 15:12:04', 0, 30000, 1, 0, 0, 0),
(1095, '55131219-0223', 1212, 0, 0, '2023-02-19 12:13:55', '2023-02-19 12:13:55', 1, 675000, 1, 0, 2, 2023),
(1096, '34171219-0223', 1213, 0, 0, '2023-02-19 12:17:34', '2023-02-19 12:17:34', 1, 1320000, 1, 0, 2, 2023);

-- --------------------------------------------------------

--
-- Structure de la table `pcommissions`
--

CREATE TABLE `pcommissions` (
  `id` int(11) NOT NULL,
  `commission_id` int(11) NOT NULL,
  `commerciale_id` int(11) NOT NULL DEFAULT 0,
  `facture_id` int(11) NOT NULL DEFAULT 0,
  `montant` int(11) NOT NULL,
  `created_at` datetime DEFAULT NULL,
  `updated_at` datetime DEFAULT NULL,
  `moi_id` int(11) NOT NULL DEFAULT 0,
  `annee` int(11) NOT NULL DEFAULT 0
) ENGINE=InnoDB DEFAULT CHARSET=latin1;

--
-- Déchargement des données de la table `pcommissions`
--

INSERT INTO `pcommissions` (`id`, `commission_id`, `commerciale_id`, `facture_id`, `montant`, `created_at`, `updated_at`, `moi_id`, `annee`) VALUES
(1, 1, 0, 0, 55000, '2019-07-26 16:41:35', NULL, 7, 2019),
(2, 2, 0, 0, 20000, '2019-08-21 10:05:04', NULL, 8, 2019),
(3, 2, 0, 0, 15000, '2019-08-21 10:07:01', NULL, 8, 2019),
(4, 3, 0, 0, 120000, '2019-08-31 10:07:54', NULL, 8, 2019),
(5, 4, 0, 0, 250000, '2019-09-04 14:51:02', NULL, 9, 2019),
(6, 2, 0, 0, 15000, '2019-09-04 14:54:44', NULL, 9, 2019),
(7, 5, 0, 0, 15000, '2019-09-04 14:55:38', NULL, 9, 2019),
(8, 8, 0, 0, 165000, '2019-09-11 15:26:01', NULL, 9, 2019),
(9, 9, 0, 0, 50000, '2019-09-14 12:05:16', NULL, 9, 2019),
(10, 11, 0, 0, 230000, '2019-09-14 12:05:37', NULL, 9, 2019),
(11, 12, 0, 0, 80000, '2019-09-19 16:38:26', NULL, 9, 2019),
(12, 13, 0, 0, 10000, '2019-09-20 11:35:00', NULL, 9, 2019),
(13, 10, 0, 0, 20000, '2019-09-21 09:17:58', NULL, 9, 2019),
(14, 15, 0, 0, 20000, '2019-09-26 10:23:23', NULL, 9, 2019),
(15, 19, 0, 0, 50000, '2019-09-30 16:18:30', NULL, 9, 2019),
(16, 16, 0, 0, 40000, '2019-10-07 11:55:22', NULL, 10, 2019),
(17, 7, 0, 0, 100000, '2019-10-10 11:16:37', NULL, 10, 2019),
(18, 22, 0, 0, 235000, '2019-10-11 14:39:22', NULL, 10, 2019),
(19, 24, 0, 0, 190000, '2019-10-17 15:30:15', NULL, 10, 2019),
(20, 25, 0, 0, 50000, '2019-10-18 10:45:06', NULL, 10, 2019),
(22, 6, 0, 0, 430000, '2019-10-21 16:20:04', NULL, 10, 2019),
(23, 26, 0, 0, 50000, '2019-10-22 11:34:56', NULL, 10, 2019),
(24, 21, 0, 0, 20000, '2019-11-06 12:22:57', NULL, 11, 2019),
(25, 8, 0, 0, 165000, '2019-11-16 13:40:19', NULL, 11, 2019),
(26, 17, 0, 0, 75000, '2019-11-19 11:27:52', NULL, 11, 2019),
(27, 6, 0, 0, 150000, '2019-11-20 15:49:23', NULL, 11, 2019),
(28, 28, 0, 0, 20000, '2019-11-25 16:08:07', NULL, 11, 2019),
(29, 29, 0, 0, 210000, '2019-11-27 17:13:06', NULL, 11, 2019),
(30, 20, 0, 0, 40000, '2019-11-27 17:13:39', NULL, 11, 2019),
(31, 27, 0, 0, 120000, '2019-12-17 14:02:33', NULL, 12, 2019),
(32, 30, 0, 0, 20000, '2019-12-26 11:10:24', NULL, 12, 2019),
(33, 31, 0, 0, 30000, '2019-12-26 17:04:11', NULL, 12, 2019),
(34, 6, 0, 0, 20000, '2019-12-26 17:07:13', NULL, 12, 2019),
(35, 32, 0, 0, 250000, '2019-12-27 11:57:07', NULL, 12, 2019),
(36, 14, 0, 0, 200000, '2019-12-27 17:54:30', NULL, 12, 2019),
(37, 33, 0, 0, 50000, '2020-02-19 12:49:16', NULL, 2, 2020),
(38, 35, 0, 0, 60000, '2020-02-20 17:32:46', NULL, 2, 2020),
(39, 36, 0, 0, 150000, '2020-02-20 17:34:07', NULL, 2, 2020),
(40, 23, 0, 0, 20000, '2020-02-20 17:36:18', NULL, 2, 2020),
(41, 37, 0, 0, 45000, '2020-02-20 17:37:08', NULL, 2, 2020),
(42, 34, 0, 0, 100000, '2020-02-24 08:10:55', NULL, 2, 2020),
(43, 39, 0, 0, 17000, '2020-02-25 08:06:38', NULL, 2, 2020),
(44, 34, 0, 0, 50000, '2020-02-25 15:49:22', NULL, 2, 2020),
(45, 40, 0, 0, 20000, '2020-02-25 15:50:13', NULL, 2, 2020),
(46, 41, 0, 0, 40000, '2020-02-26 14:04:34', NULL, 2, 2020),
(47, 38, 0, 0, 1000000, '2020-02-28 11:28:57', NULL, 2, 2020),
(48, 42, 0, 0, 35000, '2020-02-28 11:41:44', NULL, 2, 2020),
(49, 39, 0, 0, 30000, '2020-03-18 09:22:20', NULL, 3, 2020),
(50, 39, 0, 0, 3000, '2020-03-27 09:53:14', NULL, 3, 2020),
(51, 44, 0, 0, 31000, '2020-03-27 09:53:21', NULL, 3, 2020),
(52, 42, 0, 0, 35000, '2020-03-27 09:53:27', NULL, 3, 2020),
(53, 43, 0, 0, 20000, '2020-03-27 10:11:52', NULL, 3, 2020),
(54, 45, 0, 0, 20000, '2020-03-27 10:12:12', NULL, 3, 2020),
(55, 46, 0, 0, 200000, '2020-03-28 14:09:42', NULL, 3, 2020),
(56, 47, 0, 0, 80000, '2020-05-04 12:03:02', NULL, 5, 2020),
(57, 48, 0, 0, 30000, '2020-06-20 09:57:06', NULL, 6, 2020),
(58, 49, 0, 0, 100000, '2020-06-27 09:33:43', NULL, 6, 2020),
(59, 50, 0, 0, 50000, '2020-07-24 14:04:01', NULL, 7, 2020),
(60, 51, 0, 0, 50000, '2020-07-28 09:24:39', NULL, 7, 2020),
(61, 52, 0, 0, 25000, '2020-08-01 08:42:50', NULL, 8, 2020),
(62, 53, 0, 0, 10000, '2020-09-11 07:04:38', NULL, 9, 2020),
(63, 54, 0, 0, 20000, '2020-09-11 07:04:51', NULL, 9, 2020),
(64, 55, 0, 0, 80000, '2020-09-23 15:51:27', NULL, 9, 2020),
(65, 57, 0, 0, 60000, '2020-09-25 14:53:35', NULL, 9, 2020),
(66, 56, 0, 0, 40000, '2020-09-26 08:01:52', NULL, 9, 2020),
(67, 58, 0, 0, 30000, '2020-10-03 08:38:29', NULL, 10, 2020),
(68, 58, 0, 0, 50000, '2020-10-06 08:12:01', NULL, 10, 2020),
(69, 58, 0, 0, 40000, '2020-10-10 07:47:01', NULL, 10, 2020),
(70, 59, 0, 0, 70000, '2020-10-10 07:48:11', NULL, 10, 2020),
(71, 60, 0, 0, 60000, '2020-10-10 07:49:22', NULL, 10, 2020),
(72, 61, 0, 0, 225000, '2020-10-26 09:29:49', NULL, 10, 2020),
(73, 14, 0, 0, 60000, '2020-10-27 09:36:18', NULL, 10, 2020),
(74, 62, 0, 0, 200000, '2020-10-29 09:05:59', NULL, 10, 2020),
(75, 63, 0, 0, 38800, '2020-10-29 09:47:48', NULL, 10, 2020),
(76, 18, 0, 0, 30000, '2020-11-16 09:37:13', NULL, 11, 2020),
(77, 64, 0, 0, 60000, '2020-11-19 12:39:18', NULL, 11, 2020),
(78, 65, 0, 0, 200000, '2020-11-27 12:24:26', NULL, 11, 2020),
(79, 66, 0, 0, 50000, '2020-12-08 09:12:35', NULL, 12, 2020),
(80, 67, 0, 0, 90000, '2020-12-17 10:15:43', NULL, 12, 2020),
(81, 68, 0, 0, 60000, '2021-01-23 12:30:25', NULL, 1, 2021),
(82, 69, 0, 0, 40000, '2021-01-30 11:49:10', NULL, 1, 2021),
(83, 70, 0, 0, 40000, '2021-02-01 10:02:39', NULL, 2, 2021),
(84, 71, 0, 0, 20000, '2021-02-05 13:04:53', NULL, 2, 2021),
(85, 72, 0, 0, 20000, '2021-02-05 13:05:07', NULL, 2, 2021),
(86, 73, 0, 0, 65000, '2021-02-05 13:06:32', NULL, 2, 2021),
(87, 74, 0, 0, 190000, '2021-02-12 14:00:56', NULL, 2, 2021),
(88, 75, 0, 0, 35000, '2021-02-12 14:27:25', NULL, 2, 2021),
(89, 76, 0, 0, 140000, '2021-02-16 11:36:04', NULL, 2, 2021),
(90, 77, 0, 0, 300000, '2021-02-26 10:39:17', NULL, 2, 2021),
(91, 77, 0, 0, 100000, '2021-02-27 11:44:08', NULL, 2, 2021),
(92, 78, 0, 0, 45000, '2021-03-26 11:19:40', NULL, 3, 2021),
(93, 80, 0, 0, 90000, '2021-03-29 11:03:37', NULL, 3, 2021),
(94, 81, 0, 0, 20000, '2021-03-29 11:37:38', NULL, 3, 2021),
(95, 81, 0, 0, 280000, '2021-04-02 13:20:50', NULL, 4, 2021),
(96, 82, 0, 0, 120000, '2021-04-02 13:22:35', NULL, 4, 2021),
(97, 83, 0, 0, 60000, '2021-04-02 13:38:56', NULL, 4, 2021),
(98, 84, 0, 0, 45000, '2021-04-14 10:09:30', NULL, 4, 2021),
(99, 85, 0, 0, 53500, '2021-04-14 10:13:51', NULL, 4, 2021),
(100, 86, 0, 0, 50000, '2021-04-17 12:13:13', NULL, 4, 2021),
(101, 79, 0, 0, 10000, '2021-04-28 11:09:22', NULL, 4, 2021),
(102, 87, 0, 0, 300000, '2021-04-28 11:12:04', NULL, 4, 2021),
(103, 87, 0, 0, 140000, '2021-04-28 11:12:27', NULL, 4, 2021),
(104, 86, 0, 0, 80000, '2021-04-28 11:14:23', NULL, 4, 2021),
(105, 86, 0, 0, 30000, '2021-04-28 11:16:51', NULL, 4, 2021),
(106, 88, 0, 0, 170000, '2021-04-29 08:27:32', NULL, 4, 2021),
(107, 89, 0, 0, 40000, '2021-07-02 10:29:06', NULL, 7, 2021),
(108, 90, 0, 0, 100000, '2021-07-02 10:33:45', NULL, 7, 2021),
(109, 91, 0, 0, 550000, '2021-07-07 11:37:53', NULL, 7, 2021),
(110, 93, 0, 0, 60000, '2021-08-03 11:13:49', NULL, 8, 2021),
(111, 94, 0, 0, 50000, '2021-08-23 09:08:03', NULL, 8, 2021),
(112, 94, 0, 0, 50000, '2021-08-28 11:10:24', NULL, 8, 2021),
(113, 96, 0, 0, 70000, '2021-09-09 08:52:41', NULL, 9, 2021),
(114, 97, 0, 0, 500000, '2021-09-09 08:39:53', NULL, 9, 2021),
(115, 92, 0, 0, 350000, '2021-09-21 13:56:15', NULL, 9, 2021),
(116, 98, 0, 0, 250000, '2021-09-27 09:36:06', NULL, 9, 2021),
(117, 99, 0, 0, 300000, '2021-09-27 09:37:02', NULL, 9, 2021),
(118, 101, 0, 0, 150000, '2021-09-27 09:37:31', NULL, 9, 2021),
(119, 102, 0, 0, 80000, '2021-09-27 09:39:46', NULL, 9, 2021),
(120, 102, 0, 0, 22000, '2021-09-30 11:13:44', NULL, 9, 2021),
(121, 101, 0, 0, 325000, '2021-11-08 15:48:52', NULL, 11, 2021),
(122, 103, 0, 0, 100000, '2021-11-22 12:56:36', NULL, 11, 2021),
(123, 89, 0, 0, 4000, '2021-11-22 13:09:59', NULL, 11, 2021),
(124, 95, 0, 0, 37000, '2021-11-22 13:10:51', NULL, 11, 2021),
(125, 103, 0, 0, 75000, '2021-11-29 08:52:32', NULL, 11, 2021),
(126, 106, 0, 0, 100000, '2021-11-29 08:54:02', NULL, 11, 2021),
(127, 107, 0, 0, 50000, '2021-12-17 11:42:43', NULL, 12, 2021),
(128, 107, 0, 0, 50000, '2021-12-22 17:06:44', NULL, 12, 2021),
(129, 108, 0, 0, 100000, '2021-12-22 17:08:05', NULL, 12, 2021),
(130, 109, 0, 0, 250000, '2021-12-23 17:05:44', NULL, 12, 2021),
(131, 104, 0, 0, 125000, '2021-12-23 17:06:04', NULL, 12, 2021),
(132, 110, 0, 0, 75000, '2021-12-27 16:40:05', NULL, 12, 2021),
(133, 111, 0, 0, 250000, '2021-12-29 11:26:13', NULL, 12, 2021),
(134, 112, 0, 0, 20000, '2021-12-29 11:28:09', NULL, 12, 2021),
(135, 108, 0, 0, 400000, '2021-12-30 12:36:44', NULL, 12, 2021),
(136, 107, 0, 0, 20000, '2021-12-30 12:36:54', NULL, 12, 2021),
(137, 107, 0, 0, 30000, '2021-12-30 12:37:21', NULL, 12, 2021),
(138, 113, 0, 0, 120000, '2022-01-04 16:40:36', NULL, 1, 2022),
(139, 90, 0, 0, 5000, '2022-01-04 16:40:55', NULL, 1, 2022),
(140, 114, 0, 0, 30000, '2022-01-07 11:36:22', NULL, 1, 2022),
(141, 115, 0, 0, 150000, '2022-01-18 12:22:12', NULL, 1, 2022),
(142, 116, 0, 0, 250000, '2022-01-18 13:09:48', NULL, 1, 2022),
(143, 115, 0, 0, 18000, '2022-01-19 15:21:52', NULL, 1, 2022),
(144, 117, 0, 0, 15000, '2022-01-27 08:44:53', NULL, 1, 2022),
(145, 117, 0, 0, 335000, '2022-01-28 13:01:10', NULL, 1, 2022),
(146, 120, 0, 0, 5000, '2022-02-17 14:56:00', NULL, 2, 2022),
(147, 121, 0, 0, 5000, '2022-02-19 12:12:05', NULL, 2, 2022),
(148, 125, 0, 0, 20000, '2022-02-28 09:41:06', NULL, 2, 2022),
(149, 125, 0, 0, 145000, '2022-03-01 16:51:27', NULL, 3, 2022),
(150, 126, 0, 0, 120000, '2022-03-01 16:53:03', NULL, 3, 2022),
(151, 127, 0, 0, 150000, '2022-03-09 08:57:28', NULL, 3, 2022),
(152, 127, 0, 0, 140000, '2022-03-16 14:34:02', NULL, 3, 2022),
(153, 122, 0, 0, 10000, '2022-03-16 14:38:58', NULL, 3, 2022),
(154, 124, 0, 0, 250000, '2022-03-17 12:20:23', NULL, 3, 2022),
(155, 119, 0, 0, 50000, '2022-03-17 12:20:34', NULL, 3, 2022),
(156, 118, 0, 0, 125000, '2022-03-25 08:48:15', NULL, 3, 2022),
(157, 119, 0, 0, 75000, '2022-03-25 08:48:29', NULL, 3, 2022),
(158, 123, 0, 0, 125000, '2022-03-25 08:48:47', NULL, 3, 2022),
(159, 127, 0, 0, 10000, '2022-03-26 13:28:09', NULL, 3, 2022),
(160, 128, 0, 0, 180000, '2022-03-26 13:31:02', NULL, 3, 2022),
(161, 129, 0, 0, 90000, '2022-03-26 13:31:33', NULL, 3, 2022),
(162, 130, 0, 0, 390000, '2022-03-26 13:33:13', NULL, 3, 2022),
(163, 130, 0, 0, 57000, '2022-04-06 11:33:18', NULL, 4, 2022),
(164, 131, 0, 0, 90000, '2022-04-09 12:15:02', NULL, 4, 2022),
(165, 133, 0, 0, 370000, '2022-05-02 12:24:12', NULL, 5, 2022),
(166, 134, 0, 0, 1200000, '2022-05-06 15:03:44', NULL, 5, 2022),
(167, 135, 0, 0, 50000, '2022-07-20 10:40:53', NULL, 7, 2022),
(168, 136, 0, 0, 50000, '2022-07-23 10:16:53', NULL, 7, 2022),
(169, 105, 0, 0, 105000, '2022-07-23 10:17:17', NULL, 7, 2022),
(170, 137, 0, 0, 50000, '2022-08-01 15:31:34', NULL, 8, 2022),
(171, 135, 0, 0, 100000, '2022-09-02 15:09:11', NULL, 9, 2022),
(172, 138, 0, 0, 200000, '2022-09-02 17:43:48', NULL, 9, 2022),
(173, 14, 0, 0, 140000, '2022-09-03 16:46:59', NULL, 9, 2022),
(174, 139, 0, 0, 100000, '2022-09-03 16:47:39', NULL, 9, 2022),
(175, 139, 0, 0, 50000, '2022-09-21 16:41:02', NULL, 9, 2022),
(176, 140, 0, 0, 75000, '2022-09-22 15:39:30', NULL, 9, 2022),
(177, 138, 0, 0, 10000, '2022-09-22 15:39:46', NULL, 9, 2022),
(178, 141, 0, 0, 200000, '2022-10-05 14:36:40', NULL, 10, 2022),
(179, 143, 0, 0, 150000, '2022-10-18 07:54:35', NULL, 10, 2022),
(180, 41, 0, 0, 360000, '2022-10-18 07:54:58', NULL, 10, 2022),
(181, 40, 0, 0, 40000, '2022-10-18 07:55:09', NULL, 10, 2022),
(182, 144, 0, 0, 30000, '2022-11-02 16:47:24', NULL, 11, 2022),
(183, 145, 0, 0, 200000, '2022-11-03 15:15:24', NULL, 11, 2022),
(184, 142, 0, 0, 75000, '2022-12-03 09:14:27', NULL, 12, 2022),
(185, 146, 0, 0, 200000, '2022-12-05 12:46:07', NULL, 12, 2022),
(186, 148, 0, 0, 100000, '2022-12-10 10:27:12', NULL, 12, 2022),
(187, 147, 0, 0, 25000, '2022-12-15 09:05:15', NULL, 12, 2022),
(188, 149, 0, 0, 80000, '2022-12-15 09:05:53', NULL, 12, 2022),
(189, 151, 0, 0, 85000, '2022-12-21 08:12:17', NULL, 12, 2022),
(190, 144, 0, 0, 5000, '2022-12-21 08:13:02', NULL, 12, 2022),
(191, 150, 0, 0, 150000, '2022-12-31 10:08:14', NULL, 12, 2022),
(192, 150, 0, 0, 250000, '2022-12-31 10:10:42', NULL, 12, 2022),
(193, 154, 0, 0, 200000, '2022-12-31 10:12:26', NULL, 12, 2022),
(194, 153, 0, 0, 160000, '2023-01-17 09:12:30', NULL, 1, 2023),
(195, 155, 0, 0, 200000, '2023-01-25 12:38:39', NULL, 1, 2023),
(196, 156, 0, 0, 100000, '2023-01-25 12:39:50', NULL, 1, 2023),
(197, 151, 0, 0, 5000, '2023-02-02 14:45:39', NULL, 2, 2023),
(198, 149, 0, 0, 5000, '2023-02-02 14:45:49', NULL, 2, 2023),
(199, 157, 0, 0, 400000, '2023-02-02 14:46:54', NULL, 2, 2023),
(200, 157, 0, 0, 150000, '2023-02-03 12:47:43', NULL, 2, 2023),
(201, 158, 0, 0, 50000, '2023-02-03 12:47:51', NULL, 2, 2023),
(202, 159, 0, 0, 105000, '2023-02-11 08:30:35', NULL, 2, 2023),
(203, 160, 0, 0, 127500, '2023-02-11 08:30:51', NULL, 2, 2023),
(204, 161, 26, 600, 16000, '2023-02-19 13:00:43', '2023-02-19 13:00:43', 2, 2023);

-- --------------------------------------------------------

--
-- Structure de la table `phinxlog`
--

CREATE TABLE `phinxlog` (
  `version` bigint(20) NOT NULL,
  `start_time` timestamp NOT NULL DEFAULT current_timestamp(),
  `end_time` timestamp NOT NULL DEFAULT current_timestamp()
) ENGINE=InnoDB DEFAULT CHARSET=utf8;

-- --------------------------------------------------------

--
-- Structure de la table `preferences`
--

CREATE TABLE `preferences` (
  `id` int(11) NOT NULL,
  `nom` varchar(100) NOT NULL,
  `telephone` varchar(20) NOT NULL,
  `adresse` varchar(100) NOT NULL,
  `mobile` varchar(20) NOT NULL,
  `email` varchar(100) NOT NULL,
  `siteweb` varchar(100) NOT NULL,
  `annee` int(11) NOT NULL,
  `fact_indice` int(11) NOT NULL,
  `entree_indice` int(11) NOT NULL,
  `logo` varchar(255) NOT NULL,
  `entete` varchar(255) NOT NULL
) ENGINE=InnoDB DEFAULT CHARSET=latin1;

--
-- Déchargement des données de la table `preferences`
--

INSERT INTO `preferences` (`id`, `nom`, `telephone`, `adresse`, `mobile`, `email`, `siteweb`, `annee`, `fact_indice`, `entree_indice`, `logo`, `entete`) VALUES
(1, 'ETABLISSEMENT CHRISTEVIE', '+2420664782898', 'MAHOUATA, Pointe-Noire, Rep. Congo', '+242054787372', '', '', 2023, 28, 134, 'logo/logo.png', 'logo/entete.png');

-- --------------------------------------------------------

--
-- Structure de la table `roles`
--

CREATE TABLE `roles` (
  `id` int(11) NOT NULL,
  `name` varchar(100) NOT NULL
) ENGINE=InnoDB DEFAULT CHARSET=latin1;

--
-- Déchargement des données de la table `roles`
--

INSERT INTO `roles` (`id`, `name`) VALUES
(1, 'Administrateur'),
(2, 'User');

-- --------------------------------------------------------

--
-- Structure de la table `users`
--

CREATE TABLE `users` (
  `id` int(11) NOT NULL,
  `username` varchar(100) NOT NULL,
  `password` varchar(255) NOT NULL,
  `role_id` int(11) NOT NULL,
  `nom` varchar(100) NOT NULL,
  `prenom` varchar(100) NOT NULL,
  `adresse` varchar(100) NOT NULL,
  `telephone` varchar(30) NOT NULL,
  `email` varchar(30) NOT NULL
) ENGINE=InnoDB DEFAULT CHARSET=latin1;

--
-- Déchargement des données de la table `users`
--

INSERT INTO `users` (`id`, `username`, `password`, `role_id`, `nom`, `prenom`, `adresse`, `telephone`, `email`) VALUES
(1, 'haisen', '$2y$10$hy1ttswZOtYifRIkknZyS.PYEVYIWQFz1ycLQ0ADs9m5tw.hbfBBq', 1, '', '', '', '', ''),
(2, 'user', '$2y$10$hy1ttswZOtYifRIkknZyS.PYEVYIWQFz1ycLQ0ADs9m5tw.hbfBBq', 1, '', '', '', '', ''),
(3, 'basil', '$2y$10$hy1ttswZOtYifRIkknZyS.PYEVYIWQFz1ycLQ0ADs9m5tw.hbfBBq', 1, '', '', '', '', '');

--
-- Index pour les tables déchargées
--

--
-- Index pour la table `approvisionnements`
--
ALTER TABLE `approvisionnements`
  ADD PRIMARY KEY (`id`);

--
-- Index pour la table `articles`
--
ALTER TABLE `articles`
  ADD PRIMARY KEY (`id`);

--
-- Index pour la table `categories`
--
ALTER TABLE `categories`
  ADD PRIMARY KEY (`id`);

--
-- Index pour la table `clients`
--
ALTER TABLE `clients`
  ADD PRIMARY KEY (`id`);

--
-- Index pour la table `commerciales`
--
ALTER TABLE `commerciales`
  ADD PRIMARY KEY (`id`);

--
-- Index pour la table `commissions`
--
ALTER TABLE `commissions`
  ADD PRIMARY KEY (`id`);

--
-- Index pour la table `delais`
--
ALTER TABLE `delais`
  ADD PRIMARY KEY (`id`);

--
-- Index pour la table `depenses`
--
ALTER TABLE `depenses`
  ADD PRIMARY KEY (`id`);

--
-- Index pour la table `deptypes`
--
ALTER TABLE `deptypes`
  ADD PRIMARY KEY (`id`);

--
-- Index pour la table `entrees`
--
ALTER TABLE `entrees`
  ADD PRIMARY KEY (`id`);

--
-- Index pour la table `f19actures`
--
ALTER TABLE `f19actures`
  ADD PRIMARY KEY (`id`);

--
-- Index pour la table `factures`
--
ALTER TABLE `factures`
  ADD PRIMARY KEY (`id`);

--
-- Index pour la table `factures_old`
--
ALTER TABLE `factures_old`
  ADD PRIMARY KEY (`id`);

--
-- Index pour la table `l19ignes`
--
ALTER TABLE `l19ignes`
  ADD PRIMARY KEY (`id`);

--
-- Index pour la table `lignes`
--
ALTER TABLE `lignes`
  ADD PRIMARY KEY (`id`);

--
-- Index pour la table `lignes_old`
--
ALTER TABLE `lignes_old`
  ADD PRIMARY KEY (`id`);

--
-- Index pour la table `mois`
--
ALTER TABLE `mois`
  ADD PRIMARY KEY (`id`);

--
-- Index pour la table `paiements`
--
ALTER TABLE `paiements`
  ADD PRIMARY KEY (`id`);

--
-- Index pour la table `pcommissions`
--
ALTER TABLE `pcommissions`
  ADD PRIMARY KEY (`id`);

--
-- Index pour la table `phinxlog`
--
ALTER TABLE `phinxlog`
  ADD PRIMARY KEY (`version`);

--
-- Index pour la table `preferences`
--
ALTER TABLE `preferences`
  ADD PRIMARY KEY (`id`);

--
-- Index pour la table `roles`
--
ALTER TABLE `roles`
  ADD PRIMARY KEY (`id`);

--
-- Index pour la table `users`
--
ALTER TABLE `users`
  ADD PRIMARY KEY (`id`);

--
-- AUTO_INCREMENT pour les tables déchargées
--

--
-- AUTO_INCREMENT pour la table `approvisionnements`
--
ALTER TABLE `approvisionnements`
  MODIFY `id` int(11) NOT NULL AUTO_INCREMENT, AUTO_INCREMENT=202;

--
-- AUTO_INCREMENT pour la table `articles`
--
ALTER TABLE `articles`
  MODIFY `id` int(11) NOT NULL AUTO_INCREMENT, AUTO_INCREMENT=548;

--
-- AUTO_INCREMENT pour la table `categories`
--
ALTER TABLE `categories`
  MODIFY `id` int(11) NOT NULL AUTO_INCREMENT, AUTO_INCREMENT=15;

--
-- AUTO_INCREMENT pour la table `clients`
--
ALTER TABLE `clients`
  MODIFY `id` int(11) NOT NULL AUTO_INCREMENT, AUTO_INCREMENT=165;

--
-- AUTO_INCREMENT pour la table `commerciales`
--
ALTER TABLE `commerciales`
  MODIFY `id` int(11) NOT NULL AUTO_INCREMENT, AUTO_INCREMENT=30;

--
-- AUTO_INCREMENT pour la table `commissions`
--
ALTER TABLE `commissions`
  MODIFY `id` int(11) NOT NULL AUTO_INCREMENT, AUTO_INCREMENT=162;

--
-- AUTO_INCREMENT pour la table `delais`
--
ALTER TABLE `delais`
  MODIFY `id` int(11) NOT NULL AUTO_INCREMENT, AUTO_INCREMENT=8;

--
-- AUTO_INCREMENT pour la table `depenses`
--
ALTER TABLE `depenses`
  MODIFY `id` int(11) NOT NULL AUTO_INCREMENT, AUTO_INCREMENT=123;

--
-- AUTO_INCREMENT pour la table `deptypes`
--
ALTER TABLE `deptypes`
  MODIFY `id` int(11) NOT NULL AUTO_INCREMENT, AUTO_INCREMENT=10;

--
-- AUTO_INCREMENT pour la table `entrees`
--
ALTER TABLE `entrees`
  MODIFY `id` int(11) NOT NULL AUTO_INCREMENT, AUTO_INCREMENT=128;

--
-- AUTO_INCREMENT pour la table `f19actures`
--
ALTER TABLE `f19actures`
  MODIFY `id` int(11) NOT NULL AUTO_INCREMENT, AUTO_INCREMENT=541;

--
-- AUTO_INCREMENT pour la table `factures`
--
ALTER TABLE `factures`
  MODIFY `id` int(11) NOT NULL AUTO_INCREMENT, AUTO_INCREMENT=1214;

--
-- AUTO_INCREMENT pour la table `factures_old`
--
ALTER TABLE `factures_old`
  MODIFY `id` int(11) NOT NULL AUTO_INCREMENT, AUTO_INCREMENT=581;

--
-- AUTO_INCREMENT pour la table `l19ignes`
--
ALTER TABLE `l19ignes`
  MODIFY `id` int(11) NOT NULL AUTO_INCREMENT, AUTO_INCREMENT=2140;

--
-- AUTO_INCREMENT pour la table `lignes`
--
ALTER TABLE `lignes`
  MODIFY `id` int(11) NOT NULL AUTO_INCREMENT, AUTO_INCREMENT=5086;

--
-- AUTO_INCREMENT pour la table `lignes_old`
--
ALTER TABLE `lignes_old`
  MODIFY `id` int(11) NOT NULL AUTO_INCREMENT, AUTO_INCREMENT=2199;

--
-- AUTO_INCREMENT pour la table `mois`
--
ALTER TABLE `mois`
  MODIFY `id` int(11) NOT NULL AUTO_INCREMENT, AUTO_INCREMENT=13;

--
-- AUTO_INCREMENT pour la table `paiements`
--
ALTER TABLE `paiements`
  MODIFY `id` int(11) NOT NULL AUTO_INCREMENT, AUTO_INCREMENT=1097;

--
-- AUTO_INCREMENT pour la table `pcommissions`
--
ALTER TABLE `pcommissions`
  MODIFY `id` int(11) NOT NULL AUTO_INCREMENT, AUTO_INCREMENT=205;

--
-- AUTO_INCREMENT pour la table `preferences`
--
ALTER TABLE `preferences`
  MODIFY `id` int(11) NOT NULL AUTO_INCREMENT, AUTO_INCREMENT=2;

--
-- AUTO_INCREMENT pour la table `roles`
--
ALTER TABLE `roles`
  MODIFY `id` int(11) NOT NULL AUTO_INCREMENT, AUTO_INCREMENT=3;

--
-- AUTO_INCREMENT pour la table `users`
--
ALTER TABLE `users`
  MODIFY `id` int(11) NOT NULL AUTO_INCREMENT, AUTO_INCREMENT=4;
COMMIT;

/*!40101 SET CHARACTER_SET_CLIENT=@OLD_CHARACTER_SET_CLIENT */;
/*!40101 SET CHARACTER_SET_RESULTS=@OLD_CHARACTER_SET_RESULTS */;
/*!40101 SET COLLATION_CONNECTION=@OLD_COLLATION_CONNECTION */;
